source_group,week_start,complete_week,concept,count,per_1000_words
irgc_affiliated,2025-12-29,False,مقاومت عراق / حشد شعبی,4,0.079
irgc_affiliated,2025-12-29,False,مجاهدین خلق,1,0.02
irgc_affiliated,2025-12-29,False,امارات,18,0.354
irgc_affiliated,2025-12-29,False,جمهوری آذربایجان,1,0.02
irgc_affiliated,2025-12-29,False,کتائب حزب‌الله,0,0.0
irgc_affiliated,2025-12-29,False,آذربایجان شرقی/غربی (Iranian provinces),2,0.039
irgc_affiliated,2025-12-29,False,اتحادیه اروپا,5,0.098
irgc_affiliated,2025-12-29,False,فلسطین اشغالی (Israel),7,0.138
irgc_affiliated,2025-12-29,False,عربستان,23,0.453
irgc_affiliated,2025-12-29,False,سلطنت‌طلبان,0,0.0
irgc_affiliated,2025-12-29,False,جهاد اسلامی,0,0.0
irgc_affiliated,2025-12-29,False,"دریای عمان (sea, not the country)",0,0.0
irgc_affiliated,2025-12-29,False,انصارالله / حوثی‌ها,3,0.059
irgc_affiliated,2025-12-29,False,جیش‌العدل,0,0.0
irgc_affiliated,2025-12-29,False,افغانستان,1,0.02
irgc_affiliated,2025-12-29,False,رضا پهلوی,2,0.039
irgc_affiliated,2025-12-29,False,انگلیس,3,0.059
irgc_affiliated,2025-12-29,False,حزب‌الله,6,0.118
irgc_affiliated,2025-12-29,False,هند,7,0.138
irgc_affiliated,2025-12-29,False,اسپانیا,0,0.0
irgc_affiliated,2025-12-29,False,ونزوئلا,197,3.88
irgc_affiliated,2025-12-29,False,پاکستان,1,0.02
irgc_affiliated,2025-12-29,False,ایتالیا,1,0.02
irgc_affiliated,2025-12-29,False,اوکراین,5,0.098
irgc_affiliated,2025-12-29,False,طالبان,0,0.0
irgc_affiliated,2025-12-29,False,فرانسه,7,0.138
irgc_affiliated,2025-12-29,False,فلسطین,7,0.138
irgc_affiliated,2025-12-29,False,بحرین,0,0.0
irgc_affiliated,2025-12-29,False,سوریه,10,0.197
irgc_affiliated,2025-12-29,False,کومله,2,0.039
irgc_affiliated,2025-12-29,False,لبنان,21,0.414
irgc_affiliated,2025-12-29,False,ترکیه,1,0.02
irgc_affiliated,2025-12-29,False,روسیه,22,0.433
irgc_affiliated,2025-12-29,False,آلمان,3,0.059
irgc_affiliated,2025-12-29,False,عمان,0,0.0
irgc_affiliated,2025-12-29,False,اردن,0,0.0
irgc_affiliated,2025-12-29,False,عراق,24,0.473
irgc_affiliated,2025-12-29,False,حماس,5,0.098
irgc_affiliated,2025-12-29,False,کویت,0,0.0
irgc_affiliated,2025-12-29,False,داعش,11,0.217
irgc_affiliated,2025-12-29,False,پژاک,0,0.0
irgc_affiliated,2025-12-29,False,ژاپن,0,0.0
irgc_affiliated,2025-12-29,False,یمن,12,0.236
irgc_affiliated,2025-12-29,False,چین,12,0.236
irgc_affiliated,2025-12-29,False,غزه,33,0.65
irgc_affiliated,2025-12-29,False,قطر,1,0.02
irgc_affiliated,2026-01-05,True,مقاومت عراق / حشد شعبی,1,0.013
irgc_affiliated,2026-01-05,True,مجاهدین خلق,0,0.0
irgc_affiliated,2026-01-05,True,امارات,8,0.107
irgc_affiliated,2026-01-05,True,جمهوری آذربایجان,7,0.094
irgc_affiliated,2026-01-05,True,کتائب حزب‌الله,0,0.0
irgc_affiliated,2026-01-05,True,آذربایجان شرقی/غربی (Iranian provinces),5,0.067
irgc_affiliated,2026-01-05,True,اتحادیه اروپا,5,0.067
irgc_affiliated,2026-01-05,True,فلسطین اشغالی (Israel),2,0.027
irgc_affiliated,2026-01-05,True,عربستان,13,0.174
irgc_affiliated,2026-01-05,True,سلطنت‌طلبان,4,0.054
irgc_affiliated,2026-01-05,True,جهاد اسلامی,0,0.0
irgc_affiliated,2026-01-05,True,"دریای عمان (sea, not the country)",0,0.0
irgc_affiliated,2026-01-05,True,انصارالله / حوثی‌ها,0,0.0
irgc_affiliated,2026-01-05,True,جیش‌العدل,1,0.013
irgc_affiliated,2026-01-05,True,افغانستان,0,0.0
irgc_affiliated,2026-01-05,True,رضا پهلوی,12,0.161
irgc_affiliated,2026-01-05,True,انگلیس,5,0.067
irgc_affiliated,2026-01-05,True,حزب‌الله,4,0.054
irgc_affiliated,2026-01-05,True,هند,3,0.04
irgc_affiliated,2026-01-05,True,اسپانیا,5,0.067
irgc_affiliated,2026-01-05,True,ونزوئلا,129,1.73
irgc_affiliated,2026-01-05,True,پاکستان,5,0.067
irgc_affiliated,2026-01-05,True,ایتالیا,0,0.0
irgc_affiliated,2026-01-05,True,اوکراین,6,0.08
irgc_affiliated,2026-01-05,True,طالبان,0,0.0
irgc_affiliated,2026-01-05,True,فرانسه,5,0.067
irgc_affiliated,2026-01-05,True,فلسطین,1,0.013
irgc_affiliated,2026-01-05,True,بحرین,0,0.0
irgc_affiliated,2026-01-05,True,سوریه,20,0.268
irgc_affiliated,2026-01-05,True,کومله,3,0.04
irgc_affiliated,2026-01-05,True,لبنان,61,0.818
irgc_affiliated,2026-01-05,True,ترکیه,11,0.148
irgc_affiliated,2026-01-05,True,روسیه,23,0.308
irgc_affiliated,2026-01-05,True,آلمان,5,0.067
irgc_affiliated,2026-01-05,True,عمان,19,0.255
irgc_affiliated,2026-01-05,True,اردن,2,0.027
irgc_affiliated,2026-01-05,True,عراق,20,0.268
irgc_affiliated,2026-01-05,True,حماس,1,0.013
irgc_affiliated,2026-01-05,True,کویت,2,0.027
irgc_affiliated,2026-01-05,True,داعش,6,0.08
irgc_affiliated,2026-01-05,True,پژاک,4,0.054
irgc_affiliated,2026-01-05,True,ژاپن,1,0.013
irgc_affiliated,2026-01-05,True,یمن,23,0.308
irgc_affiliated,2026-01-05,True,چین,33,0.443
irgc_affiliated,2026-01-05,True,غزه,9,0.121
irgc_affiliated,2026-01-05,True,قطر,16,0.215
irgc_affiliated,2026-01-12,True,مقاومت عراق / حشد شعبی,0,0.0
irgc_affiliated,2026-01-12,True,مجاهدین خلق,0,0.0
irgc_affiliated,2026-01-12,True,امارات,7,0.135
irgc_affiliated,2026-01-12,True,جمهوری آذربایجان,3,0.058
irgc_affiliated,2026-01-12,True,کتائب حزب‌الله,0,0.0
irgc_affiliated,2026-01-12,True,آذربایجان شرقی/غربی (Iranian provinces),3,0.058
irgc_affiliated,2026-01-12,True,اتحادیه اروپا,19,0.366
irgc_affiliated,2026-01-12,True,فلسطین اشغالی (Israel),1,0.019
irgc_affiliated,2026-01-12,True,عربستان,14,0.27
irgc_affiliated,2026-01-12,True,سلطنت‌طلبان,2,0.039
irgc_affiliated,2026-01-12,True,جهاد اسلامی,0,0.0
irgc_affiliated,2026-01-12,True,"دریای عمان (sea, not the country)",0,0.0
irgc_affiliated,2026-01-12,True,انصارالله / حوثی‌ها,4,0.077
irgc_affiliated,2026-01-12,True,جیش‌العدل,0,0.0
irgc_affiliated,2026-01-12,True,افغانستان,0,0.0
irgc_affiliated,2026-01-12,True,رضا پهلوی,18,0.347
irgc_affiliated,2026-01-12,True,انگلیس,14,0.27
irgc_affiliated,2026-01-12,True,حزب‌الله,4,0.077
irgc_affiliated,2026-01-12,True,هند,5,0.096
irgc_affiliated,2026-01-12,True,اسپانیا,2,0.039
irgc_affiliated,2026-01-12,True,ونزوئلا,19,0.366
irgc_affiliated,2026-01-12,True,پاکستان,11,0.212
irgc_affiliated,2026-01-12,True,ایتالیا,3,0.058
irgc_affiliated,2026-01-12,True,اوکراین,1,0.019
irgc_affiliated,2026-01-12,True,طالبان,0,0.0
irgc_affiliated,2026-01-12,True,فرانسه,8,0.154
irgc_affiliated,2026-01-12,True,فلسطین,3,0.058
irgc_affiliated,2026-01-12,True,بحرین,0,0.0
irgc_affiliated,2026-01-12,True,سوریه,12,0.231
irgc_affiliated,2026-01-12,True,کومله,5,0.096
irgc_affiliated,2026-01-12,True,لبنان,22,0.424
irgc_affiliated,2026-01-12,True,ترکیه,9,0.173
irgc_affiliated,2026-01-12,True,روسیه,46,0.887
irgc_affiliated,2026-01-12,True,آلمان,10,0.193
irgc_affiliated,2026-01-12,True,عمان,2,0.039
irgc_affiliated,2026-01-12,True,اردن,1,0.019
irgc_affiliated,2026-01-12,True,عراق,37,0.713
irgc_affiliated,2026-01-12,True,حماس,3,0.058
irgc_affiliated,2026-01-12,True,کویت,0,0.0
irgc_affiliated,2026-01-12,True,داعش,13,0.251
irgc_affiliated,2026-01-12,True,پژاک,2,0.039
irgc_affiliated,2026-01-12,True,ژاپن,1,0.019
irgc_affiliated,2026-01-12,True,یمن,5,0.096
irgc_affiliated,2026-01-12,True,چین,21,0.405
irgc_affiliated,2026-01-12,True,غزه,20,0.385
irgc_affiliated,2026-01-12,True,قطر,9,0.173
irgc_affiliated,2026-01-19,True,مقاومت عراق / حشد شعبی,2,0.026
irgc_affiliated,2026-01-19,True,مجاهدین خلق,4,0.052
irgc_affiliated,2026-01-19,True,امارات,7,0.091
irgc_affiliated,2026-01-19,True,جمهوری آذربایجان,14,0.183
irgc_affiliated,2026-01-19,True,کتائب حزب‌الله,4,0.052
irgc_affiliated,2026-01-19,True,آذربایجان شرقی/غربی (Iranian provinces),6,0.078
irgc_affiliated,2026-01-19,True,اتحادیه اروپا,46,0.6
irgc_affiliated,2026-01-19,True,فلسطین اشغالی (Israel),0,0.0
irgc_affiliated,2026-01-19,True,عربستان,15,0.196
irgc_affiliated,2026-01-19,True,سلطنت‌طلبان,8,0.104
irgc_affiliated,2026-01-19,True,جهاد اسلامی,1,0.013
irgc_affiliated,2026-01-19,True,"دریای عمان (sea, not the country)",0,0.0
irgc_affiliated,2026-01-19,True,انصارالله / حوثی‌ها,1,0.013
irgc_affiliated,2026-01-19,True,جیش‌العدل,0,0.0
irgc_affiliated,2026-01-19,True,افغانستان,7,0.091
irgc_affiliated,2026-01-19,True,رضا پهلوی,18,0.235
irgc_affiliated,2026-01-19,True,انگلیس,16,0.209
irgc_affiliated,2026-01-19,True,حزب‌الله,5,0.065
irgc_affiliated,2026-01-19,True,هند,3,0.039
irgc_affiliated,2026-01-19,True,اسپانیا,5,0.065
irgc_affiliated,2026-01-19,True,ونزوئلا,20,0.261
irgc_affiliated,2026-01-19,True,پاکستان,13,0.17
irgc_affiliated,2026-01-19,True,ایتالیا,0,0.0
irgc_affiliated,2026-01-19,True,اوکراین,19,0.248
irgc_affiliated,2026-01-19,True,طالبان,2,0.026
irgc_affiliated,2026-01-19,True,فرانسه,20,0.261
irgc_affiliated,2026-01-19,True,فلسطین,9,0.117
irgc_affiliated,2026-01-19,True,بحرین,1,0.013
irgc_affiliated,2026-01-19,True,سوریه,55,0.718
irgc_affiliated,2026-01-19,True,کومله,1,0.013
irgc_affiliated,2026-01-19,True,لبنان,22,0.287
irgc_affiliated,2026-01-19,True,ترکیه,32,0.418
irgc_affiliated,2026-01-19,True,روسیه,32,0.418
irgc_affiliated,2026-01-19,True,آلمان,4,0.052
irgc_affiliated,2026-01-19,True,عمان,0,0.0
irgc_affiliated,2026-01-19,True,اردن,2,0.026
irgc_affiliated,2026-01-19,True,عراق,39,0.509
irgc_affiliated,2026-01-19,True,حماس,2,0.026
irgc_affiliated,2026-01-19,True,کویت,0,0.0
irgc_affiliated,2026-01-19,True,داعش,27,0.352
irgc_affiliated,2026-01-19,True,پژاک,0,0.0
irgc_affiliated,2026-01-19,True,ژاپن,2,0.026
irgc_affiliated,2026-01-19,True,یمن,14,0.183
irgc_affiliated,2026-01-19,True,چین,24,0.313
irgc_affiliated,2026-01-19,True,غزه,32,0.418
irgc_affiliated,2026-01-19,True,قطر,10,0.13
irgc_affiliated,2026-01-26,True,مقاومت عراق / حشد شعبی,3,0.036
irgc_affiliated,2026-01-26,True,مجاهدین خلق,0,0.0
irgc_affiliated,2026-01-26,True,امارات,19,0.227
irgc_affiliated,2026-01-26,True,جمهوری آذربایجان,13,0.155
irgc_affiliated,2026-01-26,True,کتائب حزب‌الله,0,0.0
irgc_affiliated,2026-01-26,True,آذربایجان شرقی/غربی (Iranian provinces),2,0.024
irgc_affiliated,2026-01-26,True,اتحادیه اروپا,108,1.29
irgc_affiliated,2026-01-26,True,فلسطین اشغالی (Israel),9,0.108
irgc_affiliated,2026-01-26,True,عربستان,25,0.299
irgc_affiliated,2026-01-26,True,سلطنت‌طلبان,2,0.024
irgc_affiliated,2026-01-26,True,جهاد اسلامی,0,0.0
irgc_affiliated,2026-01-26,True,"دریای عمان (sea, not the country)",1,0.012
irgc_affiliated,2026-01-26,True,انصارالله / حوثی‌ها,7,0.084
irgc_affiliated,2026-01-26,True,جیش‌العدل,0,0.0
irgc_affiliated,2026-01-26,True,افغانستان,1,0.012
irgc_affiliated,2026-01-26,True,رضا پهلوی,10,0.119
irgc_affiliated,2026-01-26,True,انگلیس,14,0.167
irgc_affiliated,2026-01-26,True,حزب‌الله,16,0.191
irgc_affiliated,2026-01-26,True,هند,21,0.251
irgc_affiliated,2026-01-26,True,اسپانیا,1,0.012
irgc_affiliated,2026-01-26,True,ونزوئلا,28,0.335
irgc_affiliated,2026-01-26,True,پاکستان,13,0.155
irgc_affiliated,2026-01-26,True,ایتالیا,16,0.191
irgc_affiliated,2026-01-26,True,اوکراین,15,0.179
irgc_affiliated,2026-01-26,True,طالبان,0,0.0
irgc_affiliated,2026-01-26,True,فرانسه,14,0.167
irgc_affiliated,2026-01-26,True,فلسطین,4,0.048
irgc_affiliated,2026-01-26,True,بحرین,3,0.036
irgc_affiliated,2026-01-26,True,سوریه,31,0.37
irgc_affiliated,2026-01-26,True,کومله,0,0.0
irgc_affiliated,2026-01-26,True,لبنان,43,0.514
irgc_affiliated,2026-01-26,True,ترکیه,70,0.836
irgc_affiliated,2026-01-26,True,روسیه,76,0.908
irgc_affiliated,2026-01-26,True,آلمان,7,0.084
irgc_affiliated,2026-01-26,True,عمان,3,0.036
irgc_affiliated,2026-01-26,True,اردن,3,0.036
irgc_affiliated,2026-01-26,True,عراق,54,0.645
irgc_affiliated,2026-01-26,True,حماس,14,0.167
irgc_affiliated,2026-01-26,True,کویت,1,0.012
irgc_affiliated,2026-01-26,True,داعش,39,0.466
irgc_affiliated,2026-01-26,True,پژاک,0,0.0
irgc_affiliated,2026-01-26,True,ژاپن,8,0.096
irgc_affiliated,2026-01-26,True,یمن,26,0.311
irgc_affiliated,2026-01-26,True,چین,48,0.574
irgc_affiliated,2026-01-26,True,غزه,50,0.597
irgc_affiliated,2026-01-26,True,قطر,25,0.299
irgc_affiliated,2026-02-02,True,مقاومت عراق / حشد شعبی,0,0.0
irgc_affiliated,2026-02-02,True,مجاهدین خلق,0,0.0
irgc_affiliated,2026-02-02,True,امارات,31,0.375
irgc_affiliated,2026-02-02,True,جمهوری آذربایجان,15,0.182
irgc_affiliated,2026-02-02,True,کتائب حزب‌الله,0,0.0
irgc_affiliated,2026-02-02,True,آذربایجان شرقی/غربی (Iranian provinces),5,0.061
irgc_affiliated,2026-02-02,True,اتحادیه اروپا,50,0.605
irgc_affiliated,2026-02-02,True,فلسطین اشغالی (Israel),2,0.024
irgc_affiliated,2026-02-02,True,عربستان,42,0.508
irgc_affiliated,2026-02-02,True,سلطنت‌طلبان,10,0.121
irgc_affiliated,2026-02-02,True,جهاد اسلامی,2,0.024
irgc_affiliated,2026-02-02,True,"دریای عمان (sea, not the country)",2,0.024
irgc_affiliated,2026-02-02,True,انصارالله / حوثی‌ها,6,0.073
irgc_affiliated,2026-02-02,True,جیش‌العدل,0,0.0
irgc_affiliated,2026-02-02,True,افغانستان,2,0.024
irgc_affiliated,2026-02-02,True,رضا پهلوی,16,0.194
irgc_affiliated,2026-02-02,True,انگلیس,11,0.133
irgc_affiliated,2026-02-02,True,حزب‌الله,30,0.363
irgc_affiliated,2026-02-02,True,هند,7,0.085
irgc_affiliated,2026-02-02,True,اسپانیا,20,0.242
irgc_affiliated,2026-02-02,True,ونزوئلا,9,0.109
irgc_affiliated,2026-02-02,True,پاکستان,18,0.218
irgc_affiliated,2026-02-02,True,ایتالیا,6,0.073
irgc_affiliated,2026-02-02,True,اوکراین,36,0.436
irgc_affiliated,2026-02-02,True,طالبان,0,0.0
irgc_affiliated,2026-02-02,True,فرانسه,16,0.194
irgc_affiliated,2026-02-02,True,فلسطین,18,0.218
irgc_affiliated,2026-02-02,True,بحرین,0,0.0
irgc_affiliated,2026-02-02,True,سوریه,38,0.46
irgc_affiliated,2026-02-02,True,کومله,0,0.0
irgc_affiliated,2026-02-02,True,لبنان,53,0.641
irgc_affiliated,2026-02-02,True,ترکیه,36,0.436
irgc_affiliated,2026-02-02,True,روسیه,77,0.932
irgc_affiliated,2026-02-02,True,آلمان,19,0.23
irgc_affiliated,2026-02-02,True,عمان,55,0.666
irgc_affiliated,2026-02-02,True,اردن,9,0.109
irgc_affiliated,2026-02-02,True,عراق,32,0.387
irgc_affiliated,2026-02-02,True,حماس,6,0.073
irgc_affiliated,2026-02-02,True,کویت,3,0.036
irgc_affiliated,2026-02-02,True,داعش,16,0.194
irgc_affiliated,2026-02-02,True,پژاک,4,0.048
irgc_affiliated,2026-02-02,True,ژاپن,9,0.109
irgc_affiliated,2026-02-02,True,یمن,6,0.073
irgc_affiliated,2026-02-02,True,چین,47,0.569
irgc_affiliated,2026-02-02,True,غزه,47,0.569
irgc_affiliated,2026-02-02,True,قطر,19,0.23
irgc_affiliated,2026-02-09,True,مقاومت عراق / حشد شعبی,0,0.0
irgc_affiliated,2026-02-09,True,مجاهدین خلق,0,0.0
irgc_affiliated,2026-02-09,True,امارات,5,0.058
irgc_affiliated,2026-02-09,True,جمهوری آذربایجان,19,0.219
irgc_affiliated,2026-02-09,True,کتائب حزب‌الله,0,0.0
irgc_affiliated,2026-02-09,True,آذربایجان شرقی/غربی (Iranian provinces),3,0.035
irgc_affiliated,2026-02-09,True,اتحادیه اروپا,46,0.531
irgc_affiliated,2026-02-09,True,فلسطین اشغالی (Israel),2,0.023
irgc_affiliated,2026-02-09,True,عربستان,31,0.358
irgc_affiliated,2026-02-09,True,سلطنت‌طلبان,9,0.104
irgc_affiliated,2026-02-09,True,جهاد اسلامی,3,0.035
irgc_affiliated,2026-02-09,True,"دریای عمان (sea, not the country)",0,0.0
irgc_affiliated,2026-02-09,True,انصارالله / حوثی‌ها,25,0.289
irgc_affiliated,2026-02-09,True,جیش‌العدل,0,0.0
irgc_affiliated,2026-02-09,True,افغانستان,6,0.069
irgc_affiliated,2026-02-09,True,رضا پهلوی,23,0.266
irgc_affiliated,2026-02-09,True,انگلیس,22,0.254
irgc_affiliated,2026-02-09,True,حزب‌الله,15,0.173
irgc_affiliated,2026-02-09,True,هند,16,0.185
irgc_affiliated,2026-02-09,True,اسپانیا,12,0.139
irgc_affiliated,2026-02-09,True,ونزوئلا,11,0.127
irgc_affiliated,2026-02-09,True,پاکستان,9,0.104
irgc_affiliated,2026-02-09,True,ایتالیا,1,0.012
irgc_affiliated,2026-02-09,True,اوکراین,23,0.266
irgc_affiliated,2026-02-09,True,طالبان,1,0.012
irgc_affiliated,2026-02-09,True,فرانسه,5,0.058
irgc_affiliated,2026-02-09,True,فلسطین,30,0.347
irgc_affiliated,2026-02-09,True,بحرین,7,0.081
irgc_affiliated,2026-02-09,True,سوریه,26,0.3
irgc_affiliated,2026-02-09,True,کومله,0,0.0
irgc_affiliated,2026-02-09,True,لبنان,41,0.474
irgc_affiliated,2026-02-09,True,ترکیه,17,0.196
irgc_affiliated,2026-02-09,True,روسیه,33,0.381
irgc_affiliated,2026-02-09,True,آلمان,12,0.139
irgc_affiliated,2026-02-09,True,عمان,55,0.635
irgc_affiliated,2026-02-09,True,اردن,14,0.162
irgc_affiliated,2026-02-09,True,عراق,36,0.416
irgc_affiliated,2026-02-09,True,حماس,14,0.162
irgc_affiliated,2026-02-09,True,کویت,2,0.023
irgc_affiliated,2026-02-09,True,داعش,4,0.046
irgc_affiliated,2026-02-09,True,پژاک,0,0.0
irgc_affiliated,2026-02-09,True,ژاپن,7,0.081
irgc_affiliated,2026-02-09,True,یمن,21,0.243
irgc_affiliated,2026-02-09,True,چین,19,0.219
irgc_affiliated,2026-02-09,True,غزه,45,0.52
irgc_affiliated,2026-02-09,True,قطر,42,0.485
irgc_affiliated,2026-02-16,True,مقاومت عراق / حشد شعبی,0,0.0
irgc_affiliated,2026-02-16,True,مجاهدین خلق,0,0.0
irgc_affiliated,2026-02-16,True,امارات,17,0.207
irgc_affiliated,2026-02-16,True,جمهوری آذربایجان,12,0.146
irgc_affiliated,2026-02-16,True,کتائب حزب‌الله,0,0.0
irgc_affiliated,2026-02-16,True,آذربایجان شرقی/غربی (Iranian provinces),26,0.317
irgc_affiliated,2026-02-16,True,اتحادیه اروپا,25,0.305
irgc_affiliated,2026-02-16,True,فلسطین اشغالی (Israel),8,0.098
irgc_affiliated,2026-02-16,True,عربستان,25,0.305
irgc_affiliated,2026-02-16,True,سلطنت‌طلبان,5,0.061
irgc_affiliated,2026-02-16,True,جهاد اسلامی,0,0.0
irgc_affiliated,2026-02-16,True,"دریای عمان (sea, not the country)",7,0.085
irgc_affiliated,2026-02-16,True,انصارالله / حوثی‌ها,0,0.0
irgc_affiliated,2026-02-16,True,جیش‌العدل,0,0.0
irgc_affiliated,2026-02-16,True,افغانستان,6,0.073
irgc_affiliated,2026-02-16,True,رضا پهلوی,7,0.085
irgc_affiliated,2026-02-16,True,انگلیس,26,0.317
irgc_affiliated,2026-02-16,True,حزب‌الله,16,0.195
irgc_affiliated,2026-02-16,True,هند,26,0.317
irgc_affiliated,2026-02-16,True,اسپانیا,0,0.0
irgc_affiliated,2026-02-16,True,ونزوئلا,8,0.098
irgc_affiliated,2026-02-16,True,پاکستان,13,0.159
irgc_affiliated,2026-02-16,True,ایتالیا,4,0.049
irgc_affiliated,2026-02-16,True,اوکراین,22,0.268
irgc_affiliated,2026-02-16,True,طالبان,0,0.0
irgc_affiliated,2026-02-16,True,فرانسه,12,0.146
irgc_affiliated,2026-02-16,True,فلسطین,13,0.159
irgc_affiliated,2026-02-16,True,بحرین,1,0.012
irgc_affiliated,2026-02-16,True,سوریه,22,0.268
irgc_affiliated,2026-02-16,True,کومله,0,0.0
irgc_affiliated,2026-02-16,True,لبنان,49,0.598
irgc_affiliated,2026-02-16,True,ترکیه,20,0.244
irgc_affiliated,2026-02-16,True,روسیه,125,1.524
irgc_affiliated,2026-02-16,True,آلمان,21,0.256
irgc_affiliated,2026-02-16,True,عمان,22,0.268
irgc_affiliated,2026-02-16,True,اردن,12,0.146
irgc_affiliated,2026-02-16,True,عراق,16,0.195
irgc_affiliated,2026-02-16,True,حماس,2,0.024
irgc_affiliated,2026-02-16,True,کویت,0,0.0
irgc_affiliated,2026-02-16,True,داعش,5,0.061
irgc_affiliated,2026-02-16,True,پژاک,0,0.0
irgc_affiliated,2026-02-16,True,ژاپن,7,0.085
irgc_affiliated,2026-02-16,True,یمن,3,0.037
irgc_affiliated,2026-02-16,True,چین,33,0.402
irgc_affiliated,2026-02-16,True,غزه,42,0.512
irgc_affiliated,2026-02-16,True,قطر,15,0.183
irgc_affiliated,2026-02-23,True,مقاومت عراق / حشد شعبی,9,0.075
irgc_affiliated,2026-02-23,True,مجاهدین خلق,1,0.008
irgc_affiliated,2026-02-23,True,امارات,41,0.34
irgc_affiliated,2026-02-23,True,جمهوری آذربایجان,13,0.108
irgc_affiliated,2026-02-23,True,کتائب حزب‌الله,0,0.0
irgc_affiliated,2026-02-23,True,آذربایجان شرقی/غربی (Iranian provinces),7,0.058
irgc_affiliated,2026-02-23,True,اتحادیه اروپا,23,0.191
irgc_affiliated,2026-02-23,True,فلسطین اشغالی (Israel),45,0.373
irgc_affiliated,2026-02-23,True,عربستان,20,0.166
irgc_affiliated,2026-02-23,True,سلطنت‌طلبان,3,0.025
irgc_affiliated,2026-02-23,True,جهاد اسلامی,0,0.0
irgc_affiliated,2026-02-23,True,"دریای عمان (sea, not the country)",1,0.008
irgc_affiliated,2026-02-23,True,انصارالله / حوثی‌ها,2,0.017
irgc_affiliated,2026-02-23,True,جیش‌العدل,0,0.0
irgc_affiliated,2026-02-23,True,افغانستان,24,0.199
irgc_affiliated,2026-02-23,True,رضا پهلوی,5,0.041
irgc_affiliated,2026-02-23,True,انگلیس,27,0.224
irgc_affiliated,2026-02-23,True,حزب‌الله,23,0.191
irgc_affiliated,2026-02-23,True,هند,29,0.241
irgc_affiliated,2026-02-23,True,اسپانیا,3,0.025
irgc_affiliated,2026-02-23,True,ونزوئلا,6,0.05
irgc_affiliated,2026-02-23,True,پاکستان,67,0.556
irgc_affiliated,2026-02-23,True,ایتالیا,4,0.033
irgc_affiliated,2026-02-23,True,اوکراین,33,0.274
irgc_affiliated,2026-02-23,True,طالبان,42,0.348
irgc_affiliated,2026-02-23,True,فرانسه,19,0.158
irgc_affiliated,2026-02-23,True,فلسطین,14,0.116
irgc_affiliated,2026-02-23,True,بحرین,52,0.431
irgc_affiliated,2026-02-23,True,سوریه,8,0.066
irgc_affiliated,2026-02-23,True,کومله,0,0.0
irgc_affiliated,2026-02-23,True,لبنان,41,0.34
irgc_affiliated,2026-02-23,True,ترکیه,16,0.133
irgc_affiliated,2026-02-23,True,روسیه,43,0.357
irgc_affiliated,2026-02-23,True,آلمان,5,0.041
irgc_affiliated,2026-02-23,True,عمان,40,0.332
irgc_affiliated,2026-02-23,True,اردن,16,0.133
irgc_affiliated,2026-02-23,True,عراق,76,0.63
irgc_affiliated,2026-02-23,True,حماس,8,0.066
irgc_affiliated,2026-02-23,True,کویت,22,0.182
irgc_affiliated,2026-02-23,True,داعش,4,0.033
irgc_affiliated,2026-02-23,True,پژاک,0,0.0
irgc_affiliated,2026-02-23,True,ژاپن,4,0.033
irgc_affiliated,2026-02-23,True,یمن,16,0.133
irgc_affiliated,2026-02-23,True,چین,25,0.207
irgc_affiliated,2026-02-23,True,غزه,17,0.141
irgc_affiliated,2026-02-23,True,قطر,42,0.348
irgc_affiliated,2026-03-02,True,مقاومت عراق / حشد شعبی,38,0.189
irgc_affiliated,2026-03-02,True,مجاهدین خلق,0,0.0
irgc_affiliated,2026-03-02,True,امارات,101,0.503
irgc_affiliated,2026-03-02,True,جمهوری آذربایجان,27,0.135
irgc_affiliated,2026-03-02,True,کتائب حزب‌الله,3,0.015
irgc_affiliated,2026-03-02,True,آذربایجان شرقی/غربی (Iranian provinces),10,0.05
irgc_affiliated,2026-03-02,True,اتحادیه اروپا,50,0.249
irgc_affiliated,2026-03-02,True,فلسطین اشغالی (Israel),140,0.698
irgc_affiliated,2026-03-02,True,عربستان,75,0.374
irgc_affiliated,2026-03-02,True,سلطنت‌طلبان,1,0.005
irgc_affiliated,2026-03-02,True,جهاد اسلامی,0,0.0
irgc_affiliated,2026-03-02,True,"دریای عمان (sea, not the country)",7,0.035
irgc_affiliated,2026-03-02,True,انصارالله / حوثی‌ها,9,0.045
irgc_affiliated,2026-03-02,True,جیش‌العدل,0,0.0
irgc_affiliated,2026-03-02,True,افغانستان,4,0.02
irgc_affiliated,2026-03-02,True,رضا پهلوی,14,0.07
irgc_affiliated,2026-03-02,True,انگلیس,38,0.189
irgc_affiliated,2026-03-02,True,حزب‌الله,277,1.381
irgc_affiliated,2026-03-02,True,هند,40,0.199
irgc_affiliated,2026-03-02,True,اسپانیا,15,0.075
irgc_affiliated,2026-03-02,True,ونزوئلا,3,0.015
irgc_affiliated,2026-03-02,True,پاکستان,28,0.14
irgc_affiliated,2026-03-02,True,ایتالیا,7,0.035
irgc_affiliated,2026-03-02,True,اوکراین,8,0.04
irgc_affiliated,2026-03-02,True,طالبان,4,0.02
irgc_affiliated,2026-03-02,True,فرانسه,11,0.055
irgc_affiliated,2026-03-02,True,فلسطین,12,0.06
irgc_affiliated,2026-03-02,True,بحرین,126,0.628
irgc_affiliated,2026-03-02,True,سوریه,10,0.05
irgc_affiliated,2026-03-02,True,کومله,4,0.02
irgc_affiliated,2026-03-02,True,لبنان,215,1.072
irgc_affiliated,2026-03-02,True,ترکیه,21,0.105
irgc_affiliated,2026-03-02,True,روسیه,48,0.239
irgc_affiliated,2026-03-02,True,آلمان,21,0.105
irgc_affiliated,2026-03-02,True,عمان,20,0.1
irgc_affiliated,2026-03-02,True,اردن,40,0.199
irgc_affiliated,2026-03-02,True,عراق,198,0.987
irgc_affiliated,2026-03-02,True,حماس,0,0.0
irgc_affiliated,2026-03-02,True,کویت,158,0.787
irgc_affiliated,2026-03-02,True,داعش,4,0.02
irgc_affiliated,2026-03-02,True,پژاک,0,0.0
irgc_affiliated,2026-03-02,True,ژاپن,13,0.065
irgc_affiliated,2026-03-02,True,یمن,19,0.095
irgc_affiliated,2026-03-02,True,چین,27,0.135
irgc_affiliated,2026-03-02,True,غزه,11,0.055
irgc_affiliated,2026-03-02,True,قطر,65,0.324
irgc_affiliated,2026-03-09,True,مقاومت عراق / حشد شعبی,60,0.265
irgc_affiliated,2026-03-09,True,مجاهدین خلق,0,0.0
irgc_affiliated,2026-03-09,True,امارات,133,0.588
irgc_affiliated,2026-03-09,True,جمهوری آذربایجان,6,0.027
irgc_affiliated,2026-03-09,True,کتائب حزب‌الله,0,0.0
irgc_affiliated,2026-03-09,True,آذربایجان شرقی/غربی (Iranian provinces),6,0.027
irgc_affiliated,2026-03-09,True,اتحادیه اروپا,20,0.088
irgc_affiliated,2026-03-09,True,فلسطین اشغالی (Israel),123,0.544
irgc_affiliated,2026-03-09,True,عربستان,80,0.354
irgc_affiliated,2026-03-09,True,سلطنت‌طلبان,2,0.009
irgc_affiliated,2026-03-09,True,جهاد اسلامی,1,0.004
irgc_affiliated,2026-03-09,True,"دریای عمان (sea, not the country)",4,0.018
irgc_affiliated,2026-03-09,True,انصارالله / حوثی‌ها,16,0.071
irgc_affiliated,2026-03-09,True,جیش‌العدل,0,0.0
irgc_affiliated,2026-03-09,True,افغانستان,8,0.035
irgc_affiliated,2026-03-09,True,رضا پهلوی,14,0.062
irgc_affiliated,2026-03-09,True,انگلیس,41,0.181
irgc_affiliated,2026-03-09,True,حزب‌الله,298,1.318
irgc_affiliated,2026-03-09,True,هند,37,0.164
irgc_affiliated,2026-03-09,True,اسپانیا,6,0.027
irgc_affiliated,2026-03-09,True,ونزوئلا,5,0.022
irgc_affiliated,2026-03-09,True,پاکستان,18,0.08
irgc_affiliated,2026-03-09,True,ایتالیا,17,0.075
irgc_affiliated,2026-03-09,True,اوکراین,10,0.044
irgc_affiliated,2026-03-09,True,طالبان,5,0.022
irgc_affiliated,2026-03-09,True,فرانسه,47,0.208
irgc_affiliated,2026-03-09,True,فلسطین,48,0.212
irgc_affiliated,2026-03-09,True,بحرین,103,0.455
irgc_affiliated,2026-03-09,True,سوریه,7,0.031
irgc_affiliated,2026-03-09,True,کومله,4,0.018
irgc_affiliated,2026-03-09,True,لبنان,171,0.756
irgc_affiliated,2026-03-09,True,ترکیه,31,0.137
irgc_affiliated,2026-03-09,True,روسیه,60,0.265
irgc_affiliated,2026-03-09,True,آلمان,17,0.075
irgc_affiliated,2026-03-09,True,عمان,33,0.146
irgc_affiliated,2026-03-09,True,اردن,26,0.115
irgc_affiliated,2026-03-09,True,عراق,169,0.747
irgc_affiliated,2026-03-09,True,حماس,6,0.027
irgc_affiliated,2026-03-09,True,کویت,54,0.239
irgc_affiliated,2026-03-09,True,داعش,2,0.009
irgc_affiliated,2026-03-09,True,پژاک,0,0.0
irgc_affiliated,2026-03-09,True,ژاپن,17,0.075
irgc_affiliated,2026-03-09,True,یمن,23,0.102
irgc_affiliated,2026-03-09,True,چین,26,0.115
irgc_affiliated,2026-03-09,True,غزه,21,0.093
irgc_affiliated,2026-03-09,True,قطر,51,0.226
irgc_affiliated,2026-03-16,True,مقاومت عراق / حشد شعبی,14,0.074
irgc_affiliated,2026-03-16,True,مجاهدین خلق,0,0.0
irgc_affiliated,2026-03-16,True,امارات,105,0.557
irgc_affiliated,2026-03-16,True,جمهوری آذربایجان,3,0.016
irgc_affiliated,2026-03-16,True,کتائب حزب‌الله,0,0.0
irgc_affiliated,2026-03-16,True,آذربایجان شرقی/غربی (Iranian provinces),10,0.053
irgc_affiliated,2026-03-16,True,اتحادیه اروپا,37,0.196
irgc_affiliated,2026-03-16,True,فلسطین اشغالی (Israel),99,0.525
irgc_affiliated,2026-03-16,True,عربستان,74,0.393
irgc_affiliated,2026-03-16,True,سلطنت‌طلبان,5,0.027
irgc_affiliated,2026-03-16,True,جهاد اسلامی,0,0.0
irgc_affiliated,2026-03-16,True,"دریای عمان (sea, not the country)",7,0.037
irgc_affiliated,2026-03-16,True,انصارالله / حوثی‌ها,11,0.058
irgc_affiliated,2026-03-16,True,جیش‌العدل,0,0.0
irgc_affiliated,2026-03-16,True,افغانستان,3,0.016
irgc_affiliated,2026-03-16,True,رضا پهلوی,3,0.016
irgc_affiliated,2026-03-16,True,انگلیس,33,0.175
irgc_affiliated,2026-03-16,True,حزب‌الله,177,0.939
irgc_affiliated,2026-03-16,True,هند,22,0.117
irgc_affiliated,2026-03-16,True,اسپانیا,8,0.042
irgc_affiliated,2026-03-16,True,ونزوئلا,3,0.016
irgc_affiliated,2026-03-16,True,پاکستان,15,0.08
irgc_affiliated,2026-03-16,True,ایتالیا,6,0.032
irgc_affiliated,2026-03-16,True,اوکراین,10,0.053
irgc_affiliated,2026-03-16,True,طالبان,1,0.005
irgc_affiliated,2026-03-16,True,فرانسه,23,0.122
irgc_affiliated,2026-03-16,True,فلسطین,44,0.233
irgc_affiliated,2026-03-16,True,بحرین,51,0.271
irgc_affiliated,2026-03-16,True,سوریه,7,0.037
irgc_affiliated,2026-03-16,True,کومله,5,0.027
irgc_affiliated,2026-03-16,True,لبنان,143,0.759
irgc_affiliated,2026-03-16,True,ترکیه,24,0.127
irgc_affiliated,2026-03-16,True,روسیه,39,0.207
irgc_affiliated,2026-03-16,True,آلمان,22,0.117
irgc_affiliated,2026-03-16,True,عمان,13,0.069
irgc_affiliated,2026-03-16,True,اردن,23,0.122
irgc_affiliated,2026-03-16,True,عراق,70,0.371
irgc_affiliated,2026-03-16,True,حماس,3,0.016
irgc_affiliated,2026-03-16,True,کویت,54,0.286
irgc_affiliated,2026-03-16,True,داعش,2,0.011
irgc_affiliated,2026-03-16,True,پژاک,2,0.011
irgc_affiliated,2026-03-16,True,ژاپن,15,0.08
irgc_affiliated,2026-03-16,True,یمن,8,0.042
irgc_affiliated,2026-03-16,True,چین,19,0.101
irgc_affiliated,2026-03-16,True,غزه,25,0.133
irgc_affiliated,2026-03-16,True,قطر,70,0.371
irgc_affiliated,2026-03-23,True,مقاومت عراق / حشد شعبی,32,0.167
irgc_affiliated,2026-03-23,True,مجاهدین خلق,0,0.0
irgc_affiliated,2026-03-23,True,امارات,73,0.382
irgc_affiliated,2026-03-23,True,جمهوری آذربایجان,24,0.125
irgc_affiliated,2026-03-23,True,کتائب حزب‌الله,4,0.021
irgc_affiliated,2026-03-23,True,آذربایجان شرقی/غربی (Iranian provinces),22,0.115
irgc_affiliated,2026-03-23,True,اتحادیه اروپا,38,0.199
irgc_affiliated,2026-03-23,True,فلسطین اشغالی (Israel),141,0.737
irgc_affiliated,2026-03-23,True,عربستان,130,0.68
irgc_affiliated,2026-03-23,True,سلطنت‌طلبان,3,0.016
irgc_affiliated,2026-03-23,True,جهاد اسلامی,0,0.0
irgc_affiliated,2026-03-23,True,"دریای عمان (sea, not the country)",6,0.031
irgc_affiliated,2026-03-23,True,انصارالله / حوثی‌ها,18,0.094
irgc_affiliated,2026-03-23,True,جیش‌العدل,0,0.0
irgc_affiliated,2026-03-23,True,افغانستان,8,0.042
irgc_affiliated,2026-03-23,True,رضا پهلوی,11,0.058
irgc_affiliated,2026-03-23,True,انگلیس,32,0.167
irgc_affiliated,2026-03-23,True,حزب‌الله,288,1.506
irgc_affiliated,2026-03-23,True,هند,31,0.162
irgc_affiliated,2026-03-23,True,اسپانیا,12,0.063
irgc_affiliated,2026-03-23,True,ونزوئلا,9,0.047
irgc_affiliated,2026-03-23,True,پاکستان,61,0.319
irgc_affiliated,2026-03-23,True,ایتالیا,2,0.01
irgc_affiliated,2026-03-23,True,اوکراین,20,0.105
irgc_affiliated,2026-03-23,True,طالبان,2,0.01
irgc_affiliated,2026-03-23,True,فرانسه,11,0.058
irgc_affiliated,2026-03-23,True,فلسطین,30,0.157
irgc_affiliated,2026-03-23,True,بحرین,77,0.403
irgc_affiliated,2026-03-23,True,سوریه,18,0.094
irgc_affiliated,2026-03-23,True,کومله,1,0.005
irgc_affiliated,2026-03-23,True,لبنان,222,1.161
irgc_affiliated,2026-03-23,True,ترکیه,49,0.256
irgc_affiliated,2026-03-23,True,روسیه,47,0.246
irgc_affiliated,2026-03-23,True,آلمان,23,0.12
irgc_affiliated,2026-03-23,True,عمان,24,0.125
irgc_affiliated,2026-03-23,True,اردن,32,0.167
irgc_affiliated,2026-03-23,True,عراق,128,0.669
irgc_affiliated,2026-03-23,True,حماس,1,0.005
irgc_affiliated,2026-03-23,True,کویت,70,0.366
irgc_affiliated,2026-03-23,True,داعش,0,0.0
irgc_affiliated,2026-03-23,True,پژاک,0,0.0
irgc_affiliated,2026-03-23,True,ژاپن,10,0.052
irgc_affiliated,2026-03-23,True,یمن,75,0.392
irgc_affiliated,2026-03-23,True,چین,30,0.157
irgc_affiliated,2026-03-23,True,غزه,21,0.11
irgc_affiliated,2026-03-23,True,قطر,30,0.157
irgc_affiliated,2026-03-30,True,مقاومت عراق / حشد شعبی,36,0.171
irgc_affiliated,2026-03-30,True,مجاهدین خلق,0,0.0
irgc_affiliated,2026-03-30,True,امارات,143,0.68
irgc_affiliated,2026-03-30,True,جمهوری آذربایجان,10,0.048
irgc_affiliated,2026-03-30,True,کتائب حزب‌الله,1,0.005
irgc_affiliated,2026-03-30,True,آذربایجان شرقی/غربی (Iranian provinces),15,0.071
irgc_affiliated,2026-03-30,True,اتحادیه اروپا,51,0.242
irgc_affiliated,2026-03-30,True,فلسطین اشغالی (Israel),167,0.794
irgc_affiliated,2026-03-30,True,عربستان,85,0.404
irgc_affiliated,2026-03-30,True,سلطنت‌طلبان,0,0.0
irgc_affiliated,2026-03-30,True,جهاد اسلامی,0,0.0
irgc_affiliated,2026-03-30,True,"دریای عمان (sea, not the country)",5,0.024
irgc_affiliated,2026-03-30,True,انصارالله / حوثی‌ها,21,0.1
irgc_affiliated,2026-03-30,True,جیش‌العدل,0,0.0
irgc_affiliated,2026-03-30,True,افغانستان,8,0.038
irgc_affiliated,2026-03-30,True,رضا پهلوی,12,0.057
irgc_affiliated,2026-03-30,True,انگلیس,40,0.19
irgc_affiliated,2026-03-30,True,حزب‌الله,288,1.369
irgc_affiliated,2026-03-30,True,هند,19,0.09
irgc_affiliated,2026-03-30,True,اسپانیا,18,0.086
irgc_affiliated,2026-03-30,True,ونزوئلا,3,0.014
irgc_affiliated,2026-03-30,True,پاکستان,26,0.124
irgc_affiliated,2026-03-30,True,ایتالیا,11,0.052
irgc_affiliated,2026-03-30,True,اوکراین,9,0.043
irgc_affiliated,2026-03-30,True,طالبان,0,0.0
irgc_affiliated,2026-03-30,True,فرانسه,35,0.166
irgc_affiliated,2026-03-30,True,فلسطین,35,0.166
irgc_affiliated,2026-03-30,True,بحرین,97,0.461
irgc_affiliated,2026-03-30,True,سوریه,19,0.09
irgc_affiliated,2026-03-30,True,کومله,3,0.014
irgc_affiliated,2026-03-30,True,لبنان,177,0.841
irgc_affiliated,2026-03-30,True,ترکیه,26,0.124
irgc_affiliated,2026-03-30,True,روسیه,48,0.228
irgc_affiliated,2026-03-30,True,آلمان,17,0.081
irgc_affiliated,2026-03-30,True,عمان,17,0.081
irgc_affiliated,2026-03-30,True,اردن,33,0.157
irgc_affiliated,2026-03-30,True,عراق,114,0.542
irgc_affiliated,2026-03-30,True,حماس,5,0.024
irgc_affiliated,2026-03-30,True,کویت,124,0.59
irgc_affiliated,2026-03-30,True,داعش,2,0.01
irgc_affiliated,2026-03-30,True,پژاک,0,0.0
irgc_affiliated,2026-03-30,True,ژاپن,7,0.033
irgc_affiliated,2026-03-30,True,یمن,82,0.39
irgc_affiliated,2026-03-30,True,چین,31,0.147
irgc_affiliated,2026-03-30,True,غزه,8,0.038
irgc_affiliated,2026-03-30,True,قطر,21,0.1
irgc_affiliated,2026-04-06,True,مقاومت عراق / حشد شعبی,12,0.067
irgc_affiliated,2026-04-06,True,مجاهدین خلق,0,0.0
irgc_affiliated,2026-04-06,True,امارات,80,0.449
irgc_affiliated,2026-04-06,True,جمهوری آذربایجان,15,0.084
irgc_affiliated,2026-04-06,True,کتائب حزب‌الله,0,0.0
irgc_affiliated,2026-04-06,True,آذربایجان شرقی/غربی (Iranian provinces),12,0.067
irgc_affiliated,2026-04-06,True,اتحادیه اروپا,31,0.174
irgc_affiliated,2026-04-06,True,فلسطین اشغالی (Israel),103,0.578
irgc_affiliated,2026-04-06,True,عربستان,82,0.461
irgc_affiliated,2026-04-06,True,سلطنت‌طلبان,3,0.017
irgc_affiliated,2026-04-06,True,جهاد اسلامی,0,0.0
irgc_affiliated,2026-04-06,True,"دریای عمان (sea, not the country)",5,0.028
irgc_affiliated,2026-04-06,True,انصارالله / حوثی‌ها,9,0.051
irgc_affiliated,2026-04-06,True,جیش‌العدل,0,0.0
irgc_affiliated,2026-04-06,True,افغانستان,3,0.017
irgc_affiliated,2026-04-06,True,رضا پهلوی,16,0.09
irgc_affiliated,2026-04-06,True,انگلیس,34,0.191
irgc_affiliated,2026-04-06,True,حزب‌الله,281,1.578
irgc_affiliated,2026-04-06,True,هند,17,0.095
irgc_affiliated,2026-04-06,True,اسپانیا,44,0.247
irgc_affiliated,2026-04-06,True,ونزوئلا,0,0.0
irgc_affiliated,2026-04-06,True,پاکستان,259,1.455
irgc_affiliated,2026-04-06,True,ایتالیا,10,0.056
irgc_affiliated,2026-04-06,True,اوکراین,2,0.011
irgc_affiliated,2026-04-06,True,طالبان,2,0.011
irgc_affiliated,2026-04-06,True,فرانسه,34,0.191
irgc_affiliated,2026-04-06,True,فلسطین,24,0.135
irgc_affiliated,2026-04-06,True,بحرین,27,0.152
irgc_affiliated,2026-04-06,True,سوریه,11,0.062
irgc_affiliated,2026-04-06,True,کومله,1,0.006
irgc_affiliated,2026-04-06,True,لبنان,538,3.022
irgc_affiliated,2026-04-06,True,ترکیه,25,0.14
irgc_affiliated,2026-04-06,True,روسیه,46,0.258
irgc_affiliated,2026-04-06,True,آلمان,11,0.062
irgc_affiliated,2026-04-06,True,عمان,17,0.095
irgc_affiliated,2026-04-06,True,اردن,5,0.028
irgc_affiliated,2026-04-06,True,عراق,69,0.388
irgc_affiliated,2026-04-06,True,حماس,1,0.006
irgc_affiliated,2026-04-06,True,کویت,64,0.359
irgc_affiliated,2026-04-06,True,داعش,3,0.017
irgc_affiliated,2026-04-06,True,پژاک,0,0.0
irgc_affiliated,2026-04-06,True,ژاپن,20,0.112
irgc_affiliated,2026-04-06,True,یمن,32,0.18
irgc_affiliated,2026-04-06,True,چین,44,0.247
irgc_affiliated,2026-04-06,True,غزه,22,0.124
irgc_affiliated,2026-04-06,True,قطر,28,0.157
irgc_affiliated,2026-04-13,True,مقاومت عراق / حشد شعبی,1,0.007
irgc_affiliated,2026-04-13,True,مجاهدین خلق,0,0.0
irgc_affiliated,2026-04-13,True,امارات,35,0.235
irgc_affiliated,2026-04-13,True,جمهوری آذربایجان,15,0.101
irgc_affiliated,2026-04-13,True,کتائب حزب‌الله,1,0.007
irgc_affiliated,2026-04-13,True,آذربایجان شرقی/غربی (Iranian provinces),12,0.08
irgc_affiliated,2026-04-13,True,اتحادیه اروپا,53,0.355
irgc_affiliated,2026-04-13,True,فلسطین اشغالی (Israel),20,0.134
irgc_affiliated,2026-04-13,True,عربستان,31,0.208
irgc_affiliated,2026-04-13,True,سلطنت‌طلبان,2,0.013
irgc_affiliated,2026-04-13,True,جهاد اسلامی,0,0.0
irgc_affiliated,2026-04-13,True,"دریای عمان (sea, not the country)",25,0.168
irgc_affiliated,2026-04-13,True,انصارالله / حوثی‌ها,27,0.181
irgc_affiliated,2026-04-13,True,جیش‌العدل,0,0.0
irgc_affiliated,2026-04-13,True,افغانستان,9,0.06
irgc_affiliated,2026-04-13,True,رضا پهلوی,22,0.148
irgc_affiliated,2026-04-13,True,انگلیس,54,0.362
irgc_affiliated,2026-04-13,True,حزب‌الله,215,1.442
irgc_affiliated,2026-04-13,True,هند,29,0.194
irgc_affiliated,2026-04-13,True,اسپانیا,27,0.181
irgc_affiliated,2026-04-13,True,ونزوئلا,6,0.04
irgc_affiliated,2026-04-13,True,پاکستان,177,1.187
irgc_affiliated,2026-04-13,True,ایتالیا,12,0.08
irgc_affiliated,2026-04-13,True,اوکراین,20,0.134
irgc_affiliated,2026-04-13,True,طالبان,1,0.007
irgc_affiliated,2026-04-13,True,فرانسه,19,0.127
irgc_affiliated,2026-04-13,True,فلسطین,10,0.067
irgc_affiliated,2026-04-13,True,بحرین,11,0.074
irgc_affiliated,2026-04-13,True,سوریه,8,0.054
irgc_affiliated,2026-04-13,True,کومله,5,0.034
irgc_affiliated,2026-04-13,True,لبنان,459,3.078
irgc_affiliated,2026-04-13,True,ترکیه,54,0.362
irgc_affiliated,2026-04-13,True,روسیه,62,0.416
irgc_affiliated,2026-04-13,True,آلمان,20,0.134
irgc_affiliated,2026-04-13,True,عمان,19,0.127
irgc_affiliated,2026-04-13,True,اردن,10,0.067
irgc_affiliated,2026-04-13,True,عراق,19,0.127
irgc_affiliated,2026-04-13,True,حماس,6,0.04
irgc_affiliated,2026-04-13,True,کویت,13,0.087
irgc_affiliated,2026-04-13,True,داعش,0,0.0
irgc_affiliated,2026-04-13,True,پژاک,0,0.0
irgc_affiliated,2026-04-13,True,ژاپن,17,0.114
irgc_affiliated,2026-04-13,True,یمن,32,0.215
irgc_affiliated,2026-04-13,True,چین,66,0.443
irgc_affiliated,2026-04-13,True,غزه,41,0.275
irgc_affiliated,2026-04-13,True,قطر,17,0.114
irgc_affiliated,2026-04-20,True,مقاومت عراق / حشد شعبی,6,0.038
irgc_affiliated,2026-04-20,True,مجاهدین خلق,0,0.0
irgc_affiliated,2026-04-20,True,امارات,58,0.37
irgc_affiliated,2026-04-20,True,جمهوری آذربایجان,6,0.038
irgc_affiliated,2026-04-20,True,کتائب حزب‌الله,0,0.0
irgc_affiliated,2026-04-20,True,آذربایجان شرقی/غربی (Iranian provinces),13,0.083
irgc_affiliated,2026-04-20,True,اتحادیه اروپا,99,0.632
irgc_affiliated,2026-04-20,True,فلسطین اشغالی (Israel),13,0.083
irgc_affiliated,2026-04-20,True,عربستان,57,0.364
irgc_affiliated,2026-04-20,True,سلطنت‌طلبان,3,0.019
irgc_affiliated,2026-04-20,True,جهاد اسلامی,0,0.0
irgc_affiliated,2026-04-20,True,"دریای عمان (sea, not the country)",11,0.07
irgc_affiliated,2026-04-20,True,انصارالله / حوثی‌ها,12,0.077
irgc_affiliated,2026-04-20,True,جیش‌العدل,2,0.013
irgc_affiliated,2026-04-20,True,افغانستان,5,0.032
irgc_affiliated,2026-04-20,True,رضا پهلوی,35,0.223
irgc_affiliated,2026-04-20,True,انگلیس,56,0.357
irgc_affiliated,2026-04-20,True,حزب‌الله,133,0.849
irgc_affiliated,2026-04-20,True,هند,32,0.204
irgc_affiliated,2026-04-20,True,اسپانیا,17,0.108
irgc_affiliated,2026-04-20,True,ونزوئلا,13,0.083
irgc_affiliated,2026-04-20,True,پاکستان,148,0.944
irgc_affiliated,2026-04-20,True,ایتالیا,36,0.23
irgc_affiliated,2026-04-20,True,اوکراین,37,0.236
irgc_affiliated,2026-04-20,True,طالبان,0,0.0
irgc_affiliated,2026-04-20,True,فرانسه,44,0.281
irgc_affiliated,2026-04-20,True,فلسطین,23,0.147
irgc_affiliated,2026-04-20,True,بحرین,4,0.026
irgc_affiliated,2026-04-20,True,سوریه,17,0.108
irgc_affiliated,2026-04-20,True,کومله,0,0.0
irgc_affiliated,2026-04-20,True,لبنان,217,1.385
irgc_affiliated,2026-04-20,True,ترکیه,26,0.166
irgc_affiliated,2026-04-20,True,روسیه,152,0.97
irgc_affiliated,2026-04-20,True,آلمان,52,0.332
irgc_affiliated,2026-04-20,True,عمان,40,0.255
irgc_affiliated,2026-04-20,True,اردن,0,0.0
irgc_affiliated,2026-04-20,True,عراق,56,0.357
irgc_affiliated,2026-04-20,True,حماس,17,0.108
irgc_affiliated,2026-04-20,True,کویت,17,0.108
irgc_affiliated,2026-04-20,True,داعش,2,0.013
irgc_affiliated,2026-04-20,True,پژاک,0,0.0
irgc_affiliated,2026-04-20,True,ژاپن,15,0.096
irgc_affiliated,2026-04-20,True,یمن,14,0.089
irgc_affiliated,2026-04-20,True,چین,64,0.408
irgc_affiliated,2026-04-20,True,غزه,35,0.223
irgc_affiliated,2026-04-20,True,قطر,16,0.102
irgc_affiliated,2026-04-27,True,مقاومت عراق / حشد شعبی,2,0.014
irgc_affiliated,2026-04-27,True,مجاهدین خلق,0,0.0
irgc_affiliated,2026-04-27,True,امارات,82,0.56
irgc_affiliated,2026-04-27,True,جمهوری آذربایجان,18,0.123
irgc_affiliated,2026-04-27,True,کتائب حزب‌الله,0,0.0
irgc_affiliated,2026-04-27,True,آذربایجان شرقی/غربی (Iranian provinces),8,0.055
irgc_affiliated,2026-04-27,True,اتحادیه اروپا,80,0.547
irgc_affiliated,2026-04-27,True,فلسطین اشغالی (Israel),17,0.116
irgc_affiliated,2026-04-27,True,عربستان,31,0.212
irgc_affiliated,2026-04-27,True,سلطنت‌طلبان,1,0.007
irgc_affiliated,2026-04-27,True,جهاد اسلامی,0,0.0
irgc_affiliated,2026-04-27,True,"دریای عمان (sea, not the country)",8,0.055
irgc_affiliated,2026-04-27,True,انصارالله / حوثی‌ها,0,0.0
irgc_affiliated,2026-04-27,True,جیش‌العدل,0,0.0
irgc_affiliated,2026-04-27,True,افغانستان,13,0.089
irgc_affiliated,2026-04-27,True,رضا پهلوی,5,0.034
irgc_affiliated,2026-04-27,True,انگلیس,60,0.41
irgc_affiliated,2026-04-27,True,حزب‌الله,156,1.066
irgc_affiliated,2026-04-27,True,هند,14,0.096
irgc_affiliated,2026-04-27,True,اسپانیا,19,0.13
irgc_affiliated,2026-04-27,True,ونزوئلا,2,0.014
irgc_affiliated,2026-04-27,True,پاکستان,53,0.362
irgc_affiliated,2026-04-27,True,ایتالیا,17,0.116
irgc_affiliated,2026-04-27,True,اوکراین,45,0.308
irgc_affiliated,2026-04-27,True,طالبان,2,0.014
irgc_affiliated,2026-04-27,True,فرانسه,18,0.123
irgc_affiliated,2026-04-27,True,فلسطین,28,0.191
irgc_affiliated,2026-04-27,True,بحرین,29,0.198
irgc_affiliated,2026-04-27,True,سوریه,13,0.089
irgc_affiliated,2026-04-27,True,کومله,0,0.0
irgc_affiliated,2026-04-27,True,لبنان,219,1.497
irgc_affiliated,2026-04-27,True,ترکیه,29,0.198
irgc_affiliated,2026-04-27,True,روسیه,157,1.073
irgc_affiliated,2026-04-27,True,آلمان,52,0.355
irgc_affiliated,2026-04-27,True,عمان,20,0.137
irgc_affiliated,2026-04-27,True,اردن,7,0.048
irgc_affiliated,2026-04-27,True,عراق,46,0.314
irgc_affiliated,2026-04-27,True,حماس,12,0.082
irgc_affiliated,2026-04-27,True,کویت,24,0.164
irgc_affiliated,2026-04-27,True,داعش,1,0.007
irgc_affiliated,2026-04-27,True,پژاک,0,0.0
irgc_affiliated,2026-04-27,True,ژاپن,30,0.205
irgc_affiliated,2026-04-27,True,یمن,10,0.068
irgc_affiliated,2026-04-27,True,چین,79,0.54
irgc_affiliated,2026-04-27,True,غزه,69,0.472
irgc_affiliated,2026-04-27,True,قطر,15,0.103
irgc_affiliated,2026-05-04,True,مقاومت عراق / حشد شعبی,7,0.05
irgc_affiliated,2026-05-04,True,مجاهدین خلق,0,0.0
irgc_affiliated,2026-05-04,True,امارات,283,2.012
irgc_affiliated,2026-05-04,True,جمهوری آذربایجان,5,0.036
irgc_affiliated,2026-05-04,True,کتائب حزب‌الله,1,0.007
irgc_affiliated,2026-05-04,True,آذربایجان شرقی/غربی (Iranian provinces),11,0.078
irgc_affiliated,2026-05-04,True,اتحادیه اروپا,55,0.391
irgc_affiliated,2026-05-04,True,فلسطین اشغالی (Israel),14,0.1
irgc_affiliated,2026-05-04,True,عربستان,95,0.675
irgc_affiliated,2026-05-04,True,سلطنت‌طلبان,0,0.0
irgc_affiliated,2026-05-04,True,جهاد اسلامی,0,0.0
irgc_affiliated,2026-05-04,True,"دریای عمان (sea, not the country)",16,0.114
irgc_affiliated,2026-05-04,True,انصارالله / حوثی‌ها,6,0.043
irgc_affiliated,2026-05-04,True,جیش‌العدل,0,0.0
irgc_affiliated,2026-05-04,True,افغانستان,1,0.007
irgc_affiliated,2026-05-04,True,رضا پهلوی,2,0.014
irgc_affiliated,2026-05-04,True,انگلیس,59,0.419
irgc_affiliated,2026-05-04,True,حزب‌الله,165,1.173
irgc_affiliated,2026-05-04,True,هند,16,0.114
irgc_affiliated,2026-05-04,True,اسپانیا,12,0.085
irgc_affiliated,2026-05-04,True,ونزوئلا,12,0.085
irgc_affiliated,2026-05-04,True,پاکستان,71,0.505
irgc_affiliated,2026-05-04,True,ایتالیا,12,0.085
irgc_affiliated,2026-05-04,True,اوکراین,52,0.37
irgc_affiliated,2026-05-04,True,طالبان,0,0.0
irgc_affiliated,2026-05-04,True,فرانسه,36,0.256
irgc_affiliated,2026-05-04,True,فلسطین,21,0.149
irgc_affiliated,2026-05-04,True,بحرین,33,0.235
irgc_affiliated,2026-05-04,True,سوریه,24,0.171
irgc_affiliated,2026-05-04,True,کومله,0,0.0
irgc_affiliated,2026-05-04,True,لبنان,213,1.514
irgc_affiliated,2026-05-04,True,ترکیه,46,0.327
irgc_affiliated,2026-05-04,True,روسیه,98,0.697
irgc_affiliated,2026-05-04,True,آلمان,34,0.242
irgc_affiliated,2026-05-04,True,عمان,24,0.171
irgc_affiliated,2026-05-04,True,اردن,2,0.014
irgc_affiliated,2026-05-04,True,عراق,86,0.611
irgc_affiliated,2026-05-04,True,حماس,15,0.107
irgc_affiliated,2026-05-04,True,کویت,23,0.163
irgc_affiliated,2026-05-04,True,داعش,4,0.028
irgc_affiliated,2026-05-04,True,پژاک,0,0.0
irgc_affiliated,2026-05-04,True,ژاپن,8,0.057
irgc_affiliated,2026-05-04,True,یمن,21,0.149
irgc_affiliated,2026-05-04,True,چین,122,0.867
irgc_affiliated,2026-05-04,True,غزه,69,0.49
irgc_affiliated,2026-05-04,True,قطر,40,0.284
irgc_affiliated,2026-05-11,True,مقاومت عراق / حشد شعبی,0,0.0
irgc_affiliated,2026-05-11,True,مجاهدین خلق,0,0.0
irgc_affiliated,2026-05-11,True,امارات,171,1.232
irgc_affiliated,2026-05-11,True,جمهوری آذربایجان,14,0.101
irgc_affiliated,2026-05-11,True,کتائب حزب‌الله,0,0.0
irgc_affiliated,2026-05-11,True,آذربایجان شرقی/غربی (Iranian provinces),8,0.058
irgc_affiliated,2026-05-11,True,اتحادیه اروپا,25,0.18
irgc_affiliated,2026-05-11,True,فلسطین اشغالی (Israel),31,0.223
irgc_affiliated,2026-05-11,True,عربستان,60,0.432
irgc_affiliated,2026-05-11,True,سلطنت‌طلبان,5,0.036
irgc_affiliated,2026-05-11,True,جهاد اسلامی,0,0.0
irgc_affiliated,2026-05-11,True,"دریای عمان (sea, not the country)",8,0.058
irgc_affiliated,2026-05-11,True,انصارالله / حوثی‌ها,4,0.029
irgc_affiliated,2026-05-11,True,جیش‌العدل,0,0.0
irgc_affiliated,2026-05-11,True,افغانستان,7,0.05
irgc_affiliated,2026-05-11,True,رضا پهلوی,5,0.036
irgc_affiliated,2026-05-11,True,انگلیس,36,0.259
irgc_affiliated,2026-05-11,True,حزب‌الله,186,1.34
irgc_affiliated,2026-05-11,True,هند,75,0.54
irgc_affiliated,2026-05-11,True,اسپانیا,7,0.05
irgc_affiliated,2026-05-11,True,ونزوئلا,25,0.18
irgc_affiliated,2026-05-11,True,پاکستان,80,0.576
irgc_affiliated,2026-05-11,True,ایتالیا,7,0.05
irgc_affiliated,2026-05-11,True,اوکراین,22,0.158
irgc_affiliated,2026-05-11,True,طالبان,2,0.014
irgc_affiliated,2026-05-11,True,فرانسه,19,0.137
irgc_affiliated,2026-05-11,True,فلسطین,75,0.54
irgc_affiliated,2026-05-11,True,بحرین,32,0.23
irgc_affiliated,2026-05-11,True,سوریه,11,0.079
irgc_affiliated,2026-05-11,True,کومله,0,0.0
irgc_affiliated,2026-05-11,True,لبنان,190,1.368
irgc_affiliated,2026-05-11,True,ترکیه,41,0.295
irgc_affiliated,2026-05-11,True,روسیه,82,0.591
irgc_affiliated,2026-05-11,True,آلمان,6,0.043
irgc_affiliated,2026-05-11,True,عمان,12,0.086
irgc_affiliated,2026-05-11,True,اردن,7,0.05
irgc_affiliated,2026-05-11,True,عراق,86,0.619
irgc_affiliated,2026-05-11,True,حماس,22,0.158
irgc_affiliated,2026-05-11,True,کویت,34,0.245
irgc_affiliated,2026-05-11,True,داعش,9,0.065
irgc_affiliated,2026-05-11,True,پژاک,0,0.0
irgc_affiliated,2026-05-11,True,ژاپن,17,0.122
irgc_affiliated,2026-05-11,True,یمن,19,0.137
irgc_affiliated,2026-05-11,True,چین,279,2.009
irgc_affiliated,2026-05-11,True,غزه,94,0.677
irgc_affiliated,2026-05-11,True,قطر,20,0.144
irgc_affiliated,2026-05-18,True,مقاومت عراق / حشد شعبی,1,0.007
irgc_affiliated,2026-05-18,True,مجاهدین خلق,0,0.0
irgc_affiliated,2026-05-18,True,امارات,65,0.453
irgc_affiliated,2026-05-18,True,جمهوری آذربایجان,7,0.049
irgc_affiliated,2026-05-18,True,کتائب حزب‌الله,0,0.0
irgc_affiliated,2026-05-18,True,آذربایجان شرقی/غربی (Iranian provinces),7,0.049
irgc_affiliated,2026-05-18,True,اتحادیه اروپا,56,0.391
irgc_affiliated,2026-05-18,True,فلسطین اشغالی (Israel),24,0.167
irgc_affiliated,2026-05-18,True,عربستان,60,0.418
irgc_affiliated,2026-05-18,True,سلطنت‌طلبان,3,0.021
irgc_affiliated,2026-05-18,True,جهاد اسلامی,0,0.0
irgc_affiliated,2026-05-18,True,"دریای عمان (sea, not the country)",0,0.0
irgc_affiliated,2026-05-18,True,انصارالله / حوثی‌ها,14,0.098
irgc_affiliated,2026-05-18,True,جیش‌العدل,0,0.0
irgc_affiliated,2026-05-18,True,افغانستان,1,0.007
irgc_affiliated,2026-05-18,True,رضا پهلوی,2,0.014
irgc_affiliated,2026-05-18,True,انگلیس,35,0.244
irgc_affiliated,2026-05-18,True,حزب‌الله,184,1.283
irgc_affiliated,2026-05-18,True,هند,35,0.244
irgc_affiliated,2026-05-18,True,اسپانیا,13,0.091
irgc_affiliated,2026-05-18,True,ونزوئلا,11,0.077
irgc_affiliated,2026-05-18,True,پاکستان,134,0.935
irgc_affiliated,2026-05-18,True,ایتالیا,14,0.098
irgc_affiliated,2026-05-18,True,اوکراین,40,0.279
irgc_affiliated,2026-05-18,True,طالبان,0,0.0
irgc_affiliated,2026-05-18,True,فرانسه,20,0.139
irgc_affiliated,2026-05-18,True,فلسطین,31,0.216
irgc_affiliated,2026-05-18,True,بحرین,19,0.133
irgc_affiliated,2026-05-18,True,سوریه,19,0.133
irgc_affiliated,2026-05-18,True,کومله,4,0.028
irgc_affiliated,2026-05-18,True,لبنان,197,1.374
irgc_affiliated,2026-05-18,True,ترکیه,50,0.349
irgc_affiliated,2026-05-18,True,روسیه,132,0.921
irgc_affiliated,2026-05-18,True,آلمان,21,0.146
irgc_affiliated,2026-05-18,True,عمان,21,0.146
irgc_affiliated,2026-05-18,True,اردن,10,0.07
irgc_affiliated,2026-05-18,True,عراق,76,0.53
irgc_affiliated,2026-05-18,True,حماس,11,0.077
irgc_affiliated,2026-05-18,True,کویت,4,0.028
irgc_affiliated,2026-05-18,True,داعش,0,0.0
irgc_affiliated,2026-05-18,True,پژاک,5,0.035
irgc_affiliated,2026-05-18,True,ژاپن,9,0.063
irgc_affiliated,2026-05-18,True,یمن,31,0.216
irgc_affiliated,2026-05-18,True,چین,110,0.767
irgc_affiliated,2026-05-18,True,غزه,66,0.46
irgc_affiliated,2026-05-18,True,قطر,41,0.286
irgc_affiliated,2026-05-25,True,مقاومت عراق / حشد شعبی,6,0.048
irgc_affiliated,2026-05-25,True,مجاهدین خلق,4,0.032
irgc_affiliated,2026-05-25,True,امارات,28,0.223
irgc_affiliated,2026-05-25,True,جمهوری آذربایجان,14,0.111
irgc_affiliated,2026-05-25,True,کتائب حزب‌الله,0,0.0
irgc_affiliated,2026-05-25,True,آذربایجان شرقی/غربی (Iranian provinces),2,0.016
irgc_affiliated,2026-05-25,True,اتحادیه اروپا,37,0.294
irgc_affiliated,2026-05-25,True,فلسطین اشغالی (Israel),44,0.35
irgc_affiliated,2026-05-25,True,عربستان,36,0.286
irgc_affiliated,2026-05-25,True,سلطنت‌طلبان,2,0.016
irgc_affiliated,2026-05-25,True,جهاد اسلامی,0,0.0
irgc_affiliated,2026-05-25,True,"دریای عمان (sea, not the country)",0,0.0
irgc_affiliated,2026-05-25,True,انصارالله / حوثی‌ها,9,0.072
irgc_affiliated,2026-05-25,True,جیش‌العدل,0,0.0
irgc_affiliated,2026-05-25,True,افغانستان,7,0.056
irgc_affiliated,2026-05-25,True,رضا پهلوی,1,0.008
irgc_affiliated,2026-05-25,True,انگلیس,19,0.151
irgc_affiliated,2026-05-25,True,حزب‌الله,186,1.48
irgc_affiliated,2026-05-25,True,هند,14,0.111
irgc_affiliated,2026-05-25,True,اسپانیا,2,0.016
irgc_affiliated,2026-05-25,True,ونزوئلا,5,0.04
irgc_affiliated,2026-05-25,True,پاکستان,60,0.477
irgc_affiliated,2026-05-25,True,ایتالیا,6,0.048
irgc_affiliated,2026-05-25,True,اوکراین,32,0.255
irgc_affiliated,2026-05-25,True,طالبان,1,0.008
irgc_affiliated,2026-05-25,True,فرانسه,24,0.191
irgc_affiliated,2026-05-25,True,فلسطین,31,0.247
irgc_affiliated,2026-05-25,True,بحرین,10,0.08
irgc_affiliated,2026-05-25,True,سوریه,15,0.119
irgc_affiliated,2026-05-25,True,کومله,1,0.008
irgc_affiliated,2026-05-25,True,لبنان,272,2.164
irgc_affiliated,2026-05-25,True,ترکیه,33,0.263
irgc_affiliated,2026-05-25,True,روسیه,87,0.692
irgc_affiliated,2026-05-25,True,آلمان,9,0.072
irgc_affiliated,2026-05-25,True,عمان,53,0.422
irgc_affiliated,2026-05-25,True,اردن,6,0.048
irgc_affiliated,2026-05-25,True,عراق,28,0.223
irgc_affiliated,2026-05-25,True,حماس,12,0.095
irgc_affiliated,2026-05-25,True,کویت,9,0.072
irgc_affiliated,2026-05-25,True,داعش,3,0.024
irgc_affiliated,2026-05-25,True,پژاک,0,0.0
irgc_affiliated,2026-05-25,True,ژاپن,7,0.056
irgc_affiliated,2026-05-25,True,یمن,34,0.271
irgc_affiliated,2026-05-25,True,چین,46,0.366
irgc_affiliated,2026-05-25,True,غزه,66,0.525
irgc_affiliated,2026-05-25,True,قطر,53,0.422
irgc_affiliated,2026-06-01,True,مقاومت عراق / حشد شعبی,3,0.022
irgc_affiliated,2026-06-01,True,مجاهدین خلق,0,0.0
irgc_affiliated,2026-06-01,True,امارات,47,0.35
irgc_affiliated,2026-06-01,True,جمهوری آذربایجان,17,0.127
irgc_affiliated,2026-06-01,True,کتائب حزب‌الله,1,0.007
irgc_affiliated,2026-06-01,True,آذربایجان شرقی/غربی (Iranian provinces),4,0.03
irgc_affiliated,2026-06-01,True,اتحادیه اروپا,37,0.275
irgc_affiliated,2026-06-01,True,فلسطین اشغالی (Israel),46,0.342
irgc_affiliated,2026-06-01,True,عربستان,23,0.171
irgc_affiliated,2026-06-01,True,سلطنت‌طلبان,0,0.0
irgc_affiliated,2026-06-01,True,جهاد اسلامی,3,0.022
irgc_affiliated,2026-06-01,True,"دریای عمان (sea, not the country)",10,0.074
irgc_affiliated,2026-06-01,True,انصارالله / حوثی‌ها,18,0.134
irgc_affiliated,2026-06-01,True,جیش‌العدل,0,0.0
irgc_affiliated,2026-06-01,True,افغانستان,5,0.037
irgc_affiliated,2026-06-01,True,رضا پهلوی,2,0.015
irgc_affiliated,2026-06-01,True,انگلیس,39,0.29
irgc_affiliated,2026-06-01,True,حزب‌الله,310,2.307
irgc_affiliated,2026-06-01,True,هند,10,0.074
irgc_affiliated,2026-06-01,True,اسپانیا,4,0.03
irgc_affiliated,2026-06-01,True,ونزوئلا,9,0.067
irgc_affiliated,2026-06-01,True,پاکستان,42,0.313
irgc_affiliated,2026-06-01,True,ایتالیا,7,0.052
irgc_affiliated,2026-06-01,True,اوکراین,48,0.357
irgc_affiliated,2026-06-01,True,طالبان,0,0.0
irgc_affiliated,2026-06-01,True,فرانسه,27,0.201
irgc_affiliated,2026-06-01,True,فلسطین,30,0.223
irgc_affiliated,2026-06-01,True,بحرین,43,0.32
irgc_affiliated,2026-06-01,True,سوریه,18,0.134
irgc_affiliated,2026-06-01,True,کومله,2,0.015
irgc_affiliated,2026-06-01,True,لبنان,645,4.801
irgc_affiliated,2026-06-01,True,ترکیه,32,0.238
irgc_affiliated,2026-06-01,True,روسیه,101,0.752
irgc_affiliated,2026-06-01,True,آلمان,15,0.112
irgc_affiliated,2026-06-01,True,عمان,26,0.194
irgc_affiliated,2026-06-01,True,اردن,6,0.045
irgc_affiliated,2026-06-01,True,عراق,75,0.558
irgc_affiliated,2026-06-01,True,حماس,14,0.104
irgc_affiliated,2026-06-01,True,کویت,111,0.826
irgc_affiliated,2026-06-01,True,داعش,2,0.015
irgc_affiliated,2026-06-01,True,پژاک,5,0.037
irgc_affiliated,2026-06-01,True,ژاپن,14,0.104
irgc_affiliated,2026-06-01,True,یمن,26,0.194
irgc_affiliated,2026-06-01,True,چین,50,0.372
irgc_affiliated,2026-06-01,True,غزه,54,0.402
irgc_affiliated,2026-06-01,True,قطر,20,0.149
irgc_affiliated,2026-06-08,True,مقاومت عراق / حشد شعبی,4,0.028
irgc_affiliated,2026-06-08,True,مجاهدین خلق,0,0.0
irgc_affiliated,2026-06-08,True,امارات,33,0.234
irgc_affiliated,2026-06-08,True,جمهوری آذربایجان,6,0.043
irgc_affiliated,2026-06-08,True,کتائب حزب‌الله,0,0.0
irgc_affiliated,2026-06-08,True,آذربایجان شرقی/غربی (Iranian provinces),5,0.036
irgc_affiliated,2026-06-08,True,اتحادیه اروپا,26,0.185
irgc_affiliated,2026-06-08,True,فلسطین اشغالی (Israel),57,0.405
irgc_affiliated,2026-06-08,True,عربستان,30,0.213
irgc_affiliated,2026-06-08,True,سلطنت‌طلبان,2,0.014
irgc_affiliated,2026-06-08,True,جهاد اسلامی,2,0.014
irgc_affiliated,2026-06-08,True,"دریای عمان (sea, not the country)",9,0.064
irgc_affiliated,2026-06-08,True,انصارالله / حوثی‌ها,8,0.057
irgc_affiliated,2026-06-08,True,جیش‌العدل,0,0.0
irgc_affiliated,2026-06-08,True,افغانستان,10,0.071
irgc_affiliated,2026-06-08,True,رضا پهلوی,1,0.007
irgc_affiliated,2026-06-08,True,انگلیس,36,0.256
irgc_affiliated,2026-06-08,True,حزب‌الله,183,1.3
irgc_affiliated,2026-06-08,True,هند,24,0.17
irgc_affiliated,2026-06-08,True,اسپانیا,1,0.007
irgc_affiliated,2026-06-08,True,ونزوئلا,4,0.028
irgc_affiliated,2026-06-08,True,پاکستان,43,0.305
irgc_affiliated,2026-06-08,True,ایتالیا,0,0.0
irgc_affiliated,2026-06-08,True,اوکراین,22,0.156
irgc_affiliated,2026-06-08,True,طالبان,4,0.028
irgc_affiliated,2026-06-08,True,فرانسه,19,0.135
irgc_affiliated,2026-06-08,True,فلسطین,24,0.17
irgc_affiliated,2026-06-08,True,بحرین,65,0.462
irgc_affiliated,2026-06-08,True,سوریه,15,0.107
irgc_affiliated,2026-06-08,True,کومله,0,0.0
irgc_affiliated,2026-06-08,True,لبنان,342,2.429
irgc_affiliated,2026-06-08,True,ترکیه,24,0.17
irgc_affiliated,2026-06-08,True,روسیه,51,0.362
irgc_affiliated,2026-06-08,True,آلمان,8,0.057
irgc_affiliated,2026-06-08,True,عمان,36,0.256
irgc_affiliated,2026-06-08,True,اردن,38,0.27
irgc_affiliated,2026-06-08,True,عراق,42,0.298
irgc_affiliated,2026-06-08,True,حماس,10,0.071
irgc_affiliated,2026-06-08,True,کویت,36,0.256
irgc_affiliated,2026-06-08,True,داعش,0,0.0
irgc_affiliated,2026-06-08,True,پژاک,0,0.0
irgc_affiliated,2026-06-08,True,ژاپن,5,0.036
irgc_affiliated,2026-06-08,True,یمن,49,0.348
irgc_affiliated,2026-06-08,True,چین,31,0.22
irgc_affiliated,2026-06-08,True,غزه,52,0.369
irgc_affiliated,2026-06-08,True,قطر,33,0.234
irgc_affiliated,2026-06-15,True,مقاومت عراق / حشد شعبی,0,0.0
irgc_affiliated,2026-06-15,True,مجاهدین خلق,0,0.0
irgc_affiliated,2026-06-15,True,امارات,2,0.013
irgc_affiliated,2026-06-15,True,جمهوری آذربایجان,5,0.032
irgc_affiliated,2026-06-15,True,کتائب حزب‌الله,0,0.0
irgc_affiliated,2026-06-15,True,آذربایجان شرقی/غربی (Iranian provinces),5,0.032
irgc_affiliated,2026-06-15,True,اتحادیه اروپا,20,0.128
irgc_affiliated,2026-06-15,True,فلسطین اشغالی (Israel),5,0.032
irgc_affiliated,2026-06-15,True,عربستان,41,0.261
irgc_affiliated,2026-06-15,True,سلطنت‌طلبان,4,0.026
irgc_affiliated,2026-06-15,True,جهاد اسلامی,0,0.0
irgc_affiliated,2026-06-15,True,"دریای عمان (sea, not the country)",4,0.026
irgc_affiliated,2026-06-15,True,انصارالله / حوثی‌ها,5,0.032
irgc_affiliated,2026-06-15,True,جیش‌العدل,0,0.0
irgc_affiliated,2026-06-15,True,افغانستان,11,0.07
irgc_affiliated,2026-06-15,True,رضا پهلوی,4,0.026
irgc_affiliated,2026-06-15,True,انگلیس,31,0.198
irgc_affiliated,2026-06-15,True,حزب‌الله,208,1.326
irgc_affiliated,2026-06-15,True,هند,8,0.051
irgc_affiliated,2026-06-15,True,اسپانیا,23,0.147
irgc_affiliated,2026-06-15,True,ونزوئلا,2,0.013
irgc_affiliated,2026-06-15,True,پاکستان,108,0.689
irgc_affiliated,2026-06-15,True,ایتالیا,10,0.064
irgc_affiliated,2026-06-15,True,اوکراین,40,0.255
irgc_affiliated,2026-06-15,True,طالبان,6,0.038
irgc_affiliated,2026-06-15,True,فرانسه,41,0.261
irgc_affiliated,2026-06-15,True,فلسطین,20,0.128
irgc_affiliated,2026-06-15,True,بحرین,12,0.077
irgc_affiliated,2026-06-15,True,سوریه,36,0.23
irgc_affiliated,2026-06-15,True,کومله,0,0.0
irgc_affiliated,2026-06-15,True,لبنان,700,4.463
irgc_affiliated,2026-06-15,True,ترکیه,35,0.223
irgc_affiliated,2026-06-15,True,روسیه,69,0.44
irgc_affiliated,2026-06-15,True,آلمان,13,0.083
irgc_affiliated,2026-06-15,True,عمان,26,0.166
irgc_affiliated,2026-06-15,True,اردن,8,0.051
irgc_affiliated,2026-06-15,True,عراق,45,0.287
irgc_affiliated,2026-06-15,True,حماس,9,0.057
irgc_affiliated,2026-06-15,True,کویت,12,0.077
irgc_affiliated,2026-06-15,True,داعش,9,0.057
irgc_affiliated,2026-06-15,True,پژاک,0,0.0
irgc_affiliated,2026-06-15,True,ژاپن,26,0.166
irgc_affiliated,2026-06-15,True,یمن,25,0.159
irgc_affiliated,2026-06-15,True,چین,66,0.421
irgc_affiliated,2026-06-15,True,غزه,58,0.37
irgc_affiliated,2026-06-15,True,قطر,70,0.446
irgc_affiliated,2026-06-22,True,مقاومت عراق / حشد شعبی,3,0.022
irgc_affiliated,2026-06-22,True,مجاهدین خلق,3,0.022
irgc_affiliated,2026-06-22,True,امارات,22,0.159
irgc_affiliated,2026-06-22,True,جمهوری آذربایجان,19,0.137
irgc_affiliated,2026-06-22,True,کتائب حزب‌الله,0,0.0
irgc_affiliated,2026-06-22,True,آذربایجان شرقی/غربی (Iranian provinces),2,0.014
irgc_affiliated,2026-06-22,True,اتحادیه اروپا,19,0.137
irgc_affiliated,2026-06-22,True,فلسطین اشغالی (Israel),7,0.051
irgc_affiliated,2026-06-22,True,عربستان,24,0.173
irgc_affiliated,2026-06-22,True,سلطنت‌طلبان,2,0.014
irgc_affiliated,2026-06-22,True,جهاد اسلامی,0,0.0
irgc_affiliated,2026-06-22,True,"دریای عمان (sea, not the country)",3,0.022
irgc_affiliated,2026-06-22,True,انصارالله / حوثی‌ها,2,0.014
irgc_affiliated,2026-06-22,True,جیش‌العدل,0,0.0
irgc_affiliated,2026-06-22,True,افغانستان,8,0.058
irgc_affiliated,2026-06-22,True,رضا پهلوی,4,0.029
irgc_affiliated,2026-06-22,True,انگلیس,35,0.253
irgc_affiliated,2026-06-22,True,حزب‌الله,106,0.765
irgc_affiliated,2026-06-22,True,هند,13,0.094
irgc_affiliated,2026-06-22,True,اسپانیا,11,0.079
irgc_affiliated,2026-06-22,True,ونزوئلا,45,0.325
irgc_affiliated,2026-06-22,True,پاکستان,123,0.887
irgc_affiliated,2026-06-22,True,ایتالیا,30,0.216
irgc_affiliated,2026-06-22,True,اوکراین,34,0.245
irgc_affiliated,2026-06-22,True,طالبان,1,0.007
irgc_affiliated,2026-06-22,True,فرانسه,47,0.339
irgc_affiliated,2026-06-22,True,فلسطین,43,0.31
irgc_affiliated,2026-06-22,True,بحرین,47,0.339
irgc_affiliated,2026-06-22,True,سوریه,23,0.166
irgc_affiliated,2026-06-22,True,کومله,0,0.0
irgc_affiliated,2026-06-22,True,لبنان,467,3.37
irgc_affiliated,2026-06-22,True,ترکیه,34,0.245
irgc_affiliated,2026-06-22,True,روسیه,57,0.411
irgc_affiliated,2026-06-22,True,آلمان,16,0.115
irgc_affiliated,2026-06-22,True,عمان,78,0.563
irgc_affiliated,2026-06-22,True,اردن,6,0.043
irgc_affiliated,2026-06-22,True,عراق,166,1.198
irgc_affiliated,2026-06-22,True,حماس,22,0.159
irgc_affiliated,2026-06-22,True,کویت,26,0.188
irgc_affiliated,2026-06-22,True,داعش,2,0.014
irgc_affiliated,2026-06-22,True,پژاک,0,0.0
irgc_affiliated,2026-06-22,True,ژاپن,18,0.13
irgc_affiliated,2026-06-22,True,یمن,11,0.079
irgc_affiliated,2026-06-22,True,چین,15,0.108
irgc_affiliated,2026-06-22,True,غزه,91,0.657
irgc_affiliated,2026-06-22,True,قطر,80,0.577
irgc_affiliated,2026-06-29,True,مقاومت عراق / حشد شعبی,14,0.073
irgc_affiliated,2026-06-29,True,مجاهدین خلق,0,0.0
irgc_affiliated,2026-06-29,True,امارات,9,0.047
irgc_affiliated,2026-06-29,True,جمهوری آذربایجان,11,0.058
irgc_affiliated,2026-06-29,True,کتائب حزب‌الله,2,0.01
irgc_affiliated,2026-06-29,True,آذربایجان شرقی/غربی (Iranian provinces),4,0.021
irgc_affiliated,2026-06-29,True,اتحادیه اروپا,12,0.063
irgc_affiliated,2026-06-29,True,فلسطین اشغالی (Israel),3,0.016
irgc_affiliated,2026-06-29,True,عربستان,37,0.194
irgc_affiliated,2026-06-29,True,سلطنت‌طلبان,0,0.0
irgc_affiliated,2026-06-29,True,جهاد اسلامی,5,0.026
irgc_affiliated,2026-06-29,True,"دریای عمان (sea, not the country)",3,0.016
irgc_affiliated,2026-06-29,True,انصارالله / حوثی‌ها,6,0.031
irgc_affiliated,2026-06-29,True,جیش‌العدل,0,0.0
irgc_affiliated,2026-06-29,True,افغانستان,24,0.126
irgc_affiliated,2026-06-29,True,رضا پهلوی,5,0.026
irgc_affiliated,2026-06-29,True,انگلیس,25,0.131
irgc_affiliated,2026-06-29,True,حزب‌الله,37,0.194
irgc_affiliated,2026-06-29,True,هند,24,0.126
irgc_affiliated,2026-06-29,True,اسپانیا,19,0.099
irgc_affiliated,2026-06-29,True,ونزوئلا,10,0.052
irgc_affiliated,2026-06-29,True,پاکستان,87,0.455
irgc_affiliated,2026-06-29,True,ایتالیا,5,0.026
irgc_affiliated,2026-06-29,True,اوکراین,30,0.157
irgc_affiliated,2026-06-29,True,طالبان,14,0.073
irgc_affiliated,2026-06-29,True,فرانسه,39,0.204
irgc_affiliated,2026-06-29,True,فلسطین,30,0.157
irgc_affiliated,2026-06-29,True,بحرین,8,0.042
irgc_affiliated,2026-06-29,True,سوریه,49,0.256
irgc_affiliated,2026-06-29,True,کومله,2,0.01
irgc_affiliated,2026-06-29,True,لبنان,252,1.318
irgc_affiliated,2026-06-29,True,ترکیه,26,0.136
irgc_affiliated,2026-06-29,True,روسیه,86,0.45
irgc_affiliated,2026-06-29,True,آلمان,30,0.157
irgc_affiliated,2026-06-29,True,عمان,40,0.209
irgc_affiliated,2026-06-29,True,اردن,5,0.026
irgc_affiliated,2026-06-29,True,عراق,209,1.093
irgc_affiliated,2026-06-29,True,حماس,10,0.052
irgc_affiliated,2026-06-29,True,کویت,3,0.016
irgc_affiliated,2026-06-29,True,داعش,3,0.016
irgc_affiliated,2026-06-29,True,پژاک,0,0.0
irgc_affiliated,2026-06-29,True,ژاپن,22,0.115
irgc_affiliated,2026-06-29,True,یمن,59,0.309
irgc_affiliated,2026-06-29,True,چین,48,0.251
irgc_affiliated,2026-06-29,True,غزه,58,0.303
irgc_affiliated,2026-06-29,True,قطر,50,0.262
irgc_affiliated,2026-07-06,True,مقاومت عراق / حشد شعبی,14,0.092
irgc_affiliated,2026-07-06,True,مجاهدین خلق,0,0.0
irgc_affiliated,2026-07-06,True,امارات,32,0.21
irgc_affiliated,2026-07-06,True,جمهوری آذربایجان,5,0.033
irgc_affiliated,2026-07-06,True,کتائب حزب‌الله,0,0.0
irgc_affiliated,2026-07-06,True,آذربایجان شرقی/غربی (Iranian provinces),4,0.026
irgc_affiliated,2026-07-06,True,اتحادیه اروپا,13,0.085
irgc_affiliated,2026-07-06,True,فلسطین اشغالی (Israel),5,0.033
irgc_affiliated,2026-07-06,True,عربستان,27,0.177
irgc_affiliated,2026-07-06,True,سلطنت‌طلبان,0,0.0
irgc_affiliated,2026-07-06,True,جهاد اسلامی,0,0.0
irgc_affiliated,2026-07-06,True,"دریای عمان (sea, not the country)",7,0.046
irgc_affiliated,2026-07-06,True,انصارالله / حوثی‌ها,11,0.072
irgc_affiliated,2026-07-06,True,جیش‌العدل,0,0.0
irgc_affiliated,2026-07-06,True,افغانستان,5,0.033
irgc_affiliated,2026-07-06,True,رضا پهلوی,3,0.02
irgc_affiliated,2026-07-06,True,انگلیس,54,0.355
irgc_affiliated,2026-07-06,True,حزب‌الله,19,0.125
irgc_affiliated,2026-07-06,True,هند,14,0.092
irgc_affiliated,2026-07-06,True,اسپانیا,30,0.197
irgc_affiliated,2026-07-06,True,ونزوئلا,9,0.059
irgc_affiliated,2026-07-06,True,پاکستان,37,0.243
irgc_affiliated,2026-07-06,True,ایتالیا,7,0.046
irgc_affiliated,2026-07-06,True,اوکراین,24,0.158
irgc_affiliated,2026-07-06,True,طالبان,5,0.033
irgc_affiliated,2026-07-06,True,فرانسه,17,0.112
irgc_affiliated,2026-07-06,True,فلسطین,6,0.039
irgc_affiliated,2026-07-06,True,بحرین,92,0.604
irgc_affiliated,2026-07-06,True,سوریه,14,0.092
irgc_affiliated,2026-07-06,True,کومله,0,0.0
irgc_affiliated,2026-07-06,True,لبنان,100,0.657
irgc_affiliated,2026-07-06,True,ترکیه,44,0.289
irgc_affiliated,2026-07-06,True,روسیه,46,0.302
irgc_affiliated,2026-07-06,True,آلمان,16,0.105
irgc_affiliated,2026-07-06,True,عمان,70,0.46
irgc_affiliated,2026-07-06,True,اردن,45,0.296
irgc_affiliated,2026-07-06,True,عراق,363,2.385
irgc_affiliated,2026-07-06,True,حماس,3,0.02
irgc_affiliated,2026-07-06,True,کویت,75,0.493
irgc_affiliated,2026-07-06,True,داعش,3,0.02
irgc_affiliated,2026-07-06,True,پژاک,0,0.0
irgc_affiliated,2026-07-06,True,ژاپن,5,0.033
irgc_affiliated,2026-07-06,True,یمن,34,0.223
irgc_affiliated,2026-07-06,True,چین,42,0.276
irgc_affiliated,2026-07-06,True,غزه,38,0.25
irgc_affiliated,2026-07-06,True,قطر,70,0.46
irgc_affiliated,2026-07-13,True,مقاومت عراق / حشد شعبی,12,0.073
irgc_affiliated,2026-07-13,True,مجاهدین خلق,0,0.0
irgc_affiliated,2026-07-13,True,امارات,52,0.318
irgc_affiliated,2026-07-13,True,جمهوری آذربایجان,8,0.049
irgc_affiliated,2026-07-13,True,کتائب حزب‌الله,2,0.012
irgc_affiliated,2026-07-13,True,آذربایجان شرقی/غربی (Iranian provinces),5,0.031
irgc_affiliated,2026-07-13,True,اتحادیه اروپا,13,0.079
irgc_affiliated,2026-07-13,True,فلسطین اشغالی (Israel),5,0.031
irgc_affiliated,2026-07-13,True,عربستان,141,0.862
irgc_affiliated,2026-07-13,True,سلطنت‌طلبان,1,0.006
irgc_affiliated,2026-07-13,True,جهاد اسلامی,0,0.0
irgc_affiliated,2026-07-13,True,"دریای عمان (sea, not the country)",5,0.031
irgc_affiliated,2026-07-13,True,انصارالله / حوثی‌ها,42,0.257
irgc_affiliated,2026-07-13,True,جیش‌العدل,0,0.0
irgc_affiliated,2026-07-13,True,افغانستان,5,0.031
irgc_affiliated,2026-07-13,True,رضا پهلوی,0,0.0
irgc_affiliated,2026-07-13,True,انگلیس,114,0.697
irgc_affiliated,2026-07-13,True,حزب‌الله,29,0.177
irgc_affiliated,2026-07-13,True,هند,12,0.073
irgc_affiliated,2026-07-13,True,اسپانیا,65,0.397
irgc_affiliated,2026-07-13,True,ونزوئلا,4,0.024
irgc_affiliated,2026-07-13,True,پاکستان,16,0.098
irgc_affiliated,2026-07-13,True,ایتالیا,2,0.012
irgc_affiliated,2026-07-13,True,اوکراین,31,0.189
irgc_affiliated,2026-07-13,True,طالبان,0,0.0
irgc_affiliated,2026-07-13,True,فرانسه,64,0.391
irgc_affiliated,2026-07-13,True,فلسطین,45,0.275
irgc_affiliated,2026-07-13,True,بحرین,169,1.033
irgc_affiliated,2026-07-13,True,سوریه,22,0.134
irgc_affiliated,2026-07-13,True,کومله,4,0.024
irgc_affiliated,2026-07-13,True,لبنان,121,0.739
irgc_affiliated,2026-07-13,True,ترکیه,20,0.122
irgc_affiliated,2026-07-13,True,روسیه,81,0.495
irgc_affiliated,2026-07-13,True,آلمان,16,0.098
irgc_affiliated,2026-07-13,True,عمان,68,0.416
irgc_affiliated,2026-07-13,True,اردن,168,1.027
irgc_affiliated,2026-07-13,True,عراق,192,1.173
irgc_affiliated,2026-07-13,True,حماس,7,0.043
irgc_affiliated,2026-07-13,True,کویت,255,1.558
irgc_affiliated,2026-07-13,True,داعش,2,0.012
irgc_affiliated,2026-07-13,True,پژاک,0,0.0
irgc_affiliated,2026-07-13,True,ژاپن,2,0.012
irgc_affiliated,2026-07-13,True,یمن,140,0.856
irgc_affiliated,2026-07-13,True,چین,36,0.22
irgc_affiliated,2026-07-13,True,غزه,56,0.342
irgc_affiliated,2026-07-13,True,قطر,39,0.238
irgc_affiliated,2026-07-20,True,مقاومت عراق / حشد شعبی,1,0.007
irgc_affiliated,2026-07-20,True,مجاهدین خلق,0,0.0
irgc_affiliated,2026-07-20,True,امارات,30,0.222
irgc_affiliated,2026-07-20,True,جمهوری آذربایجان,3,0.022
irgc_affiliated,2026-07-20,True,کتائب حزب‌الله,2,0.015
irgc_affiliated,2026-07-20,True,آذربایجان شرقی/غربی (Iranian provinces),3,0.022
irgc_affiliated,2026-07-20,True,اتحادیه اروپا,31,0.229
irgc_affiliated,2026-07-20,True,فلسطین اشغالی (Israel),5,0.037
irgc_affiliated,2026-07-20,True,عربستان,307,2.273
irgc_affiliated,2026-07-20,True,سلطنت‌طلبان,0,0.0
irgc_affiliated,2026-07-20,True,جهاد اسلامی,0,0.0
irgc_affiliated,2026-07-20,True,"دریای عمان (sea, not the country)",9,0.067
irgc_affiliated,2026-07-20,True,انصارالله / حوثی‌ها,27,0.2
irgc_affiliated,2026-07-20,True,جیش‌العدل,0,0.0
irgc_affiliated,2026-07-20,True,افغانستان,2,0.015
irgc_affiliated,2026-07-20,True,رضا پهلوی,5,0.037
irgc_affiliated,2026-07-20,True,انگلیس,59,0.437
irgc_affiliated,2026-07-20,True,حزب‌الله,35,0.259
irgc_affiliated,2026-07-20,True,هند,22,0.163
irgc_affiliated,2026-07-20,True,اسپانیا,45,0.333
irgc_affiliated,2026-07-20,True,ونزوئلا,10,0.074
irgc_affiliated,2026-07-20,True,پاکستان,25,0.185
irgc_affiliated,2026-07-20,True,ایتالیا,5,0.037
irgc_affiliated,2026-07-20,True,اوکراین,48,0.355
irgc_affiliated,2026-07-20,True,طالبان,0,0.0
irgc_affiliated,2026-07-20,True,فرانسه,32,0.237
irgc_affiliated,2026-07-20,True,فلسطین,30,0.222
irgc_affiliated,2026-07-20,True,بحرین,140,1.036
irgc_affiliated,2026-07-20,True,سوریه,16,0.118
irgc_affiliated,2026-07-20,True,کومله,0,0.0
irgc_affiliated,2026-07-20,True,لبنان,72,0.533
irgc_affiliated,2026-07-20,True,ترکیه,13,0.096
irgc_affiliated,2026-07-20,True,روسیه,64,0.474
irgc_affiliated,2026-07-20,True,آلمان,21,0.155
irgc_affiliated,2026-07-20,True,عمان,32,0.237
irgc_affiliated,2026-07-20,True,اردن,142,1.051
irgc_affiliated,2026-07-20,True,عراق,200,1.48
irgc_affiliated,2026-07-20,True,حماس,22,0.163
irgc_affiliated,2026-07-20,True,کویت,193,1.429
irgc_affiliated,2026-07-20,True,داعش,3,0.022
irgc_affiliated,2026-07-20,True,پژاک,0,0.0
irgc_affiliated,2026-07-20,True,ژاپن,5,0.037
irgc_affiliated,2026-07-20,True,یمن,192,1.421
irgc_affiliated,2026-07-20,True,چین,31,0.229
irgc_affiliated,2026-07-20,True,غزه,25,0.185
irgc_affiliated,2026-07-20,True,قطر,23,0.17
irgc_affiliated,2026-07-27,True,مقاومت عراق / حشد شعبی,29,0.267
irgc_affiliated,2026-07-27,True,مجاهدین خلق,0,0.0
irgc_affiliated,2026-07-27,True,امارات,15,0.138
irgc_affiliated,2026-07-27,True,جمهوری آذربایجان,10,0.092
irgc_affiliated,2026-07-27,True,کتائب حزب‌الله,0,0.0
irgc_affiliated,2026-07-27,True,آذربایجان شرقی/غربی (Iranian provinces),3,0.028
irgc_affiliated,2026-07-27,True,اتحادیه اروپا,21,0.194
irgc_affiliated,2026-07-27,True,فلسطین اشغالی (Israel),8,0.074
irgc_affiliated,2026-07-27,True,عربستان,276,2.545
irgc_affiliated,2026-07-27,True,سلطنت‌طلبان,5,0.046
irgc_affiliated,2026-07-27,True,جهاد اسلامی,0,0.0
irgc_affiliated,2026-07-27,True,"دریای عمان (sea, not the country)",8,0.074
irgc_affiliated,2026-07-27,True,انصارالله / حوثی‌ها,27,0.249
irgc_affiliated,2026-07-27,True,جیش‌العدل,0,0.0
irgc_affiliated,2026-07-27,True,افغانستان,8,0.074
irgc_affiliated,2026-07-27,True,رضا پهلوی,4,0.037
irgc_affiliated,2026-07-27,True,انگلیس,40,0.369
irgc_affiliated,2026-07-27,True,حزب‌الله,30,0.277
irgc_affiliated,2026-07-27,True,هند,12,0.111
irgc_affiliated,2026-07-27,True,اسپانیا,19,0.175
irgc_affiliated,2026-07-27,True,ونزوئلا,4,0.037
irgc_affiliated,2026-07-27,True,پاکستان,19,0.175
irgc_affiliated,2026-07-27,True,ایتالیا,6,0.055
irgc_affiliated,2026-07-27,True,اوکراین,73,0.673
irgc_affiliated,2026-07-27,True,طالبان,3,0.028
irgc_affiliated,2026-07-27,True,فرانسه,14,0.129
irgc_affiliated,2026-07-27,True,فلسطین,34,0.313
irgc_affiliated,2026-07-27,True,بحرین,14,0.129
irgc_affiliated,2026-07-27,True,سوریه,10,0.092
irgc_affiliated,2026-07-27,True,کومله,0,0.0
irgc_affiliated,2026-07-27,True,لبنان,89,0.821
irgc_affiliated,2026-07-27,True,ترکیه,19,0.175
irgc_affiliated,2026-07-27,True,روسیه,85,0.784
irgc_affiliated,2026-07-27,True,آلمان,6,0.055
irgc_affiliated,2026-07-27,True,عمان,44,0.406
irgc_affiliated,2026-07-27,True,اردن,67,0.618
irgc_affiliated,2026-07-27,True,عراق,234,2.158
irgc_affiliated,2026-07-27,True,حماس,31,0.286
irgc_affiliated,2026-07-27,True,کویت,50,0.461
irgc_affiliated,2026-07-27,True,داعش,2,0.018
irgc_affiliated,2026-07-27,True,پژاک,5,0.046
irgc_affiliated,2026-07-27,True,ژاپن,28,0.258
irgc_affiliated,2026-07-27,True,یمن,145,1.337
irgc_affiliated,2026-07-27,True,چین,22,0.203
irgc_affiliated,2026-07-27,True,غزه,75,0.692
irgc_affiliated,2026-07-27,True,قطر,37,0.341
irgc_affiliated,2026-08-03,True,مقاومت عراق / حشد شعبی,15,0.136
irgc_affiliated,2026-08-03,True,مجاهدین خلق,0,0.0
irgc_affiliated,2026-08-03,True,امارات,26,0.236
irgc_affiliated,2026-08-03,True,جمهوری آذربایجان,5,0.045
irgc_affiliated,2026-08-03,True,کتائب حزب‌الله,1,0.009
irgc_affiliated,2026-08-03,True,آذربایجان شرقی/غربی (Iranian provinces),3,0.027
irgc_affiliated,2026-08-03,True,اتحادیه اروپا,17,0.155
irgc_affiliated,2026-08-03,True,فلسطین اشغالی (Israel),4,0.036
irgc_affiliated,2026-08-03,True,عربستان,297,2.699
irgc_affiliated,2026-08-03,True,سلطنت‌طلبان,0,0.0
irgc_affiliated,2026-08-03,True,جهاد اسلامی,0,0.0
irgc_affiliated,2026-08-03,True,"دریای عمان (sea, not the country)",0,0.0
irgc_affiliated,2026-08-03,True,انصارالله / حوثی‌ها,32,0.291
irgc_affiliated,2026-08-03,True,جیش‌العدل,0,0.0
irgc_affiliated,2026-08-03,True,افغانستان,6,0.055
irgc_affiliated,2026-08-03,True,رضا پهلوی,0,0.0
irgc_affiliated,2026-08-03,True,انگلیس,32,0.291
irgc_affiliated,2026-08-03,True,حزب‌الله,31,0.282
irgc_affiliated,2026-08-03,True,هند,3,0.027
irgc_affiliated,2026-08-03,True,اسپانیا,13,0.118
irgc_affiliated,2026-08-03,True,ونزوئلا,15,0.136
irgc_affiliated,2026-08-03,True,پاکستان,56,0.509
irgc_affiliated,2026-08-03,True,ایتالیا,6,0.055
irgc_affiliated,2026-08-03,True,اوکراین,44,0.4
irgc_affiliated,2026-08-03,True,طالبان,2,0.018
irgc_affiliated,2026-08-03,True,فرانسه,18,0.164
irgc_affiliated,2026-08-03,True,فلسطین,34,0.309
irgc_affiliated,2026-08-03,True,بحرین,8,0.073
irgc_affiliated,2026-08-03,True,سوریه,47,0.427
irgc_affiliated,2026-08-03,True,کومله,0,0.0
irgc_affiliated,2026-08-03,True,لبنان,154,1.4
irgc_affiliated,2026-08-03,True,ترکیه,49,0.445
irgc_affiliated,2026-08-03,True,روسیه,58,0.527
irgc_affiliated,2026-08-03,True,آلمان,9,0.082
irgc_affiliated,2026-08-03,True,عمان,92,0.836
irgc_affiliated,2026-08-03,True,اردن,11,0.1
irgc_affiliated,2026-08-03,True,عراق,110,1.0
irgc_affiliated,2026-08-03,True,حماس,10,0.091
irgc_affiliated,2026-08-03,True,کویت,14,0.127
irgc_affiliated,2026-08-03,True,داعش,10,0.091
irgc_affiliated,2026-08-03,True,پژاک,0,0.0
irgc_affiliated,2026-08-03,True,ژاپن,22,0.2
irgc_affiliated,2026-08-03,True,یمن,208,1.89
irgc_affiliated,2026-08-03,True,چین,27,0.245
irgc_affiliated,2026-08-03,True,غزه,75,0.682
irgc_affiliated,2026-08-03,True,قطر,15,0.136
irgc_affiliated,2026-08-10,True,مقاومت عراق / حشد شعبی,9,0.075
irgc_affiliated,2026-08-10,True,مجاهدین خلق,0,0.0
irgc_affiliated,2026-08-10,True,امارات,35,0.292
irgc_affiliated,2026-08-10,True,جمهوری آذربایجان,9,0.075
irgc_affiliated,2026-08-10,True,کتائب حزب‌الله,0,0.0
irgc_affiliated,2026-08-10,True,آذربایجان شرقی/غربی (Iranian provinces),6,0.05
irgc_affiliated,2026-08-10,True,اتحادیه اروپا,33,0.275
irgc_affiliated,2026-08-10,True,فلسطین اشغالی (Israel),5,0.042
irgc_affiliated,2026-08-10,True,عربستان,151,1.26
irgc_affiliated,2026-08-10,True,سلطنت‌طلبان,2,0.017
irgc_affiliated,2026-08-10,True,جهاد اسلامی,0,0.0
irgc_affiliated,2026-08-10,True,"دریای عمان (sea, not the country)",16,0.134
irgc_affiliated,2026-08-10,True,انصارالله / حوثی‌ها,27,0.225
irgc_affiliated,2026-08-10,True,جیش‌العدل,0,0.0
irgc_affiliated,2026-08-10,True,افغانستان,3,0.025
irgc_affiliated,2026-08-10,True,رضا پهلوی,6,0.05
irgc_affiliated,2026-08-10,True,انگلیس,44,0.367
irgc_affiliated,2026-08-10,True,حزب‌الله,53,0.442
irgc_affiliated,2026-08-10,True,هند,14,0.117
irgc_affiliated,2026-08-10,True,اسپانیا,14,0.117
irgc_affiliated,2026-08-10,True,ونزوئلا,4,0.033
irgc_affiliated,2026-08-10,True,پاکستان,73,0.609
irgc_affiliated,2026-08-10,True,ایتالیا,2,0.017
irgc_affiliated,2026-08-10,True,اوکراین,56,0.467
irgc_affiliated,2026-08-10,True,طالبان,0,0.0
irgc_affiliated,2026-08-10,True,فرانسه,26,0.217
irgc_affiliated,2026-08-10,True,فلسطین,42,0.35
irgc_affiliated,2026-08-10,True,بحرین,9,0.075
irgc_affiliated,2026-08-10,True,سوریه,46,0.384
irgc_affiliated,2026-08-10,True,کومله,2,0.017
irgc_affiliated,2026-08-10,True,لبنان,207,1.727
irgc_affiliated,2026-08-10,True,ترکیه,47,0.392
irgc_affiliated,2026-08-10,True,روسیه,77,0.643
irgc_affiliated,2026-08-10,True,آلمان,14,0.117
irgc_affiliated,2026-08-10,True,عمان,32,0.267
irgc_affiliated,2026-08-10,True,اردن,6,0.05
irgc_affiliated,2026-08-10,True,عراق,88,0.734
irgc_affiliated,2026-08-10,True,حماس,14,0.117
irgc_affiliated,2026-08-10,True,کویت,12,0.1
irgc_affiliated,2026-08-10,True,داعش,6,0.05
irgc_affiliated,2026-08-10,True,پژاک,0,0.0
irgc_affiliated,2026-08-10,True,ژاپن,16,0.134
irgc_affiliated,2026-08-10,True,یمن,133,1.11
irgc_affiliated,2026-08-10,True,چین,43,0.359
irgc_affiliated,2026-08-10,True,غزه,71,0.593
irgc_affiliated,2026-08-10,True,قطر,35,0.292
irgc_affiliated,2026-08-17,True,مقاومت عراق / حشد شعبی,18,0.138
irgc_affiliated,2026-08-17,True,مجاهدین خلق,0,0.0
irgc_affiliated,2026-08-17,True,امارات,64,0.491
irgc_affiliated,2026-08-17,True,جمهوری آذربایجان,11,0.084
irgc_affiliated,2026-08-17,True,کتائب حزب‌الله,2,0.015
irgc_affiliated,2026-08-17,True,آذربایجان شرقی/غربی (Iranian provinces),4,0.031
irgc_affiliated,2026-08-17,True,اتحادیه اروپا,19,0.146
irgc_affiliated,2026-08-17,True,فلسطین اشغالی (Israel),2,0.015
irgc_affiliated,2026-08-17,True,عربستان,106,0.813
irgc_affiliated,2026-08-17,True,سلطنت‌طلبان,0,0.0
irgc_affiliated,2026-08-17,True,جهاد اسلامی,4,0.031
irgc_affiliated,2026-08-17,True,"دریای عمان (sea, not the country)",8,0.061
irgc_affiliated,2026-08-17,True,انصارالله / حوثی‌ها,9,0.069
irgc_affiliated,2026-08-17,True,جیش‌العدل,0,0.0
irgc_affiliated,2026-08-17,True,افغانستان,12,0.092
irgc_affiliated,2026-08-17,True,رضا پهلوی,10,0.077
irgc_affiliated,2026-08-17,True,انگلیس,39,0.299
irgc_affiliated,2026-08-17,True,حزب‌الله,17,0.13
irgc_affiliated,2026-08-17,True,هند,10,0.077
irgc_affiliated,2026-08-17,True,اسپانیا,0,0.0
irgc_affiliated,2026-08-17,True,ونزوئلا,6,0.046
irgc_affiliated,2026-08-17,True,پاکستان,23,0.176
irgc_affiliated,2026-08-17,True,ایتالیا,3,0.023
irgc_affiliated,2026-08-17,True,اوکراین,46,0.353
irgc_affiliated,2026-08-17,True,طالبان,2,0.015
irgc_affiliated,2026-08-17,True,فرانسه,31,0.238
irgc_affiliated,2026-08-17,True,فلسطین,31,0.238
irgc_affiliated,2026-08-17,True,بحرین,7,0.054
irgc_affiliated,2026-08-17,True,سوریه,75,0.575
irgc_affiliated,2026-08-17,True,کومله,0,0.0
irgc_affiliated,2026-08-17,True,لبنان,115,0.882
irgc_affiliated,2026-08-17,True,ترکیه,64,0.491
irgc_affiliated,2026-08-17,True,روسیه,103,0.79
irgc_affiliated,2026-08-17,True,آلمان,8,0.061
irgc_affiliated,2026-08-17,True,عمان,42,0.322
irgc_affiliated,2026-08-17,True,اردن,3,0.023
irgc_affiliated,2026-08-17,True,عراق,275,2.108
irgc_affiliated,2026-08-17,True,حماس,16,0.123
irgc_affiliated,2026-08-17,True,کویت,11,0.084
irgc_affiliated,2026-08-17,True,داعش,11,0.084
irgc_affiliated,2026-08-17,True,پژاک,0,0.0
irgc_affiliated,2026-08-17,True,ژاپن,15,0.115
irgc_affiliated,2026-08-17,True,یمن,98,0.751
irgc_affiliated,2026-08-17,True,چین,43,0.33
irgc_affiliated,2026-08-17,True,غزه,67,0.514
irgc_affiliated,2026-08-17,True,قطر,42,0.322
irgc_affiliated,2026-08-24,True,مقاومت عراق / حشد شعبی,4,0.03
irgc_affiliated,2026-08-24,True,مجاهدین خلق,0,0.0
irgc_affiliated,2026-08-24,True,امارات,20,0.15
irgc_affiliated,2026-08-24,True,جمهوری آذربایجان,6,0.045
irgc_affiliated,2026-08-24,True,کتائب حزب‌الله,0,0.0
irgc_affiliated,2026-08-24,True,آذربایجان شرقی/غربی (Iranian provinces),6,0.045
irgc_affiliated,2026-08-24,True,اتحادیه اروپا,12,0.09
irgc_affiliated,2026-08-24,True,فلسطین اشغالی (Israel),3,0.023
irgc_affiliated,2026-08-24,True,عربستان,106,0.796
irgc_affiliated,2026-08-24,True,سلطنت‌طلبان,2,0.015
irgc_affiliated,2026-08-24,True,جهاد اسلامی,7,0.053
irgc_affiliated,2026-08-24,True,"دریای عمان (sea, not the country)",3,0.023
irgc_affiliated,2026-08-24,True,انصارالله / حوثی‌ها,15,0.113
irgc_affiliated,2026-08-24,True,جیش‌العدل,0,0.0
irgc_affiliated,2026-08-24,True,افغانستان,2,0.015
irgc_affiliated,2026-08-24,True,رضا پهلوی,6,0.045
irgc_affiliated,2026-08-24,True,انگلیس,26,0.195
irgc_affiliated,2026-08-24,True,حزب‌الله,17,0.128
irgc_affiliated,2026-08-24,True,هند,6,0.045
irgc_affiliated,2026-08-24,True,اسپانیا,6,0.045
irgc_affiliated,2026-08-24,True,ونزوئلا,39,0.293
irgc_affiliated,2026-08-24,True,پاکستان,65,0.488
irgc_affiliated,2026-08-24,True,ایتالیا,11,0.083
irgc_affiliated,2026-08-24,True,اوکراین,54,0.406
irgc_affiliated,2026-08-24,True,طالبان,0,0.0
irgc_affiliated,2026-08-24,True,فرانسه,19,0.143
irgc_affiliated,2026-08-24,True,فلسطین,46,0.346
irgc_affiliated,2026-08-24,True,بحرین,6,0.045
irgc_affiliated,2026-08-24,True,سوریه,46,0.346
irgc_affiliated,2026-08-24,True,کومله,0,0.0
irgc_affiliated,2026-08-24,True,لبنان,183,1.375
irgc_affiliated,2026-08-24,True,ترکیه,31,0.233
irgc_affiliated,2026-08-24,True,روسیه,111,0.834
irgc_affiliated,2026-08-24,True,آلمان,5,0.038
irgc_affiliated,2026-08-24,True,عمان,49,0.368
irgc_affiliated,2026-08-24,True,اردن,19,0.143
irgc_affiliated,2026-08-24,True,عراق,92,0.691
irgc_affiliated,2026-08-24,True,حماس,15,0.113
irgc_affiliated,2026-08-24,True,کویت,8,0.06
irgc_affiliated,2026-08-24,True,داعش,1,0.008
irgc_affiliated,2026-08-24,True,پژاک,0,0.0
irgc_affiliated,2026-08-24,True,ژاپن,9,0.068
irgc_affiliated,2026-08-24,True,یمن,98,0.736
irgc_affiliated,2026-08-24,True,چین,73,0.548
irgc_affiliated,2026-08-24,True,غزه,69,0.518
irgc_affiliated,2026-08-24,True,قطر,84,0.631
irgc_affiliated,2026-08-31,False,مقاومت عراق / حشد شعبی,0,0.0
irgc_affiliated,2026-08-31,False,مجاهدین خلق,0,0.0
irgc_affiliated,2026-08-31,False,امارات,8,0.332
irgc_affiliated,2026-08-31,False,جمهوری آذربایجان,5,0.208
irgc_affiliated,2026-08-31,False,کتائب حزب‌الله,0,0.0
irgc_affiliated,2026-08-31,False,آذربایجان شرقی/غربی (Iranian provinces),0,0.0
irgc_affiliated,2026-08-31,False,اتحادیه اروپا,15,0.623
irgc_affiliated,2026-08-31,False,فلسطین اشغالی (Israel),0,0.0
irgc_affiliated,2026-08-31,False,عربستان,10,0.415
irgc_affiliated,2026-08-31,False,سلطنت‌طلبان,0,0.0
irgc_affiliated,2026-08-31,False,جهاد اسلامی,0,0.0
irgc_affiliated,2026-08-31,False,"دریای عمان (sea, not the country)",1,0.042
irgc_affiliated,2026-08-31,False,انصارالله / حوثی‌ها,0,0.0
irgc_affiliated,2026-08-31,False,جیش‌العدل,0,0.0
irgc_affiliated,2026-08-31,False,افغانستان,0,0.0
irgc_affiliated,2026-08-31,False,رضا پهلوی,1,0.042
irgc_affiliated,2026-08-31,False,انگلیس,3,0.125
irgc_affiliated,2026-08-31,False,حزب‌الله,0,0.0
irgc_affiliated,2026-08-31,False,هند,19,0.789
irgc_affiliated,2026-08-31,False,اسپانیا,0,0.0
irgc_affiliated,2026-08-31,False,ونزوئلا,10,0.415
irgc_affiliated,2026-08-31,False,پاکستان,7,0.291
irgc_affiliated,2026-08-31,False,ایتالیا,0,0.0
irgc_affiliated,2026-08-31,False,اوکراین,9,0.374
irgc_affiliated,2026-08-31,False,طالبان,0,0.0
irgc_affiliated,2026-08-31,False,فرانسه,1,0.042
irgc_affiliated,2026-08-31,False,فلسطین,6,0.249
irgc_affiliated,2026-08-31,False,بحرین,1,0.042
irgc_affiliated,2026-08-31,False,سوریه,7,0.291
irgc_affiliated,2026-08-31,False,کومله,0,0.0
irgc_affiliated,2026-08-31,False,لبنان,12,0.499
irgc_affiliated,2026-08-31,False,ترکیه,5,0.208
irgc_affiliated,2026-08-31,False,روسیه,22,0.914
irgc_affiliated,2026-08-31,False,آلمان,1,0.042
irgc_affiliated,2026-08-31,False,عمان,6,0.249
irgc_affiliated,2026-08-31,False,اردن,20,0.831
irgc_affiliated,2026-08-31,False,عراق,5,0.208
irgc_affiliated,2026-08-31,False,حماس,3,0.125
irgc_affiliated,2026-08-31,False,کویت,0,0.0
irgc_affiliated,2026-08-31,False,داعش,0,0.0
irgc_affiliated,2026-08-31,False,پژاک,3,0.125
irgc_affiliated,2026-08-31,False,ژاپن,1,0.042
irgc_affiliated,2026-08-31,False,یمن,7,0.291
irgc_affiliated,2026-08-31,False,چین,17,0.706
irgc_affiliated,2026-08-31,False,غزه,8,0.332
irgc_affiliated,2026-08-31,False,قطر,0,0.0
reformist,2025-12-29,False,مقاومت عراق / حشد شعبی,0,0.0
reformist,2025-12-29,False,مجاهدین خلق,0,0.0
reformist,2025-12-29,False,امارات,4,0.08
reformist,2025-12-29,False,جمهوری آذربایجان,0,0.0
reformist,2025-12-29,False,کتائب حزب‌الله,0,0.0
reformist,2025-12-29,False,آذربایجان شرقی/غربی (Iranian provinces),2,0.04
reformist,2025-12-29,False,اتحادیه اروپا,7,0.14
reformist,2025-12-29,False,فلسطین اشغالی (Israel),3,0.06
reformist,2025-12-29,False,عربستان,9,0.18
reformist,2025-12-29,False,سلطنت‌طلبان,1,0.02
reformist,2025-12-29,False,جهاد اسلامی,0,0.0
reformist,2025-12-29,False,"دریای عمان (sea, not the country)",0,0.0
reformist,2025-12-29,False,انصارالله / حوثی‌ها,1,0.02
reformist,2025-12-29,False,جیش‌العدل,0,0.0
reformist,2025-12-29,False,افغانستان,9,0.18
reformist,2025-12-29,False,رضا پهلوی,0,0.0
reformist,2025-12-29,False,انگلیس,4,0.08
reformist,2025-12-29,False,حزب‌الله,7,0.14
reformist,2025-12-29,False,هند,3,0.06
reformist,2025-12-29,False,اسپانیا,0,0.0
reformist,2025-12-29,False,ونزوئلا,211,4.224
reformist,2025-12-29,False,پاکستان,3,0.06
reformist,2025-12-29,False,ایتالیا,1,0.02
reformist,2025-12-29,False,اوکراین,14,0.28
reformist,2025-12-29,False,طالبان,0,0.0
reformist,2025-12-29,False,فرانسه,3,0.06
reformist,2025-12-29,False,فلسطین,8,0.16
reformist,2025-12-29,False,بحرین,0,0.0
reformist,2025-12-29,False,سوریه,16,0.32
reformist,2025-12-29,False,کومله,0,0.0
reformist,2025-12-29,False,لبنان,15,0.3
reformist,2025-12-29,False,ترکیه,7,0.14
reformist,2025-12-29,False,روسیه,29,0.581
reformist,2025-12-29,False,آلمان,4,0.08
reformist,2025-12-29,False,عمان,0,0.0
reformist,2025-12-29,False,اردن,1,0.02
reformist,2025-12-29,False,عراق,12,0.24
reformist,2025-12-29,False,حماس,5,0.1
reformist,2025-12-29,False,کویت,1,0.02
reformist,2025-12-29,False,داعش,4,0.08
reformist,2025-12-29,False,پژاک,0,0.0
reformist,2025-12-29,False,ژاپن,0,0.0
reformist,2025-12-29,False,یمن,7,0.14
reformist,2025-12-29,False,چین,16,0.32
reformist,2025-12-29,False,غزه,15,0.3
reformist,2025-12-29,False,قطر,0,0.0
reformist,2026-01-05,True,مقاومت عراق / حشد شعبی,0,0.0
reformist,2026-01-05,True,مجاهدین خلق,0,0.0
reformist,2026-01-05,True,امارات,1,0.021
reformist,2026-01-05,True,جمهوری آذربایجان,6,0.125
reformist,2026-01-05,True,کتائب حزب‌الله,0,0.0
reformist,2026-01-05,True,آذربایجان شرقی/غربی (Iranian provinces),5,0.104
reformist,2026-01-05,True,اتحادیه اروپا,18,0.375
reformist,2026-01-05,True,فلسطین اشغالی (Israel),1,0.021
reformist,2026-01-05,True,عربستان,4,0.083
reformist,2026-01-05,True,سلطنت‌طلبان,0,0.0
reformist,2026-01-05,True,جهاد اسلامی,0,0.0
reformist,2026-01-05,True,"دریای عمان (sea, not the country)",0,0.0
reformist,2026-01-05,True,انصارالله / حوثی‌ها,0,0.0
reformist,2026-01-05,True,جیش‌العدل,1,0.021
reformist,2026-01-05,True,افغانستان,4,0.083
reformist,2026-01-05,True,رضا پهلوی,2,0.042
reformist,2026-01-05,True,انگلیس,6,0.125
reformist,2026-01-05,True,حزب‌الله,11,0.229
reformist,2026-01-05,True,هند,3,0.063
reformist,2026-01-05,True,اسپانیا,0,0.0
reformist,2026-01-05,True,ونزوئلا,170,3.545
reformist,2026-01-05,True,پاکستان,2,0.042
reformist,2026-01-05,True,ایتالیا,0,0.0
reformist,2026-01-05,True,اوکراین,14,0.292
reformist,2026-01-05,True,طالبان,1,0.021
reformist,2026-01-05,True,فرانسه,6,0.125
reformist,2026-01-05,True,فلسطین,1,0.021
reformist,2026-01-05,True,بحرین,0,0.0
reformist,2026-01-05,True,سوریه,15,0.313
reformist,2026-01-05,True,کومله,0,0.0
reformist,2026-01-05,True,لبنان,27,0.563
reformist,2026-01-05,True,ترکیه,7,0.146
reformist,2026-01-05,True,روسیه,55,1.147
reformist,2026-01-05,True,آلمان,3,0.063
reformist,2026-01-05,True,عمان,3,0.063
reformist,2026-01-05,True,اردن,2,0.042
reformist,2026-01-05,True,عراق,7,0.146
reformist,2026-01-05,True,حماس,1,0.021
reformist,2026-01-05,True,کویت,0,0.0
reformist,2026-01-05,True,داعش,1,0.021
reformist,2026-01-05,True,پژاک,0,0.0
reformist,2026-01-05,True,ژاپن,3,0.063
reformist,2026-01-05,True,یمن,1,0.021
reformist,2026-01-05,True,چین,19,0.396
reformist,2026-01-05,True,غزه,13,0.271
reformist,2026-01-05,True,قطر,6,0.125
reformist,2026-01-12,True,مقاومت عراق / حشد شعبی,0,0.0
reformist,2026-01-12,True,مجاهدین خلق,0,0.0
reformist,2026-01-12,True,امارات,0,0.0
reformist,2026-01-12,True,جمهوری آذربایجان,0,0.0
reformist,2026-01-12,True,کتائب حزب‌الله,0,0.0
reformist,2026-01-12,True,آذربایجان شرقی/غربی (Iranian provinces),0,0.0
reformist,2026-01-12,True,اتحادیه اروپا,1,0.121
reformist,2026-01-12,True,فلسطین اشغالی (Israel),0,0.0
reformist,2026-01-12,True,عربستان,4,0.484
reformist,2026-01-12,True,سلطنت‌طلبان,0,0.0
reformist,2026-01-12,True,جهاد اسلامی,0,0.0
reformist,2026-01-12,True,"دریای عمان (sea, not the country)",0,0.0
reformist,2026-01-12,True,انصارالله / حوثی‌ها,0,0.0
reformist,2026-01-12,True,جیش‌العدل,0,0.0
reformist,2026-01-12,True,افغانستان,0,0.0
reformist,2026-01-12,True,رضا پهلوی,0,0.0
reformist,2026-01-12,True,انگلیس,0,0.0
reformist,2026-01-12,True,حزب‌الله,0,0.0
reformist,2026-01-12,True,هند,1,0.121
reformist,2026-01-12,True,اسپانیا,0,0.0
reformist,2026-01-12,True,ونزوئلا,2,0.242
reformist,2026-01-12,True,پاکستان,5,0.605
reformist,2026-01-12,True,ایتالیا,0,0.0
reformist,2026-01-12,True,اوکراین,0,0.0
reformist,2026-01-12,True,طالبان,0,0.0
reformist,2026-01-12,True,فرانسه,0,0.0
reformist,2026-01-12,True,فلسطین,0,0.0
reformist,2026-01-12,True,بحرین,0,0.0
reformist,2026-01-12,True,سوریه,1,0.121
reformist,2026-01-12,True,کومله,0,0.0
reformist,2026-01-12,True,لبنان,1,0.121
reformist,2026-01-12,True,ترکیه,3,0.363
reformist,2026-01-12,True,روسیه,6,0.727
reformist,2026-01-12,True,آلمان,0,0.0
reformist,2026-01-12,True,عمان,1,0.121
reformist,2026-01-12,True,اردن,0,0.0
reformist,2026-01-12,True,عراق,8,0.969
reformist,2026-01-12,True,حماس,0,0.0
reformist,2026-01-12,True,کویت,0,0.0
reformist,2026-01-12,True,داعش,0,0.0
reformist,2026-01-12,True,پژاک,0,0.0
reformist,2026-01-12,True,ژاپن,0,0.0
reformist,2026-01-12,True,یمن,0,0.0
reformist,2026-01-12,True,چین,3,0.363
reformist,2026-01-12,True,غزه,0,0.0
reformist,2026-01-12,True,قطر,0,0.0
reformist,2026-01-19,True,مقاومت عراق / حشد شعبی,0,0.0
reformist,2026-01-19,True,مجاهدین خلق,0,0.0
reformist,2026-01-19,True,امارات,6,0.366
reformist,2026-01-19,True,جمهوری آذربایجان,4,0.244
reformist,2026-01-19,True,کتائب حزب‌الله,2,0.122
reformist,2026-01-19,True,آذربایجان شرقی/غربی (Iranian provinces),1,0.061
reformist,2026-01-19,True,اتحادیه اروپا,3,0.183
reformist,2026-01-19,True,فلسطین اشغالی (Israel),1,0.061
reformist,2026-01-19,True,عربستان,5,0.305
reformist,2026-01-19,True,سلطنت‌طلبان,0,0.0
reformist,2026-01-19,True,جهاد اسلامی,0,0.0
reformist,2026-01-19,True,"دریای عمان (sea, not the country)",0,0.0
reformist,2026-01-19,True,انصارالله / حوثی‌ها,1,0.061
reformist,2026-01-19,True,جیش‌العدل,0,0.0
reformist,2026-01-19,True,افغانستان,2,0.122
reformist,2026-01-19,True,رضا پهلوی,1,0.061
reformist,2026-01-19,True,انگلیس,1,0.061
reformist,2026-01-19,True,حزب‌الله,0,0.0
reformist,2026-01-19,True,هند,5,0.305
reformist,2026-01-19,True,اسپانیا,1,0.061
reformist,2026-01-19,True,ونزوئلا,10,0.609
reformist,2026-01-19,True,پاکستان,5,0.305
reformist,2026-01-19,True,ایتالیا,0,0.0
reformist,2026-01-19,True,اوکراین,3,0.183
reformist,2026-01-19,True,طالبان,0,0.0
reformist,2026-01-19,True,فرانسه,1,0.061
reformist,2026-01-19,True,فلسطین,0,0.0
reformist,2026-01-19,True,بحرین,0,0.0
reformist,2026-01-19,True,سوریه,14,0.853
reformist,2026-01-19,True,کومله,0,0.0
reformist,2026-01-19,True,لبنان,17,1.036
reformist,2026-01-19,True,ترکیه,8,0.487
reformist,2026-01-19,True,روسیه,6,0.366
reformist,2026-01-19,True,آلمان,0,0.0
reformist,2026-01-19,True,عمان,0,0.0
reformist,2026-01-19,True,اردن,0,0.0
reformist,2026-01-19,True,عراق,10,0.609
reformist,2026-01-19,True,حماس,3,0.183
reformist,2026-01-19,True,کویت,0,0.0
reformist,2026-01-19,True,داعش,2,0.122
reformist,2026-01-19,True,پژاک,0,0.0
reformist,2026-01-19,True,ژاپن,1,0.061
reformist,2026-01-19,True,یمن,2,0.122
reformist,2026-01-19,True,چین,10,0.609
reformist,2026-01-19,True,غزه,11,0.67
reformist,2026-01-19,True,قطر,0,0.0
reformist,2026-01-26,True,مقاومت عراق / حشد شعبی,0,0.0
reformist,2026-01-26,True,مجاهدین خلق,0,0.0
reformist,2026-01-26,True,امارات,10,0.208
reformist,2026-01-26,True,جمهوری آذربایجان,5,0.104
reformist,2026-01-26,True,کتائب حزب‌الله,0,0.0
reformist,2026-01-26,True,آذربایجان شرقی/غربی (Iranian provinces),1,0.021
reformist,2026-01-26,True,اتحادیه اروپا,52,1.081
reformist,2026-01-26,True,فلسطین اشغالی (Israel),1,0.021
reformist,2026-01-26,True,عربستان,26,0.541
reformist,2026-01-26,True,سلطنت‌طلبان,1,0.021
reformist,2026-01-26,True,جهاد اسلامی,0,0.0
reformist,2026-01-26,True,"دریای عمان (sea, not the country)",2,0.042
reformist,2026-01-26,True,انصارالله / حوثی‌ها,4,0.083
reformist,2026-01-26,True,جیش‌العدل,0,0.0
reformist,2026-01-26,True,افغانستان,7,0.146
reformist,2026-01-26,True,رضا پهلوی,3,0.062
reformist,2026-01-26,True,انگلیس,9,0.187
reformist,2026-01-26,True,حزب‌الله,4,0.083
reformist,2026-01-26,True,هند,18,0.374
reformist,2026-01-26,True,اسپانیا,0,0.0
reformist,2026-01-26,True,ونزوئلا,38,0.79
reformist,2026-01-26,True,پاکستان,23,0.478
reformist,2026-01-26,True,ایتالیا,8,0.166
reformist,2026-01-26,True,اوکراین,13,0.27
reformist,2026-01-26,True,طالبان,0,0.0
reformist,2026-01-26,True,فرانسه,9,0.187
reformist,2026-01-26,True,فلسطین,6,0.125
reformist,2026-01-26,True,بحرین,1,0.021
reformist,2026-01-26,True,سوریه,11,0.229
reformist,2026-01-26,True,کومله,0,0.0
reformist,2026-01-26,True,لبنان,13,0.27
reformist,2026-01-26,True,ترکیه,56,1.164
reformist,2026-01-26,True,روسیه,45,0.935
reformist,2026-01-26,True,آلمان,23,0.478
reformist,2026-01-26,True,عمان,2,0.042
reformist,2026-01-26,True,اردن,1,0.021
reformist,2026-01-26,True,عراق,31,0.644
reformist,2026-01-26,True,حماس,7,0.146
reformist,2026-01-26,True,کویت,7,0.146
reformist,2026-01-26,True,داعش,17,0.353
reformist,2026-01-26,True,پژاک,3,0.062
reformist,2026-01-26,True,ژاپن,0,0.0
reformist,2026-01-26,True,یمن,9,0.187
reformist,2026-01-26,True,چین,16,0.333
reformist,2026-01-26,True,غزه,34,0.707
reformist,2026-01-26,True,قطر,20,0.416
reformist,2026-02-02,True,مقاومت عراق / حشد شعبی,0,0.0
reformist,2026-02-02,True,مجاهدین خلق,0,0.0
reformist,2026-02-02,True,امارات,10,0.156
reformist,2026-02-02,True,جمهوری آذربایجان,18,0.28
reformist,2026-02-02,True,کتائب حزب‌الله,0,0.0
reformist,2026-02-02,True,آذربایجان شرقی/غربی (Iranian provinces),5,0.078
reformist,2026-02-02,True,اتحادیه اروپا,35,0.544
reformist,2026-02-02,True,فلسطین اشغالی (Israel),2,0.031
reformist,2026-02-02,True,عربستان,31,0.482
reformist,2026-02-02,True,سلطنت‌طلبان,2,0.031
reformist,2026-02-02,True,جهاد اسلامی,0,0.0
reformist,2026-02-02,True,"دریای عمان (sea, not the country)",0,0.0
reformist,2026-02-02,True,انصارالله / حوثی‌ها,3,0.047
reformist,2026-02-02,True,جیش‌العدل,0,0.0
reformist,2026-02-02,True,افغانستان,0,0.0
reformist,2026-02-02,True,رضا پهلوی,3,0.047
reformist,2026-02-02,True,انگلیس,13,0.202
reformist,2026-02-02,True,حزب‌الله,14,0.218
reformist,2026-02-02,True,هند,4,0.062
reformist,2026-02-02,True,اسپانیا,2,0.031
reformist,2026-02-02,True,ونزوئلا,13,0.202
reformist,2026-02-02,True,پاکستان,10,0.156
reformist,2026-02-02,True,ایتالیا,6,0.093
reformist,2026-02-02,True,اوکراین,21,0.327
reformist,2026-02-02,True,طالبان,0,0.0
reformist,2026-02-02,True,فرانسه,14,0.218
reformist,2026-02-02,True,فلسطین,2,0.031
reformist,2026-02-02,True,بحرین,1,0.016
reformist,2026-02-02,True,سوریه,11,0.171
reformist,2026-02-02,True,کومله,0,0.0
reformist,2026-02-02,True,لبنان,18,0.28
reformist,2026-02-02,True,ترکیه,49,0.762
reformist,2026-02-02,True,روسیه,70,1.089
reformist,2026-02-02,True,آلمان,9,0.14
reformist,2026-02-02,True,عمان,65,1.011
reformist,2026-02-02,True,اردن,11,0.171
reformist,2026-02-02,True,عراق,28,0.436
reformist,2026-02-02,True,حماس,4,0.062
reformist,2026-02-02,True,کویت,4,0.062
reformist,2026-02-02,True,داعش,3,0.047
reformist,2026-02-02,True,پژاک,2,0.031
reformist,2026-02-02,True,ژاپن,2,0.031
reformist,2026-02-02,True,یمن,3,0.047
reformist,2026-02-02,True,چین,34,0.529
reformist,2026-02-02,True,غزه,18,0.28
reformist,2026-02-02,True,قطر,30,0.467
reformist,2026-02-09,True,مقاومت عراق / حشد شعبی,1,0.012
reformist,2026-02-09,True,مجاهدین خلق,0,0.0
reformist,2026-02-09,True,امارات,10,0.125
reformist,2026-02-09,True,جمهوری آذربایجان,16,0.2
reformist,2026-02-09,True,کتائب حزب‌الله,0,0.0
reformist,2026-02-09,True,آذربایجان شرقی/غربی (Iranian provinces),1,0.012
reformist,2026-02-09,True,اتحادیه اروپا,56,0.699
reformist,2026-02-09,True,فلسطین اشغالی (Israel),2,0.025
reformist,2026-02-09,True,عربستان,18,0.225
reformist,2026-02-09,True,سلطنت‌طلبان,0,0.0
reformist,2026-02-09,True,جهاد اسلامی,2,0.025
reformist,2026-02-09,True,"دریای عمان (sea, not the country)",0,0.0
reformist,2026-02-09,True,انصارالله / حوثی‌ها,11,0.137
reformist,2026-02-09,True,جیش‌العدل,0,0.0
reformist,2026-02-09,True,افغانستان,7,0.087
reformist,2026-02-09,True,رضا پهلوی,7,0.087
reformist,2026-02-09,True,انگلیس,17,0.212
reformist,2026-02-09,True,حزب‌الله,25,0.312
reformist,2026-02-09,True,هند,19,0.237
reformist,2026-02-09,True,اسپانیا,0,0.0
reformist,2026-02-09,True,ونزوئلا,26,0.324
reformist,2026-02-09,True,پاکستان,13,0.162
reformist,2026-02-09,True,ایتالیا,1,0.012
reformist,2026-02-09,True,اوکراین,14,0.175
reformist,2026-02-09,True,طالبان,6,0.075
reformist,2026-02-09,True,فرانسه,23,0.287
reformist,2026-02-09,True,فلسطین,35,0.437
reformist,2026-02-09,True,بحرین,2,0.025
reformist,2026-02-09,True,سوریه,24,0.299
reformist,2026-02-09,True,کومله,0,0.0
reformist,2026-02-09,True,لبنان,24,0.299
reformist,2026-02-09,True,ترکیه,30,0.374
reformist,2026-02-09,True,روسیه,65,0.811
reformist,2026-02-09,True,آلمان,15,0.187
reformist,2026-02-09,True,عمان,67,0.836
reformist,2026-02-09,True,اردن,8,0.1
reformist,2026-02-09,True,عراق,39,0.487
reformist,2026-02-09,True,حماس,13,0.162
reformist,2026-02-09,True,کویت,2,0.025
reformist,2026-02-09,True,داعش,5,0.062
reformist,2026-02-09,True,پژاک,0,0.0
reformist,2026-02-09,True,ژاپن,11,0.137
reformist,2026-02-09,True,یمن,12,0.15
reformist,2026-02-09,True,چین,40,0.499
reformist,2026-02-09,True,غزه,41,0.512
reformist,2026-02-09,True,قطر,49,0.611
reformist,2026-02-16,True,مقاومت عراق / حشد شعبی,1,0.013
reformist,2026-02-16,True,مجاهدین خلق,2,0.025
reformist,2026-02-16,True,امارات,12,0.153
reformist,2026-02-16,True,جمهوری آذربایجان,1,0.013
reformist,2026-02-16,True,کتائب حزب‌الله,0,0.0
reformist,2026-02-16,True,آذربایجان شرقی/غربی (Iranian provinces),7,0.089
reformist,2026-02-16,True,اتحادیه اروپا,41,0.522
reformist,2026-02-16,True,فلسطین اشغالی (Israel),5,0.064
reformist,2026-02-16,True,عربستان,26,0.331
reformist,2026-02-16,True,سلطنت‌طلبان,6,0.076
reformist,2026-02-16,True,جهاد اسلامی,0,0.0
reformist,2026-02-16,True,"دریای عمان (sea, not the country)",5,0.064
reformist,2026-02-16,True,انصارالله / حوثی‌ها,0,0.0
reformist,2026-02-16,True,جیش‌العدل,0,0.0
reformist,2026-02-16,True,افغانستان,8,0.102
reformist,2026-02-16,True,رضا پهلوی,6,0.076
reformist,2026-02-16,True,انگلیس,33,0.42
reformist,2026-02-16,True,حزب‌الله,10,0.127
reformist,2026-02-16,True,هند,19,0.242
reformist,2026-02-16,True,اسپانیا,1,0.013
reformist,2026-02-16,True,ونزوئلا,22,0.28
reformist,2026-02-16,True,پاکستان,20,0.255
reformist,2026-02-16,True,ایتالیا,10,0.127
reformist,2026-02-16,True,اوکراین,27,0.344
reformist,2026-02-16,True,طالبان,5,0.064
reformist,2026-02-16,True,فرانسه,19,0.242
reformist,2026-02-16,True,فلسطین,9,0.115
reformist,2026-02-16,True,بحرین,2,0.025
reformist,2026-02-16,True,سوریه,20,0.255
reformist,2026-02-16,True,کومله,0,0.0
reformist,2026-02-16,True,لبنان,31,0.395
reformist,2026-02-16,True,ترکیه,9,0.115
reformist,2026-02-16,True,روسیه,139,1.769
reformist,2026-02-16,True,آلمان,17,0.216
reformist,2026-02-16,True,عمان,28,0.356
reformist,2026-02-16,True,اردن,14,0.178
reformist,2026-02-16,True,عراق,40,0.509
reformist,2026-02-16,True,حماس,9,0.115
reformist,2026-02-16,True,کویت,0,0.0
reformist,2026-02-16,True,داعش,5,0.064
reformist,2026-02-16,True,پژاک,0,0.0
reformist,2026-02-16,True,ژاپن,10,0.127
reformist,2026-02-16,True,یمن,1,0.013
reformist,2026-02-16,True,چین,32,0.407
reformist,2026-02-16,True,غزه,32,0.407
reformist,2026-02-16,True,قطر,14,0.178
reformist,2026-02-23,True,مقاومت عراق / حشد شعبی,3,0.027
reformist,2026-02-23,True,مجاهدین خلق,0,0.0
reformist,2026-02-23,True,امارات,31,0.278
reformist,2026-02-23,True,جمهوری آذربایجان,6,0.054
reformist,2026-02-23,True,کتائب حزب‌الله,1,0.009
reformist,2026-02-23,True,آذربایجان شرقی/غربی (Iranian provinces),1,0.009
reformist,2026-02-23,True,اتحادیه اروپا,33,0.296
reformist,2026-02-23,True,فلسطین اشغالی (Israel),16,0.144
reformist,2026-02-23,True,عربستان,36,0.323
reformist,2026-02-23,True,سلطنت‌طلبان,0,0.0
reformist,2026-02-23,True,جهاد اسلامی,0,0.0
reformist,2026-02-23,True,"دریای عمان (sea, not the country)",2,0.018
reformist,2026-02-23,True,انصارالله / حوثی‌ها,9,0.081
reformist,2026-02-23,True,جیش‌العدل,0,0.0
reformist,2026-02-23,True,افغانستان,52,0.467
reformist,2026-02-23,True,رضا پهلوی,7,0.063
reformist,2026-02-23,True,انگلیس,31,0.278
reformist,2026-02-23,True,حزب‌الله,25,0.224
reformist,2026-02-23,True,هند,19,0.171
reformist,2026-02-23,True,اسپانیا,3,0.027
reformist,2026-02-23,True,ونزوئلا,6,0.054
reformist,2026-02-23,True,پاکستان,66,0.592
reformist,2026-02-23,True,ایتالیا,1,0.009
reformist,2026-02-23,True,اوکراین,37,0.332
reformist,2026-02-23,True,طالبان,35,0.314
reformist,2026-02-23,True,فرانسه,30,0.269
reformist,2026-02-23,True,فلسطین,8,0.072
reformist,2026-02-23,True,بحرین,39,0.35
reformist,2026-02-23,True,سوریه,13,0.117
reformist,2026-02-23,True,کومله,0,0.0
reformist,2026-02-23,True,لبنان,32,0.287
reformist,2026-02-23,True,ترکیه,17,0.153
reformist,2026-02-23,True,روسیه,60,0.539
reformist,2026-02-23,True,آلمان,9,0.081
reformist,2026-02-23,True,عمان,57,0.512
reformist,2026-02-23,True,اردن,4,0.036
reformist,2026-02-23,True,عراق,75,0.673
reformist,2026-02-23,True,حماس,8,0.072
reformist,2026-02-23,True,کویت,16,0.144
reformist,2026-02-23,True,داعش,5,0.045
reformist,2026-02-23,True,پژاک,0,0.0
reformist,2026-02-23,True,ژاپن,4,0.036
reformist,2026-02-23,True,یمن,13,0.117
reformist,2026-02-23,True,چین,27,0.242
reformist,2026-02-23,True,غزه,13,0.117
reformist,2026-02-23,True,قطر,20,0.18
reformist,2026-03-02,True,مقاومت عراق / حشد شعبی,9,0.079
reformist,2026-03-02,True,مجاهدین خلق,0,0.0
reformist,2026-03-02,True,امارات,60,0.527
reformist,2026-03-02,True,جمهوری آذربایجان,23,0.202
reformist,2026-03-02,True,کتائب حزب‌الله,0,0.0
reformist,2026-03-02,True,آذربایجان شرقی/غربی (Iranian provinces),1,0.009
reformist,2026-03-02,True,اتحادیه اروپا,30,0.263
reformist,2026-03-02,True,فلسطین اشغالی (Israel),14,0.123
reformist,2026-03-02,True,عربستان,54,0.474
reformist,2026-03-02,True,سلطنت‌طلبان,3,0.026
reformist,2026-03-02,True,جهاد اسلامی,0,0.0
reformist,2026-03-02,True,"دریای عمان (sea, not the country)",1,0.009
reformist,2026-03-02,True,انصارالله / حوثی‌ها,5,0.044
reformist,2026-03-02,True,جیش‌العدل,0,0.0
reformist,2026-03-02,True,افغانستان,8,0.07
reformist,2026-03-02,True,رضا پهلوی,9,0.079
reformist,2026-03-02,True,انگلیس,20,0.176
reformist,2026-03-02,True,حزب‌الله,61,0.536
reformist,2026-03-02,True,هند,35,0.307
reformist,2026-03-02,True,اسپانیا,18,0.158
reformist,2026-03-02,True,ونزوئلا,11,0.097
reformist,2026-03-02,True,پاکستان,5,0.044
reformist,2026-03-02,True,ایتالیا,3,0.026
reformist,2026-03-02,True,اوکراین,5,0.044
reformist,2026-03-02,True,طالبان,7,0.061
reformist,2026-03-02,True,فرانسه,27,0.237
reformist,2026-03-02,True,فلسطین,12,0.105
reformist,2026-03-02,True,بحرین,37,0.325
reformist,2026-03-02,True,سوریه,12,0.105
reformist,2026-03-02,True,کومله,5,0.044
reformist,2026-03-02,True,لبنان,61,0.536
reformist,2026-03-02,True,ترکیه,23,0.202
reformist,2026-03-02,True,روسیه,79,0.694
reformist,2026-03-02,True,آلمان,24,0.211
reformist,2026-03-02,True,عمان,21,0.184
reformist,2026-03-02,True,اردن,18,0.158
reformist,2026-03-02,True,عراق,112,0.983
reformist,2026-03-02,True,حماس,0,0.0
reformist,2026-03-02,True,کویت,66,0.579
reformist,2026-03-02,True,داعش,3,0.026
reformist,2026-03-02,True,پژاک,0,0.0
reformist,2026-03-02,True,ژاپن,6,0.053
reformist,2026-03-02,True,یمن,11,0.097
reformist,2026-03-02,True,چین,42,0.369
reformist,2026-03-02,True,غزه,15,0.132
reformist,2026-03-02,True,قطر,40,0.351
reformist,2026-03-09,True,مقاومت عراق / حشد شعبی,16,0.129
reformist,2026-03-09,True,مجاهدین خلق,0,0.0
reformist,2026-03-09,True,امارات,41,0.331
reformist,2026-03-09,True,جمهوری آذربایجان,4,0.032
reformist,2026-03-09,True,کتائب حزب‌الله,1,0.008
reformist,2026-03-09,True,آذربایجان شرقی/غربی (Iranian provinces),2,0.016
reformist,2026-03-09,True,اتحادیه اروپا,49,0.395
reformist,2026-03-09,True,فلسطین اشغالی (Israel),30,0.242
reformist,2026-03-09,True,عربستان,27,0.218
reformist,2026-03-09,True,سلطنت‌طلبان,1,0.008
reformist,2026-03-09,True,جهاد اسلامی,2,0.016
reformist,2026-03-09,True,"دریای عمان (sea, not the country)",0,0.0
reformist,2026-03-09,True,انصارالله / حوثی‌ها,8,0.065
reformist,2026-03-09,True,جیش‌العدل,0,0.0
reformist,2026-03-09,True,افغانستان,10,0.081
reformist,2026-03-09,True,رضا پهلوی,3,0.024
reformist,2026-03-09,True,انگلیس,40,0.323
reformist,2026-03-09,True,حزب‌الله,103,0.831
reformist,2026-03-09,True,هند,34,0.274
reformist,2026-03-09,True,اسپانیا,14,0.113
reformist,2026-03-09,True,ونزوئلا,7,0.056
reformist,2026-03-09,True,پاکستان,16,0.129
reformist,2026-03-09,True,ایتالیا,10,0.081
reformist,2026-03-09,True,اوکراین,27,0.218
reformist,2026-03-09,True,طالبان,4,0.032
reformist,2026-03-09,True,فرانسه,41,0.331
reformist,2026-03-09,True,فلسطین,23,0.186
reformist,2026-03-09,True,بحرین,39,0.315
reformist,2026-03-09,True,سوریه,10,0.081
reformist,2026-03-09,True,کومله,0,0.0
reformist,2026-03-09,True,لبنان,89,0.718
reformist,2026-03-09,True,ترکیه,59,0.476
reformist,2026-03-09,True,روسیه,141,1.138
reformist,2026-03-09,True,آلمان,8,0.065
reformist,2026-03-09,True,عمان,46,0.371
reformist,2026-03-09,True,اردن,8,0.065
reformist,2026-03-09,True,عراق,109,0.88
reformist,2026-03-09,True,حماس,3,0.024
reformist,2026-03-09,True,کویت,32,0.258
reformist,2026-03-09,True,داعش,2,0.016
reformist,2026-03-09,True,پژاک,2,0.016
reformist,2026-03-09,True,ژاپن,10,0.081
reformist,2026-03-09,True,یمن,9,0.073
reformist,2026-03-09,True,چین,69,0.557
reformist,2026-03-09,True,غزه,7,0.056
reformist,2026-03-09,True,قطر,22,0.178
reformist,2026-03-16,True,مقاومت عراق / حشد شعبی,3,0.039
reformist,2026-03-16,True,مجاهدین خلق,0,0.0
reformist,2026-03-16,True,امارات,43,0.554
reformist,2026-03-16,True,جمهوری آذربایجان,0,0.0
reformist,2026-03-16,True,کتائب حزب‌الله,0,0.0
reformist,2026-03-16,True,آذربایجان شرقی/غربی (Iranian provinces),2,0.026
reformist,2026-03-16,True,اتحادیه اروپا,48,0.618
reformist,2026-03-16,True,فلسطین اشغالی (Israel),21,0.27
reformist,2026-03-16,True,عربستان,25,0.322
reformist,2026-03-16,True,سلطنت‌طلبان,1,0.013
reformist,2026-03-16,True,جهاد اسلامی,0,0.0
reformist,2026-03-16,True,"دریای عمان (sea, not the country)",2,0.026
reformist,2026-03-16,True,انصارالله / حوثی‌ها,2,0.026
reformist,2026-03-16,True,جیش‌العدل,0,0.0
reformist,2026-03-16,True,افغانستان,3,0.039
reformist,2026-03-16,True,رضا پهلوی,2,0.026
reformist,2026-03-16,True,انگلیس,50,0.644
reformist,2026-03-16,True,حزب‌الله,47,0.605
reformist,2026-03-16,True,هند,22,0.283
reformist,2026-03-16,True,اسپانیا,5,0.064
reformist,2026-03-16,True,ونزوئلا,3,0.039
reformist,2026-03-16,True,پاکستان,5,0.064
reformist,2026-03-16,True,ایتالیا,0,0.0
reformist,2026-03-16,True,اوکراین,8,0.103
reformist,2026-03-16,True,طالبان,2,0.026
reformist,2026-03-16,True,فرانسه,18,0.232
reformist,2026-03-16,True,فلسطین,16,0.206
reformist,2026-03-16,True,بحرین,16,0.206
reformist,2026-03-16,True,سوریه,21,0.27
reformist,2026-03-16,True,کومله,2,0.026
reformist,2026-03-16,True,لبنان,43,0.554
reformist,2026-03-16,True,ترکیه,21,0.27
reformist,2026-03-16,True,روسیه,39,0.502
reformist,2026-03-16,True,آلمان,7,0.09
reformist,2026-03-16,True,عمان,11,0.142
reformist,2026-03-16,True,اردن,2,0.026
reformist,2026-03-16,True,عراق,31,0.399
reformist,2026-03-16,True,حماس,0,0.0
reformist,2026-03-16,True,کویت,10,0.129
reformist,2026-03-16,True,داعش,3,0.039
reformist,2026-03-16,True,پژاک,0,0.0
reformist,2026-03-16,True,ژاپن,15,0.193
reformist,2026-03-16,True,یمن,1,0.013
reformist,2026-03-16,True,چین,22,0.283
reformist,2026-03-16,True,غزه,14,0.18
reformist,2026-03-16,True,قطر,37,0.477
reformist,2026-03-23,True,مقاومت عراق / حشد شعبی,7,0.057
reformist,2026-03-23,True,مجاهدین خلق,0,0.0
reformist,2026-03-23,True,امارات,53,0.433
reformist,2026-03-23,True,جمهوری آذربایجان,11,0.09
reformist,2026-03-23,True,کتائب حزب‌الله,2,0.016
reformist,2026-03-23,True,آذربایجان شرقی/غربی (Iranian provinces),9,0.074
reformist,2026-03-23,True,اتحادیه اروپا,37,0.302
reformist,2026-03-23,True,فلسطین اشغالی (Israel),23,0.188
reformist,2026-03-23,True,عربستان,68,0.555
reformist,2026-03-23,True,سلطنت‌طلبان,0,0.0
reformist,2026-03-23,True,جهاد اسلامی,0,0.0
reformist,2026-03-23,True,"دریای عمان (sea, not the country)",4,0.033
reformist,2026-03-23,True,انصارالله / حوثی‌ها,11,0.09
reformist,2026-03-23,True,جیش‌العدل,0,0.0
reformist,2026-03-23,True,افغانستان,8,0.065
reformist,2026-03-23,True,رضا پهلوی,0,0.0
reformist,2026-03-23,True,انگلیس,34,0.278
reformist,2026-03-23,True,حزب‌الله,100,0.817
reformist,2026-03-23,True,هند,16,0.131
reformist,2026-03-23,True,اسپانیا,10,0.082
reformist,2026-03-23,True,ونزوئلا,3,0.025
reformist,2026-03-23,True,پاکستان,68,0.555
reformist,2026-03-23,True,ایتالیا,4,0.033
reformist,2026-03-23,True,اوکراین,19,0.155
reformist,2026-03-23,True,طالبان,2,0.016
reformist,2026-03-23,True,فرانسه,23,0.188
reformist,2026-03-23,True,فلسطین,18,0.147
reformist,2026-03-23,True,بحرین,22,0.18
reformist,2026-03-23,True,سوریه,6,0.049
reformist,2026-03-23,True,کومله,0,0.0
reformist,2026-03-23,True,لبنان,113,0.923
reformist,2026-03-23,True,ترکیه,44,0.359
reformist,2026-03-23,True,روسیه,74,0.604
reformist,2026-03-23,True,آلمان,24,0.196
reformist,2026-03-23,True,عمان,13,0.106
reformist,2026-03-23,True,اردن,12,0.098
reformist,2026-03-23,True,عراق,76,0.621
reformist,2026-03-23,True,حماس,0,0.0
reformist,2026-03-23,True,کویت,29,0.237
reformist,2026-03-23,True,داعش,0,0.0
reformist,2026-03-23,True,پژاک,0,0.0
reformist,2026-03-23,True,ژاپن,12,0.098
reformist,2026-03-23,True,یمن,24,0.196
reformist,2026-03-23,True,چین,39,0.319
reformist,2026-03-23,True,غزه,25,0.204
reformist,2026-03-23,True,قطر,22,0.18
reformist,2026-03-30,True,مقاومت عراق / حشد شعبی,3,0.022
reformist,2026-03-30,True,مجاهدین خلق,0,0.0
reformist,2026-03-30,True,امارات,65,0.486
reformist,2026-03-30,True,جمهوری آذربایجان,7,0.052
reformist,2026-03-30,True,کتائب حزب‌الله,0,0.0
reformist,2026-03-30,True,آذربایجان شرقی/غربی (Iranian provinces),2,0.015
reformist,2026-03-30,True,اتحادیه اروپا,58,0.434
reformist,2026-03-30,True,فلسطین اشغالی (Israel),19,0.142
reformist,2026-03-30,True,عربستان,48,0.359
reformist,2026-03-30,True,سلطنت‌طلبان,3,0.022
reformist,2026-03-30,True,جهاد اسلامی,0,0.0
reformist,2026-03-30,True,"دریای عمان (sea, not the country)",3,0.022
reformist,2026-03-30,True,انصارالله / حوثی‌ها,5,0.037
reformist,2026-03-30,True,جیش‌العدل,0,0.0
reformist,2026-03-30,True,افغانستان,7,0.052
reformist,2026-03-30,True,رضا پهلوی,9,0.067
reformist,2026-03-30,True,انگلیس,39,0.292
reformist,2026-03-30,True,حزب‌الله,79,0.591
reformist,2026-03-30,True,هند,24,0.18
reformist,2026-03-30,True,اسپانیا,11,0.082
reformist,2026-03-30,True,ونزوئلا,5,0.037
reformist,2026-03-30,True,پاکستان,46,0.344
reformist,2026-03-30,True,ایتالیا,11,0.082
reformist,2026-03-30,True,اوکراین,28,0.21
reformist,2026-03-30,True,طالبان,2,0.015
reformist,2026-03-30,True,فرانسه,36,0.269
reformist,2026-03-30,True,فلسطین,12,0.09
reformist,2026-03-30,True,بحرین,48,0.359
reformist,2026-03-30,True,سوریه,13,0.097
reformist,2026-03-30,True,کومله,1,0.007
reformist,2026-03-30,True,لبنان,67,0.501
reformist,2026-03-30,True,ترکیه,25,0.187
reformist,2026-03-30,True,روسیه,97,0.726
reformist,2026-03-30,True,آلمان,13,0.097
reformist,2026-03-30,True,عمان,19,0.142
reformist,2026-03-30,True,اردن,15,0.112
reformist,2026-03-30,True,عراق,54,0.404
reformist,2026-03-30,True,حماس,0,0.0
reformist,2026-03-30,True,کویت,48,0.359
reformist,2026-03-30,True,داعش,1,0.007
reformist,2026-03-30,True,پژاک,1,0.007
reformist,2026-03-30,True,ژاپن,14,0.105
reformist,2026-03-30,True,یمن,18,0.135
reformist,2026-03-30,True,چین,54,0.404
reformist,2026-03-30,True,غزه,6,0.045
reformist,2026-03-30,True,قطر,25,0.187
reformist,2026-04-06,True,مقاومت عراق / حشد شعبی,2,0.017
reformist,2026-04-06,True,مجاهدین خلق,0,0.0
reformist,2026-04-06,True,امارات,43,0.361
reformist,2026-04-06,True,جمهوری آذربایجان,6,0.05
reformist,2026-04-06,True,کتائب حزب‌الله,4,0.034
reformist,2026-04-06,True,آذربایجان شرقی/غربی (Iranian provinces),9,0.076
reformist,2026-04-06,True,اتحادیه اروپا,31,0.26
reformist,2026-04-06,True,فلسطین اشغالی (Israel),20,0.168
reformist,2026-04-06,True,عربستان,60,0.504
reformist,2026-04-06,True,سلطنت‌طلبان,0,0.0
reformist,2026-04-06,True,جهاد اسلامی,0,0.0
reformist,2026-04-06,True,"دریای عمان (sea, not the country)",2,0.017
reformist,2026-04-06,True,انصارالله / حوثی‌ها,7,0.059
reformist,2026-04-06,True,جیش‌العدل,0,0.0
reformist,2026-04-06,True,افغانستان,6,0.05
reformist,2026-04-06,True,رضا پهلوی,2,0.017
reformist,2026-04-06,True,انگلیس,28,0.235
reformist,2026-04-06,True,حزب‌الله,78,0.655
reformist,2026-04-06,True,هند,20,0.168
reformist,2026-04-06,True,اسپانیا,15,0.126
reformist,2026-04-06,True,ونزوئلا,1,0.008
reformist,2026-04-06,True,پاکستان,168,1.412
reformist,2026-04-06,True,ایتالیا,7,0.059
reformist,2026-04-06,True,اوکراین,6,0.05
reformist,2026-04-06,True,طالبان,1,0.008
reformist,2026-04-06,True,فرانسه,32,0.269
reformist,2026-04-06,True,فلسطین,5,0.042
reformist,2026-04-06,True,بحرین,21,0.176
reformist,2026-04-06,True,سوریه,5,0.042
reformist,2026-04-06,True,کومله,0,0.0
reformist,2026-04-06,True,لبنان,322,2.705
reformist,2026-04-06,True,ترکیه,36,0.302
reformist,2026-04-06,True,روسیه,72,0.605
reformist,2026-04-06,True,آلمان,10,0.084
reformist,2026-04-06,True,عمان,12,0.101
reformist,2026-04-06,True,اردن,1,0.008
reformist,2026-04-06,True,عراق,59,0.496
reformist,2026-04-06,True,حماس,5,0.042
reformist,2026-04-06,True,کویت,33,0.277
reformist,2026-04-06,True,داعش,2,0.017
reformist,2026-04-06,True,پژاک,0,0.0
reformist,2026-04-06,True,ژاپن,6,0.05
reformist,2026-04-06,True,یمن,17,0.143
reformist,2026-04-06,True,چین,66,0.555
reformist,2026-04-06,True,غزه,26,0.218
reformist,2026-04-06,True,قطر,30,0.252
reformist,2026-04-13,True,مقاومت عراق / حشد شعبی,0,0.0
reformist,2026-04-13,True,مجاهدین خلق,0,0.0
reformist,2026-04-13,True,امارات,21,0.203
reformist,2026-04-13,True,جمهوری آذربایجان,10,0.097
reformist,2026-04-13,True,کتائب حزب‌الله,1,0.01
reformist,2026-04-13,True,آذربایجان شرقی/غربی (Iranian provinces),2,0.019
reformist,2026-04-13,True,اتحادیه اروپا,55,0.532
reformist,2026-04-13,True,فلسطین اشغالی (Israel),7,0.068
reformist,2026-04-13,True,عربستان,26,0.251
reformist,2026-04-13,True,سلطنت‌طلبان,1,0.01
reformist,2026-04-13,True,جهاد اسلامی,0,0.0
reformist,2026-04-13,True,"دریای عمان (sea, not the country)",11,0.106
reformist,2026-04-13,True,انصارالله / حوثی‌ها,6,0.058
reformist,2026-04-13,True,جیش‌العدل,0,0.0
reformist,2026-04-13,True,افغانستان,3,0.029
reformist,2026-04-13,True,رضا پهلوی,2,0.019
reformist,2026-04-13,True,انگلیس,36,0.348
reformist,2026-04-13,True,حزب‌الله,88,0.85
reformist,2026-04-13,True,هند,26,0.251
reformist,2026-04-13,True,اسپانیا,14,0.135
reformist,2026-04-13,True,ونزوئلا,5,0.048
reformist,2026-04-13,True,پاکستان,152,1.469
reformist,2026-04-13,True,ایتالیا,16,0.155
reformist,2026-04-13,True,اوکراین,17,0.164
reformist,2026-04-13,True,طالبان,0,0.0
reformist,2026-04-13,True,فرانسه,21,0.203
reformist,2026-04-13,True,فلسطین,5,0.048
reformist,2026-04-13,True,بحرین,15,0.145
reformist,2026-04-13,True,سوریه,17,0.164
reformist,2026-04-13,True,کومله,1,0.01
reformist,2026-04-13,True,لبنان,272,2.629
reformist,2026-04-13,True,ترکیه,38,0.367
reformist,2026-04-13,True,روسیه,66,0.638
reformist,2026-04-13,True,آلمان,3,0.029
reformist,2026-04-13,True,عمان,19,0.184
reformist,2026-04-13,True,اردن,3,0.029
reformist,2026-04-13,True,عراق,14,0.135
reformist,2026-04-13,True,حماس,3,0.029
reformist,2026-04-13,True,کویت,6,0.058
reformist,2026-04-13,True,داعش,0,0.0
reformist,2026-04-13,True,پژاک,0,0.0
reformist,2026-04-13,True,ژاپن,8,0.077
reformist,2026-04-13,True,یمن,16,0.155
reformist,2026-04-13,True,چین,48,0.464
reformist,2026-04-13,True,غزه,10,0.097
reformist,2026-04-13,True,قطر,19,0.184
reformist,2026-04-20,True,مقاومت عراق / حشد شعبی,0,0.0
reformist,2026-04-20,True,مجاهدین خلق,0,0.0
reformist,2026-04-20,True,امارات,32,0.34
reformist,2026-04-20,True,جمهوری آذربایجان,6,0.064
reformist,2026-04-20,True,کتائب حزب‌الله,0,0.0
reformist,2026-04-20,True,آذربایجان شرقی/غربی (Iranian provinces),5,0.053
reformist,2026-04-20,True,اتحادیه اروپا,52,0.552
reformist,2026-04-20,True,فلسطین اشغالی (Israel),3,0.032
reformist,2026-04-20,True,عربستان,25,0.265
reformist,2026-04-20,True,سلطنت‌طلبان,3,0.032
reformist,2026-04-20,True,جهاد اسلامی,0,0.0
reformist,2026-04-20,True,"دریای عمان (sea, not the country)",2,0.021
reformist,2026-04-20,True,انصارالله / حوثی‌ها,5,0.053
reformist,2026-04-20,True,جیش‌العدل,1,0.011
reformist,2026-04-20,True,افغانستان,2,0.021
reformist,2026-04-20,True,رضا پهلوی,9,0.096
reformist,2026-04-20,True,انگلیس,24,0.255
reformist,2026-04-20,True,حزب‌الله,22,0.233
reformist,2026-04-20,True,هند,24,0.255
reformist,2026-04-20,True,اسپانیا,9,0.096
reformist,2026-04-20,True,ونزوئلا,10,0.106
reformist,2026-04-20,True,پاکستان,142,1.507
reformist,2026-04-20,True,ایتالیا,28,0.297
reformist,2026-04-20,True,اوکراین,13,0.138
reformist,2026-04-20,True,طالبان,0,0.0
reformist,2026-04-20,True,فرانسه,29,0.308
reformist,2026-04-20,True,فلسطین,8,0.085
reformist,2026-04-20,True,بحرین,1,0.011
reformist,2026-04-20,True,سوریه,5,0.053
reformist,2026-04-20,True,کومله,1,0.011
reformist,2026-04-20,True,لبنان,115,1.22
reformist,2026-04-20,True,ترکیه,23,0.244
reformist,2026-04-20,True,روسیه,89,0.945
reformist,2026-04-20,True,آلمان,17,0.18
reformist,2026-04-20,True,عمان,31,0.329
reformist,2026-04-20,True,اردن,1,0.011
reformist,2026-04-20,True,عراق,22,0.233
reformist,2026-04-20,True,حماس,3,0.032
reformist,2026-04-20,True,کویت,3,0.032
reformist,2026-04-20,True,داعش,0,0.0
reformist,2026-04-20,True,پژاک,0,0.0
reformist,2026-04-20,True,ژاپن,7,0.074
reformist,2026-04-20,True,یمن,5,0.053
reformist,2026-04-20,True,چین,57,0.605
reformist,2026-04-20,True,غزه,18,0.191
reformist,2026-04-20,True,قطر,11,0.117
reformist,2026-04-27,True,مقاومت عراق / حشد شعبی,0,0.0
reformist,2026-04-27,True,مجاهدین خلق,0,0.0
reformist,2026-04-27,True,امارات,73,0.786
reformist,2026-04-27,True,جمهوری آذربایجان,5,0.054
reformist,2026-04-27,True,کتائب حزب‌الله,0,0.0
reformist,2026-04-27,True,آذربایجان شرقی/غربی (Iranian provinces),2,0.022
reformist,2026-04-27,True,اتحادیه اروپا,41,0.442
reformist,2026-04-27,True,فلسطین اشغالی (Israel),2,0.022
reformist,2026-04-27,True,عربستان,26,0.28
reformist,2026-04-27,True,سلطنت‌طلبان,0,0.0
reformist,2026-04-27,True,جهاد اسلامی,0,0.0
reformist,2026-04-27,True,"دریای عمان (sea, not the country)",5,0.054
reformist,2026-04-27,True,انصارالله / حوثی‌ها,2,0.022
reformist,2026-04-27,True,جیش‌العدل,0,0.0
reformist,2026-04-27,True,افغانستان,5,0.054
reformist,2026-04-27,True,رضا پهلوی,1,0.011
reformist,2026-04-27,True,انگلیس,25,0.269
reformist,2026-04-27,True,حزب‌الله,57,0.614
reformist,2026-04-27,True,هند,14,0.151
reformist,2026-04-27,True,اسپانیا,8,0.086
reformist,2026-04-27,True,ونزوئلا,4,0.043
reformist,2026-04-27,True,پاکستان,61,0.657
reformist,2026-04-27,True,ایتالیا,7,0.075
reformist,2026-04-27,True,اوکراین,28,0.302
reformist,2026-04-27,True,طالبان,0,0.0
reformist,2026-04-27,True,فرانسه,18,0.194
reformist,2026-04-27,True,فلسطین,13,0.14
reformist,2026-04-27,True,بحرین,11,0.118
reformist,2026-04-27,True,سوریه,7,0.075
reformist,2026-04-27,True,کومله,0,0.0
reformist,2026-04-27,True,لبنان,98,1.055
reformist,2026-04-27,True,ترکیه,29,0.312
reformist,2026-04-27,True,روسیه,74,0.797
reformist,2026-04-27,True,آلمان,40,0.431
reformist,2026-04-27,True,عمان,14,0.151
reformist,2026-04-27,True,اردن,2,0.022
reformist,2026-04-27,True,عراق,34,0.366
reformist,2026-04-27,True,حماس,1,0.011
reformist,2026-04-27,True,کویت,12,0.129
reformist,2026-04-27,True,داعش,1,0.011
reformist,2026-04-27,True,پژاک,0,0.0
reformist,2026-04-27,True,ژاپن,28,0.302
reformist,2026-04-27,True,یمن,7,0.075
reformist,2026-04-27,True,چین,59,0.635
reformist,2026-04-27,True,غزه,20,0.215
reformist,2026-04-27,True,قطر,6,0.065
reformist,2026-05-04,True,مقاومت عراق / حشد شعبی,0,0.0
reformist,2026-05-04,True,مجاهدین خلق,1,0.011
reformist,2026-05-04,True,امارات,161,1.711
reformist,2026-05-04,True,جمهوری آذربایجان,4,0.042
reformist,2026-05-04,True,کتائب حزب‌الله,0,0.0
reformist,2026-05-04,True,آذربایجان شرقی/غربی (Iranian provinces),2,0.021
reformist,2026-05-04,True,اتحادیه اروپا,33,0.351
reformist,2026-05-04,True,فلسطین اشغالی (Israel),0,0.0
reformist,2026-05-04,True,عربستان,60,0.637
reformist,2026-05-04,True,سلطنت‌طلبان,2,0.021
reformist,2026-05-04,True,جهاد اسلامی,0,0.0
reformist,2026-05-04,True,"دریای عمان (sea, not the country)",9,0.096
reformist,2026-05-04,True,انصارالله / حوثی‌ها,0,0.0
reformist,2026-05-04,True,جیش‌العدل,0,0.0
reformist,2026-05-04,True,افغانستان,0,0.0
reformist,2026-05-04,True,رضا پهلوی,2,0.021
reformist,2026-05-04,True,انگلیس,33,0.351
reformist,2026-05-04,True,حزب‌الله,39,0.414
reformist,2026-05-04,True,هند,9,0.096
reformist,2026-05-04,True,اسپانیا,4,0.042
reformist,2026-05-04,True,ونزوئلا,6,0.064
reformist,2026-05-04,True,پاکستان,58,0.616
reformist,2026-05-04,True,ایتالیا,4,0.042
reformist,2026-05-04,True,اوکراین,18,0.191
reformist,2026-05-04,True,طالبان,0,0.0
reformist,2026-05-04,True,فرانسه,19,0.202
reformist,2026-05-04,True,فلسطین,8,0.085
reformist,2026-05-04,True,بحرین,10,0.106
reformist,2026-05-04,True,سوریه,9,0.096
reformist,2026-05-04,True,کومله,0,0.0
reformist,2026-05-04,True,لبنان,75,0.797
reformist,2026-05-04,True,ترکیه,9,0.096
reformist,2026-05-04,True,روسیه,80,0.85
reformist,2026-05-04,True,آلمان,17,0.181
reformist,2026-05-04,True,عمان,13,0.138
reformist,2026-05-04,True,اردن,0,0.0
reformist,2026-05-04,True,عراق,28,0.297
reformist,2026-05-04,True,حماس,3,0.032
reformist,2026-05-04,True,کویت,6,0.064
reformist,2026-05-04,True,داعش,4,0.042
reformist,2026-05-04,True,پژاک,0,0.0
reformist,2026-05-04,True,ژاپن,4,0.042
reformist,2026-05-04,True,یمن,6,0.064
reformist,2026-05-04,True,چین,80,0.85
reformist,2026-05-04,True,غزه,13,0.138
reformist,2026-05-04,True,قطر,19,0.202
reformist,2026-05-11,True,مقاومت عراق / حشد شعبی,0,0.0
reformist,2026-05-11,True,مجاهدین خلق,0,0.0
reformist,2026-05-11,True,امارات,99,1.158
reformist,2026-05-11,True,جمهوری آذربایجان,4,0.047
reformist,2026-05-11,True,کتائب حزب‌الله,0,0.0
reformist,2026-05-11,True,آذربایجان شرقی/غربی (Iranian provinces),1,0.012
reformist,2026-05-11,True,اتحادیه اروپا,25,0.292
reformist,2026-05-11,True,فلسطین اشغالی (Israel),8,0.094
reformist,2026-05-11,True,عربستان,36,0.421
reformist,2026-05-11,True,سلطنت‌طلبان,0,0.0
reformist,2026-05-11,True,جهاد اسلامی,0,0.0
reformist,2026-05-11,True,"دریای عمان (sea, not the country)",1,0.012
reformist,2026-05-11,True,انصارالله / حوثی‌ها,6,0.07
reformist,2026-05-11,True,جیش‌العدل,0,0.0
reformist,2026-05-11,True,افغانستان,2,0.023
reformist,2026-05-11,True,رضا پهلوی,9,0.105
reformist,2026-05-11,True,انگلیس,33,0.386
reformist,2026-05-11,True,حزب‌الله,36,0.421
reformist,2026-05-11,True,هند,37,0.433
reformist,2026-05-11,True,اسپانیا,4,0.047
reformist,2026-05-11,True,ونزوئلا,13,0.152
reformist,2026-05-11,True,پاکستان,52,0.608
reformist,2026-05-11,True,ایتالیا,10,0.117
reformist,2026-05-11,True,اوکراین,8,0.094
reformist,2026-05-11,True,طالبان,2,0.023
reformist,2026-05-11,True,فرانسه,13,0.152
reformist,2026-05-11,True,فلسطین,19,0.222
reformist,2026-05-11,True,بحرین,15,0.175
reformist,2026-05-11,True,سوریه,9,0.105
reformist,2026-05-11,True,کومله,0,0.0
reformist,2026-05-11,True,لبنان,56,0.655
reformist,2026-05-11,True,ترکیه,12,0.14
reformist,2026-05-11,True,روسیه,55,0.643
reformist,2026-05-11,True,آلمان,14,0.164
reformist,2026-05-11,True,عمان,9,0.105
reformist,2026-05-11,True,اردن,7,0.082
reformist,2026-05-11,True,عراق,25,0.292
reformist,2026-05-11,True,حماس,10,0.117
reformist,2026-05-11,True,کویت,13,0.152
reformist,2026-05-11,True,داعش,1,0.012
reformist,2026-05-11,True,پژاک,0,0.0
reformist,2026-05-11,True,ژاپن,12,0.14
reformist,2026-05-11,True,یمن,16,0.187
reformist,2026-05-11,True,چین,211,2.468
reformist,2026-05-11,True,غزه,25,0.292
reformist,2026-05-11,True,قطر,16,0.187
reformist,2026-05-18,True,مقاومت عراق / حشد شعبی,0,0.0
reformist,2026-05-18,True,مجاهدین خلق,2,0.022
reformist,2026-05-18,True,امارات,40,0.447
reformist,2026-05-18,True,جمهوری آذربایجان,12,0.134
reformist,2026-05-18,True,کتائب حزب‌الله,0,0.0
reformist,2026-05-18,True,آذربایجان شرقی/غربی (Iranian provinces),1,0.011
reformist,2026-05-18,True,اتحادیه اروپا,44,0.492
reformist,2026-05-18,True,فلسطین اشغالی (Israel),2,0.022
reformist,2026-05-18,True,عربستان,38,0.425
reformist,2026-05-18,True,سلطنت‌طلبان,0,0.0
reformist,2026-05-18,True,جهاد اسلامی,0,0.0
reformist,2026-05-18,True,"دریای عمان (sea, not the country)",0,0.0
reformist,2026-05-18,True,انصارالله / حوثی‌ها,4,0.045
reformist,2026-05-18,True,جیش‌العدل,0,0.0
reformist,2026-05-18,True,افغانستان,3,0.034
reformist,2026-05-18,True,رضا پهلوی,0,0.0
reformist,2026-05-18,True,انگلیس,21,0.235
reformist,2026-05-18,True,حزب‌الله,35,0.391
reformist,2026-05-18,True,هند,16,0.179
reformist,2026-05-18,True,اسپانیا,3,0.034
reformist,2026-05-18,True,ونزوئلا,10,0.112
reformist,2026-05-18,True,پاکستان,98,1.096
reformist,2026-05-18,True,ایتالیا,7,0.078
reformist,2026-05-18,True,اوکراین,14,0.157
reformist,2026-05-18,True,طالبان,0,0.0
reformist,2026-05-18,True,فرانسه,16,0.179
reformist,2026-05-18,True,فلسطین,11,0.123
reformist,2026-05-18,True,بحرین,10,0.112
reformist,2026-05-18,True,سوریه,5,0.056
reformist,2026-05-18,True,کومله,2,0.022
reformist,2026-05-18,True,لبنان,77,0.861
reformist,2026-05-18,True,ترکیه,21,0.235
reformist,2026-05-18,True,روسیه,70,0.783
reformist,2026-05-18,True,آلمان,20,0.224
reformist,2026-05-18,True,عمان,19,0.212
reformist,2026-05-18,True,اردن,5,0.056
reformist,2026-05-18,True,عراق,59,0.66
reformist,2026-05-18,True,حماس,4,0.045
reformist,2026-05-18,True,کویت,22,0.246
reformist,2026-05-18,True,داعش,0,0.0
reformist,2026-05-18,True,پژاک,4,0.045
reformist,2026-05-18,True,ژاپن,5,0.056
reformist,2026-05-18,True,یمن,8,0.089
reformist,2026-05-18,True,چین,96,1.074
reformist,2026-05-18,True,غزه,20,0.224
reformist,2026-05-18,True,قطر,36,0.403
reformist,2026-05-25,True,مقاومت عراق / حشد شعبی,0,0.0
reformist,2026-05-25,True,مجاهدین خلق,0,0.0
reformist,2026-05-25,True,امارات,11,0.139
reformist,2026-05-25,True,جمهوری آذربایجان,8,0.101
reformist,2026-05-25,True,کتائب حزب‌الله,0,0.0
reformist,2026-05-25,True,آذربایجان شرقی/غربی (Iranian provinces),0,0.0
reformist,2026-05-25,True,اتحادیه اروپا,40,0.504
reformist,2026-05-25,True,فلسطین اشغالی (Israel),5,0.063
reformist,2026-05-25,True,عربستان,52,0.655
reformist,2026-05-25,True,سلطنت‌طلبان,0,0.0
reformist,2026-05-25,True,جهاد اسلامی,0,0.0
reformist,2026-05-25,True,"دریای عمان (sea, not the country)",2,0.025
reformist,2026-05-25,True,انصارالله / حوثی‌ها,1,0.013
reformist,2026-05-25,True,جیش‌العدل,0,0.0
reformist,2026-05-25,True,افغانستان,5,0.063
reformist,2026-05-25,True,رضا پهلوی,2,0.025
reformist,2026-05-25,True,انگلیس,14,0.176
reformist,2026-05-25,True,حزب‌الله,59,0.743
reformist,2026-05-25,True,هند,12,0.151
reformist,2026-05-25,True,اسپانیا,2,0.025
reformist,2026-05-25,True,ونزوئلا,1,0.013
reformist,2026-05-25,True,پاکستان,49,0.617
reformist,2026-05-25,True,ایتالیا,1,0.013
reformist,2026-05-25,True,اوکراین,24,0.302
reformist,2026-05-25,True,طالبان,0,0.0
reformist,2026-05-25,True,فرانسه,9,0.113
reformist,2026-05-25,True,فلسطین,13,0.164
reformist,2026-05-25,True,بحرین,12,0.151
reformist,2026-05-25,True,سوریه,9,0.113
reformist,2026-05-25,True,کومله,0,0.0
reformist,2026-05-25,True,لبنان,86,1.083
reformist,2026-05-25,True,ترکیه,21,0.264
reformist,2026-05-25,True,روسیه,53,0.667
reformist,2026-05-25,True,آلمان,4,0.05
reformist,2026-05-25,True,عمان,42,0.529
reformist,2026-05-25,True,اردن,3,0.038
reformist,2026-05-25,True,عراق,20,0.252
reformist,2026-05-25,True,حماس,7,0.088
reformist,2026-05-25,True,کویت,7,0.088
reformist,2026-05-25,True,داعش,1,0.013
reformist,2026-05-25,True,پژاک,0,0.0
reformist,2026-05-25,True,ژاپن,4,0.05
reformist,2026-05-25,True,یمن,6,0.076
reformist,2026-05-25,True,چین,50,0.63
reformist,2026-05-25,True,غزه,19,0.239
reformist,2026-05-25,True,قطر,54,0.68
reformist,2026-06-01,True,مقاومت عراق / حشد شعبی,0,0.0
reformist,2026-06-01,True,مجاهدین خلق,1,0.011
reformist,2026-06-01,True,امارات,35,0.396
reformist,2026-06-01,True,جمهوری آذربایجان,16,0.181
reformist,2026-06-01,True,کتائب حزب‌الله,0,0.0
reformist,2026-06-01,True,آذربایجان شرقی/غربی (Iranian provinces),0,0.0
reformist,2026-06-01,True,اتحادیه اروپا,20,0.226
reformist,2026-06-01,True,فلسطین اشغالی (Israel),4,0.045
reformist,2026-06-01,True,عربستان,19,0.215
reformist,2026-06-01,True,سلطنت‌طلبان,0,0.0
reformist,2026-06-01,True,جهاد اسلامی,0,0.0
reformist,2026-06-01,True,"دریای عمان (sea, not the country)",5,0.057
reformist,2026-06-01,True,انصارالله / حوثی‌ها,6,0.068
reformist,2026-06-01,True,جیش‌العدل,0,0.0
reformist,2026-06-01,True,افغانستان,7,0.079
reformist,2026-06-01,True,رضا پهلوی,0,0.0
reformist,2026-06-01,True,انگلیس,8,0.09
reformist,2026-06-01,True,حزب‌الله,69,0.78
reformist,2026-06-01,True,هند,25,0.283
reformist,2026-06-01,True,اسپانیا,5,0.057
reformist,2026-06-01,True,ونزوئلا,9,0.102
reformist,2026-06-01,True,پاکستان,74,0.837
reformist,2026-06-01,True,ایتالیا,3,0.034
reformist,2026-06-01,True,اوکراین,12,0.136
reformist,2026-06-01,True,طالبان,1,0.011
reformist,2026-06-01,True,فرانسه,10,0.113
reformist,2026-06-01,True,فلسطین,16,0.181
reformist,2026-06-01,True,بحرین,12,0.136
reformist,2026-06-01,True,سوریه,13,0.147
reformist,2026-06-01,True,کومله,2,0.023
reformist,2026-06-01,True,لبنان,239,2.703
reformist,2026-06-01,True,ترکیه,22,0.249
reformist,2026-06-01,True,روسیه,73,0.826
reformist,2026-06-01,True,آلمان,9,0.102
reformist,2026-06-01,True,عمان,25,0.283
reformist,2026-06-01,True,اردن,5,0.057
reformist,2026-06-01,True,عراق,45,0.509
reformist,2026-06-01,True,حماس,5,0.057
reformist,2026-06-01,True,کویت,73,0.826
reformist,2026-06-01,True,داعش,0,0.0
reformist,2026-06-01,True,پژاک,3,0.034
reformist,2026-06-01,True,ژاپن,3,0.034
reformist,2026-06-01,True,یمن,12,0.136
reformist,2026-06-01,True,چین,23,0.26
reformist,2026-06-01,True,غزه,22,0.249
reformist,2026-06-01,True,قطر,23,0.26
reformist,2026-06-08,True,مقاومت عراق / حشد شعبی,1,0.01
reformist,2026-06-08,True,مجاهدین خلق,0,0.0
reformist,2026-06-08,True,امارات,25,0.257
reformist,2026-06-08,True,جمهوری آذربایجان,4,0.041
reformist,2026-06-08,True,کتائب حزب‌الله,0,0.0
reformist,2026-06-08,True,آذربایجان شرقی/غربی (Iranian provinces),5,0.051
reformist,2026-06-08,True,اتحادیه اروپا,28,0.288
reformist,2026-06-08,True,فلسطین اشغالی (Israel),13,0.134
reformist,2026-06-08,True,عربستان,27,0.278
reformist,2026-06-08,True,سلطنت‌طلبان,0,0.0
reformist,2026-06-08,True,جهاد اسلامی,0,0.0
reformist,2026-06-08,True,"دریای عمان (sea, not the country)",8,0.082
reformist,2026-06-08,True,انصارالله / حوثی‌ها,5,0.051
reformist,2026-06-08,True,جیش‌العدل,0,0.0
reformist,2026-06-08,True,افغانستان,8,0.082
reformist,2026-06-08,True,رضا پهلوی,3,0.031
reformist,2026-06-08,True,انگلیس,23,0.236
reformist,2026-06-08,True,حزب‌الله,60,0.617
reformist,2026-06-08,True,هند,13,0.134
reformist,2026-06-08,True,اسپانیا,0,0.0
reformist,2026-06-08,True,ونزوئلا,0,0.0
reformist,2026-06-08,True,پاکستان,54,0.555
reformist,2026-06-08,True,ایتالیا,4,0.041
reformist,2026-06-08,True,اوکراین,7,0.072
reformist,2026-06-08,True,طالبان,4,0.041
reformist,2026-06-08,True,فرانسه,15,0.154
reformist,2026-06-08,True,فلسطین,5,0.051
reformist,2026-06-08,True,بحرین,24,0.247
reformist,2026-06-08,True,سوریه,9,0.093
reformist,2026-06-08,True,کومله,0,0.0
reformist,2026-06-08,True,لبنان,183,1.882
reformist,2026-06-08,True,ترکیه,14,0.144
reformist,2026-06-08,True,روسیه,31,0.319
reformist,2026-06-08,True,آلمان,8,0.082
reformist,2026-06-08,True,عمان,25,0.257
reformist,2026-06-08,True,اردن,11,0.113
reformist,2026-06-08,True,عراق,24,0.247
reformist,2026-06-08,True,حماس,7,0.072
reformist,2026-06-08,True,کویت,17,0.175
reformist,2026-06-08,True,داعش,0,0.0
reformist,2026-06-08,True,پژاک,0,0.0
reformist,2026-06-08,True,ژاپن,3,0.031
reformist,2026-06-08,True,یمن,27,0.278
reformist,2026-06-08,True,چین,18,0.185
reformist,2026-06-08,True,غزه,19,0.195
reformist,2026-06-08,True,قطر,19,0.195
reformist,2026-06-15,True,مقاومت عراق / حشد شعبی,0,0.0
reformist,2026-06-15,True,مجاهدین خلق,0,0.0
reformist,2026-06-15,True,امارات,7,0.079
reformist,2026-06-15,True,جمهوری آذربایجان,2,0.022
reformist,2026-06-15,True,کتائب حزب‌الله,0,0.0
reformist,2026-06-15,True,آذربایجان شرقی/غربی (Iranian provinces),1,0.011
reformist,2026-06-15,True,اتحادیه اروپا,19,0.214
reformist,2026-06-15,True,فلسطین اشغالی (Israel),1,0.011
reformist,2026-06-15,True,عربستان,23,0.259
reformist,2026-06-15,True,سلطنت‌طلبان,4,0.045
reformist,2026-06-15,True,جهاد اسلامی,0,0.0
reformist,2026-06-15,True,"دریای عمان (sea, not the country)",3,0.034
reformist,2026-06-15,True,انصارالله / حوثی‌ها,1,0.011
reformist,2026-06-15,True,جیش‌العدل,0,0.0
reformist,2026-06-15,True,افغانستان,0,0.0
reformist,2026-06-15,True,رضا پهلوی,4,0.045
reformist,2026-06-15,True,انگلیس,22,0.247
reformist,2026-06-15,True,حزب‌الله,84,0.945
reformist,2026-06-15,True,هند,7,0.079
reformist,2026-06-15,True,اسپانیا,8,0.09
reformist,2026-06-15,True,ونزوئلا,4,0.045
reformist,2026-06-15,True,پاکستان,80,0.9
reformist,2026-06-15,True,ایتالیا,10,0.112
reformist,2026-06-15,True,اوکراین,11,0.124
reformist,2026-06-15,True,طالبان,0,0.0
reformist,2026-06-15,True,فرانسه,26,0.292
reformist,2026-06-15,True,فلسطین,6,0.067
reformist,2026-06-15,True,بحرین,4,0.045
reformist,2026-06-15,True,سوریه,18,0.202
reformist,2026-06-15,True,کومله,0,0.0
reformist,2026-06-15,True,لبنان,297,3.34
reformist,2026-06-15,True,ترکیه,7,0.079
reformist,2026-06-15,True,روسیه,26,0.292
reformist,2026-06-15,True,آلمان,13,0.146
reformist,2026-06-15,True,عمان,9,0.101
reformist,2026-06-15,True,اردن,0,0.0
reformist,2026-06-15,True,عراق,16,0.18
reformist,2026-06-15,True,حماس,1,0.011
reformist,2026-06-15,True,کویت,5,0.056
reformist,2026-06-15,True,داعش,0,0.0
reformist,2026-06-15,True,پژاک,0,0.0
reformist,2026-06-15,True,ژاپن,6,0.067
reformist,2026-06-15,True,یمن,8,0.09
reformist,2026-06-15,True,چین,27,0.304
reformist,2026-06-15,True,غزه,19,0.214
reformist,2026-06-15,True,قطر,41,0.461
reformist,2026-06-22,True,مقاومت عراق / حشد شعبی,0,0.0
reformist,2026-06-22,True,مجاهدین خلق,1,0.013
reformist,2026-06-22,True,امارات,24,0.309
reformist,2026-06-22,True,جمهوری آذربایجان,5,0.064
reformist,2026-06-22,True,کتائب حزب‌الله,0,0.0
reformist,2026-06-22,True,آذربایجان شرقی/غربی (Iranian provinces),2,0.026
reformist,2026-06-22,True,اتحادیه اروپا,15,0.193
reformist,2026-06-22,True,فلسطین اشغالی (Israel),0,0.0
reformist,2026-06-22,True,عربستان,17,0.219
reformist,2026-06-22,True,سلطنت‌طلبان,1,0.013
reformist,2026-06-22,True,جهاد اسلامی,0,0.0
reformist,2026-06-22,True,"دریای عمان (sea, not the country)",1,0.013
reformist,2026-06-22,True,انصارالله / حوثی‌ها,4,0.051
reformist,2026-06-22,True,جیش‌العدل,0,0.0
reformist,2026-06-22,True,افغانستان,3,0.039
reformist,2026-06-22,True,رضا پهلوی,4,0.051
reformist,2026-06-22,True,انگلیس,19,0.245
reformist,2026-06-22,True,حزب‌الله,53,0.682
reformist,2026-06-22,True,هند,13,0.167
reformist,2026-06-22,True,اسپانیا,2,0.026
reformist,2026-06-22,True,ونزوئلا,27,0.347
reformist,2026-06-22,True,پاکستان,74,0.952
reformist,2026-06-22,True,ایتالیا,21,0.27
reformist,2026-06-22,True,اوکراین,4,0.051
reformist,2026-06-22,True,طالبان,1,0.013
reformist,2026-06-22,True,فرانسه,14,0.18
reformist,2026-06-22,True,فلسطین,10,0.129
reformist,2026-06-22,True,بحرین,9,0.116
reformist,2026-06-22,True,سوریه,7,0.09
reformist,2026-06-22,True,کومله,0,0.0
reformist,2026-06-22,True,لبنان,236,3.037
reformist,2026-06-22,True,ترکیه,9,0.116
reformist,2026-06-22,True,روسیه,18,0.232
reformist,2026-06-22,True,آلمان,7,0.09
reformist,2026-06-22,True,عمان,66,0.849
reformist,2026-06-22,True,اردن,0,0.0
reformist,2026-06-22,True,عراق,42,0.541
reformist,2026-06-22,True,حماس,0,0.0
reformist,2026-06-22,True,کویت,17,0.219
reformist,2026-06-22,True,داعش,1,0.013
reformist,2026-06-22,True,پژاک,0,0.0
reformist,2026-06-22,True,ژاپن,4,0.051
reformist,2026-06-22,True,یمن,3,0.039
reformist,2026-06-22,True,چین,7,0.09
reformist,2026-06-22,True,غزه,10,0.129
reformist,2026-06-22,True,قطر,53,0.682
reformist,2026-06-29,True,مقاومت عراق / حشد شعبی,0,0.0
reformist,2026-06-29,True,مجاهدین خلق,4,0.052
reformist,2026-06-29,True,امارات,15,0.195
reformist,2026-06-29,True,جمهوری آذربایجان,5,0.065
reformist,2026-06-29,True,کتائب حزب‌الله,0,0.0
reformist,2026-06-29,True,آذربایجان شرقی/غربی (Iranian provinces),0,0.0
reformist,2026-06-29,True,اتحادیه اروپا,10,0.13
reformist,2026-06-29,True,فلسطین اشغالی (Israel),0,0.0
reformist,2026-06-29,True,عربستان,34,0.441
reformist,2026-06-29,True,سلطنت‌طلبان,0,0.0
reformist,2026-06-29,True,جهاد اسلامی,0,0.0
reformist,2026-06-29,True,"دریای عمان (sea, not the country)",2,0.026
reformist,2026-06-29,True,انصارالله / حوثی‌ها,4,0.052
reformist,2026-06-29,True,جیش‌العدل,0,0.0
reformist,2026-06-29,True,افغانستان,9,0.117
reformist,2026-06-29,True,رضا پهلوی,10,0.13
reformist,2026-06-29,True,انگلیس,10,0.13
reformist,2026-06-29,True,حزب‌الله,19,0.246
reformist,2026-06-29,True,هند,10,0.13
reformist,2026-06-29,True,اسپانیا,0,0.0
reformist,2026-06-29,True,ونزوئلا,8,0.104
reformist,2026-06-29,True,پاکستان,32,0.415
reformist,2026-06-29,True,ایتالیا,3,0.039
reformist,2026-06-29,True,اوکراین,7,0.091
reformist,2026-06-29,True,طالبان,0,0.0
reformist,2026-06-29,True,فرانسه,22,0.285
reformist,2026-06-29,True,فلسطین,8,0.104
reformist,2026-06-29,True,بحرین,8,0.104
reformist,2026-06-29,True,سوریه,13,0.169
reformist,2026-06-29,True,کومله,0,0.0
reformist,2026-06-29,True,لبنان,105,1.362
reformist,2026-06-29,True,ترکیه,20,0.259
reformist,2026-06-29,True,روسیه,23,0.298
reformist,2026-06-29,True,آلمان,2,0.026
reformist,2026-06-29,True,عمان,28,0.363
reformist,2026-06-29,True,اردن,1,0.013
reformist,2026-06-29,True,عراق,73,0.947
reformist,2026-06-29,True,حماس,2,0.026
reformist,2026-06-29,True,کویت,3,0.039
reformist,2026-06-29,True,داعش,0,0.0
reformist,2026-06-29,True,پژاک,1,0.013
reformist,2026-06-29,True,ژاپن,7,0.091
reformist,2026-06-29,True,یمن,18,0.234
reformist,2026-06-29,True,چین,23,0.298
reformist,2026-06-29,True,غزه,9,0.117
reformist,2026-06-29,True,قطر,42,0.545
reformist,2026-07-06,True,مقاومت عراق / حشد شعبی,7,0.085
reformist,2026-07-06,True,مجاهدین خلق,1,0.012
reformist,2026-07-06,True,امارات,10,0.121
reformist,2026-07-06,True,جمهوری آذربایجان,2,0.024
reformist,2026-07-06,True,کتائب حزب‌الله,0,0.0
reformist,2026-07-06,True,آذربایجان شرقی/غربی (Iranian provinces),2,0.024
reformist,2026-07-06,True,اتحادیه اروپا,20,0.242
reformist,2026-07-06,True,فلسطین اشغالی (Israel),2,0.024
reformist,2026-07-06,True,عربستان,28,0.338
reformist,2026-07-06,True,سلطنت‌طلبان,0,0.0
reformist,2026-07-06,True,جهاد اسلامی,0,0.0
reformist,2026-07-06,True,"دریای عمان (sea, not the country)",5,0.06
reformist,2026-07-06,True,انصارالله / حوثی‌ها,6,0.072
reformist,2026-07-06,True,جیش‌العدل,0,0.0
reformist,2026-07-06,True,افغانستان,6,0.072
reformist,2026-07-06,True,رضا پهلوی,1,0.012
reformist,2026-07-06,True,انگلیس,20,0.242
reformist,2026-07-06,True,حزب‌الله,15,0.181
reformist,2026-07-06,True,هند,6,0.072
reformist,2026-07-06,True,اسپانیا,16,0.193
reformist,2026-07-06,True,ونزوئلا,10,0.121
reformist,2026-07-06,True,پاکستان,32,0.387
reformist,2026-07-06,True,ایتالیا,1,0.012
reformist,2026-07-06,True,اوکراین,11,0.133
reformist,2026-07-06,True,طالبان,5,0.06
reformist,2026-07-06,True,فرانسه,8,0.097
reformist,2026-07-06,True,فلسطین,8,0.097
reformist,2026-07-06,True,بحرین,36,0.435
reformist,2026-07-06,True,سوریه,21,0.254
reformist,2026-07-06,True,کومله,0,0.0
reformist,2026-07-06,True,لبنان,59,0.713
reformist,2026-07-06,True,ترکیه,38,0.459
reformist,2026-07-06,True,روسیه,35,0.423
reformist,2026-07-06,True,آلمان,15,0.181
reformist,2026-07-06,True,عمان,62,0.749
reformist,2026-07-06,True,اردن,17,0.205
reformist,2026-07-06,True,عراق,137,1.655
reformist,2026-07-06,True,حماس,16,0.193
reformist,2026-07-06,True,کویت,30,0.362
reformist,2026-07-06,True,داعش,2,0.024
reformist,2026-07-06,True,پژاک,0,0.0
reformist,2026-07-06,True,ژاپن,3,0.036
reformist,2026-07-06,True,یمن,15,0.181
reformist,2026-07-06,True,چین,29,0.35
reformist,2026-07-06,True,غزه,27,0.326
reformist,2026-07-06,True,قطر,48,0.58
reformist,2026-07-13,True,مقاومت عراق / حشد شعبی,7,0.062
reformist,2026-07-13,True,مجاهدین خلق,1,0.009
reformist,2026-07-13,True,امارات,37,0.329
reformist,2026-07-13,True,جمهوری آذربایجان,5,0.045
reformist,2026-07-13,True,کتائب حزب‌الله,0,0.0
reformist,2026-07-13,True,آذربایجان شرقی/غربی (Iranian provinces),2,0.018
reformist,2026-07-13,True,اتحادیه اروپا,21,0.187
reformist,2026-07-13,True,فلسطین اشغالی (Israel),5,0.045
reformist,2026-07-13,True,عربستان,66,0.588
reformist,2026-07-13,True,سلطنت‌طلبان,0,0.0
reformist,2026-07-13,True,جهاد اسلامی,1,0.009
reformist,2026-07-13,True,"دریای عمان (sea, not the country)",3,0.027
reformist,2026-07-13,True,انصارالله / حوثی‌ها,14,0.125
reformist,2026-07-13,True,جیش‌العدل,0,0.0
reformist,2026-07-13,True,افغانستان,5,0.045
reformist,2026-07-13,True,رضا پهلوی,2,0.018
reformist,2026-07-13,True,انگلیس,42,0.374
reformist,2026-07-13,True,حزب‌الله,20,0.178
reformist,2026-07-13,True,هند,8,0.071
reformist,2026-07-13,True,اسپانیا,30,0.267
reformist,2026-07-13,True,ونزوئلا,9,0.08
reformist,2026-07-13,True,پاکستان,33,0.294
reformist,2026-07-13,True,ایتالیا,2,0.018
reformist,2026-07-13,True,اوکراین,13,0.116
reformist,2026-07-13,True,طالبان,2,0.018
reformist,2026-07-13,True,فرانسه,14,0.125
reformist,2026-07-13,True,فلسطین,16,0.142
reformist,2026-07-13,True,بحرین,68,0.605
reformist,2026-07-13,True,سوریه,26,0.232
reformist,2026-07-13,True,کومله,2,0.018
reformist,2026-07-13,True,لبنان,68,0.605
reformist,2026-07-13,True,ترکیه,24,0.214
reformist,2026-07-13,True,روسیه,65,0.579
reformist,2026-07-13,True,آلمان,6,0.053
reformist,2026-07-13,True,عمان,39,0.347
reformist,2026-07-13,True,اردن,97,0.864
reformist,2026-07-13,True,عراق,128,1.14
reformist,2026-07-13,True,حماس,4,0.036
reformist,2026-07-13,True,کویت,117,1.042
reformist,2026-07-13,True,داعش,1,0.009
reformist,2026-07-13,True,پژاک,0,0.0
reformist,2026-07-13,True,ژاپن,4,0.036
reformist,2026-07-13,True,یمن,47,0.418
reformist,2026-07-13,True,چین,44,0.392
reformist,2026-07-13,True,غزه,18,0.16
reformist,2026-07-13,True,قطر,41,0.365
reformist,2026-07-20,True,مقاومت عراق / حشد شعبی,0,0.0
reformist,2026-07-20,True,مجاهدین خلق,0,0.0
reformist,2026-07-20,True,امارات,23,0.253
reformist,2026-07-20,True,جمهوری آذربایجان,0,0.0
reformist,2026-07-20,True,کتائب حزب‌الله,0,0.0
reformist,2026-07-20,True,آذربایجان شرقی/غربی (Iranian provinces),5,0.055
reformist,2026-07-20,True,اتحادیه اروپا,13,0.143
reformist,2026-07-20,True,فلسطین اشغالی (Israel),4,0.044
reformist,2026-07-20,True,عربستان,109,1.198
reformist,2026-07-20,True,سلطنت‌طلبان,0,0.0
reformist,2026-07-20,True,جهاد اسلامی,0,0.0
reformist,2026-07-20,True,"دریای عمان (sea, not the country)",8,0.088
reformist,2026-07-20,True,انصارالله / حوثی‌ها,24,0.264
reformist,2026-07-20,True,جیش‌العدل,0,0.0
reformist,2026-07-20,True,افغانستان,11,0.121
reformist,2026-07-20,True,رضا پهلوی,0,0.0
reformist,2026-07-20,True,انگلیس,37,0.407
reformist,2026-07-20,True,حزب‌الله,26,0.286
reformist,2026-07-20,True,هند,3,0.033
reformist,2026-07-20,True,اسپانیا,39,0.429
reformist,2026-07-20,True,ونزوئلا,5,0.055
reformist,2026-07-20,True,پاکستان,41,0.451
reformist,2026-07-20,True,ایتالیا,0,0.0
reformist,2026-07-20,True,اوکراین,38,0.418
reformist,2026-07-20,True,طالبان,7,0.077
reformist,2026-07-20,True,فرانسه,30,0.33
reformist,2026-07-20,True,فلسطین,12,0.132
reformist,2026-07-20,True,بحرین,33,0.363
reformist,2026-07-20,True,سوریه,19,0.209
reformist,2026-07-20,True,کومله,0,0.0
reformist,2026-07-20,True,لبنان,65,0.714
reformist,2026-07-20,True,ترکیه,15,0.165
reformist,2026-07-20,True,روسیه,68,0.747
reformist,2026-07-20,True,آلمان,21,0.231
reformist,2026-07-20,True,عمان,17,0.187
reformist,2026-07-20,True,اردن,68,0.747
reformist,2026-07-20,True,عراق,106,1.165
reformist,2026-07-20,True,حماس,6,0.066
reformist,2026-07-20,True,کویت,71,0.78
reformist,2026-07-20,True,داعش,1,0.011
reformist,2026-07-20,True,پژاک,0,0.0
reformist,2026-07-20,True,ژاپن,4,0.044
reformist,2026-07-20,True,یمن,63,0.692
reformist,2026-07-20,True,چین,31,0.341
reformist,2026-07-20,True,غزه,8,0.088
reformist,2026-07-20,True,قطر,22,0.242
reformist,2026-07-27,True,مقاومت عراق / حشد شعبی,19,0.226
reformist,2026-07-27,True,مجاهدین خلق,0,0.0
reformist,2026-07-27,True,امارات,20,0.238
reformist,2026-07-27,True,جمهوری آذربایجان,0,0.0
reformist,2026-07-27,True,کتائب حزب‌الله,0,0.0
reformist,2026-07-27,True,آذربایجان شرقی/غربی (Iranian provinces),1,0.012
reformist,2026-07-27,True,اتحادیه اروپا,33,0.392
reformist,2026-07-27,True,فلسطین اشغالی (Israel),2,0.024
reformist,2026-07-27,True,عربستان,197,2.342
reformist,2026-07-27,True,سلطنت‌طلبان,0,0.0
reformist,2026-07-27,True,جهاد اسلامی,0,0.0
reformist,2026-07-27,True,"دریای عمان (sea, not the country)",1,0.012
reformist,2026-07-27,True,انصارالله / حوثی‌ها,21,0.25
reformist,2026-07-27,True,جیش‌العدل,0,0.0
reformist,2026-07-27,True,افغانستان,2,0.024
reformist,2026-07-27,True,رضا پهلوی,0,0.0
reformist,2026-07-27,True,انگلیس,21,0.25
reformist,2026-07-27,True,حزب‌الله,12,0.143
reformist,2026-07-27,True,هند,7,0.083
reformist,2026-07-27,True,اسپانیا,35,0.416
reformist,2026-07-27,True,ونزوئلا,10,0.119
reformist,2026-07-27,True,پاکستان,27,0.321
reformist,2026-07-27,True,ایتالیا,7,0.083
reformist,2026-07-27,True,اوکراین,68,0.809
reformist,2026-07-27,True,طالبان,1,0.012
reformist,2026-07-27,True,فرانسه,21,0.25
reformist,2026-07-27,True,فلسطین,6,0.071
reformist,2026-07-27,True,بحرین,8,0.095
reformist,2026-07-27,True,سوریه,10,0.119
reformist,2026-07-27,True,کومله,0,0.0
reformist,2026-07-27,True,لبنان,41,0.487
reformist,2026-07-27,True,ترکیه,10,0.119
reformist,2026-07-27,True,روسیه,74,0.88
reformist,2026-07-27,True,آلمان,5,0.059
reformist,2026-07-27,True,عمان,39,0.464
reformist,2026-07-27,True,اردن,37,0.44
reformist,2026-07-27,True,عراق,128,1.522
reformist,2026-07-27,True,حماس,28,0.333
reformist,2026-07-27,True,کویت,29,0.345
reformist,2026-07-27,True,داعش,1,0.012
reformist,2026-07-27,True,پژاک,6,0.071
reformist,2026-07-27,True,ژاپن,8,0.095
reformist,2026-07-27,True,یمن,47,0.559
reformist,2026-07-27,True,چین,37,0.44
reformist,2026-07-27,True,غزه,43,0.511
reformist,2026-07-27,True,قطر,28,0.333
reformist,2026-08-03,True,مقاومت عراق / حشد شعبی,1,0.011
reformist,2026-08-03,True,مجاهدین خلق,0,0.0
reformist,2026-08-03,True,امارات,21,0.24
reformist,2026-08-03,True,جمهوری آذربایجان,3,0.034
reformist,2026-08-03,True,کتائب حزب‌الله,1,0.011
reformist,2026-08-03,True,آذربایجان شرقی/غربی (Iranian provinces),2,0.023
reformist,2026-08-03,True,اتحادیه اروپا,10,0.114
reformist,2026-08-03,True,فلسطین اشغالی (Israel),0,0.0
reformist,2026-08-03,True,عربستان,111,1.268
reformist,2026-08-03,True,سلطنت‌طلبان,0,0.0
reformist,2026-08-03,True,جهاد اسلامی,0,0.0
reformist,2026-08-03,True,"دریای عمان (sea, not the country)",0,0.0
reformist,2026-08-03,True,انصارالله / حوثی‌ها,17,0.194
reformist,2026-08-03,True,جیش‌العدل,0,0.0
reformist,2026-08-03,True,افغانستان,11,0.126
reformist,2026-08-03,True,رضا پهلوی,0,0.0
reformist,2026-08-03,True,انگلیس,10,0.114
reformist,2026-08-03,True,حزب‌الله,25,0.286
reformist,2026-08-03,True,هند,1,0.011
reformist,2026-08-03,True,اسپانیا,0,0.0
reformist,2026-08-03,True,ونزوئلا,9,0.103
reformist,2026-08-03,True,پاکستان,51,0.583
reformist,2026-08-03,True,ایتالیا,5,0.057
reformist,2026-08-03,True,اوکراین,22,0.251
reformist,2026-08-03,True,طالبان,3,0.034
reformist,2026-08-03,True,فرانسه,6,0.069
reformist,2026-08-03,True,فلسطین,10,0.114
reformist,2026-08-03,True,بحرین,1,0.011
reformist,2026-08-03,True,سوریه,13,0.149
reformist,2026-08-03,True,کومله,0,0.0
reformist,2026-08-03,True,لبنان,66,0.754
reformist,2026-08-03,True,ترکیه,31,0.354
reformist,2026-08-03,True,روسیه,54,0.617
reformist,2026-08-03,True,آلمان,7,0.08
reformist,2026-08-03,True,عمان,92,1.051
reformist,2026-08-03,True,اردن,3,0.034
reformist,2026-08-03,True,عراق,54,0.617
reformist,2026-08-03,True,حماس,9,0.103
reformist,2026-08-03,True,کویت,8,0.091
reformist,2026-08-03,True,داعش,4,0.046
reformist,2026-08-03,True,پژاک,0,0.0
reformist,2026-08-03,True,ژاپن,9,0.103
reformist,2026-08-03,True,یمن,54,0.617
reformist,2026-08-03,True,چین,40,0.457
reformist,2026-08-03,True,غزه,31,0.354
reformist,2026-08-03,True,قطر,13,0.149
reformist,2026-08-10,True,مقاومت عراق / حشد شعبی,0,0.0
reformist,2026-08-10,True,مجاهدین خلق,1,0.012
reformist,2026-08-10,True,امارات,32,0.374
reformist,2026-08-10,True,جمهوری آذربایجان,10,0.117
reformist,2026-08-10,True,کتائب حزب‌الله,0,0.0
reformist,2026-08-10,True,آذربایجان شرقی/غربی (Iranian provinces),5,0.059
reformist,2026-08-10,True,اتحادیه اروپا,25,0.293
reformist,2026-08-10,True,فلسطین اشغالی (Israel),0,0.0
reformist,2026-08-10,True,عربستان,51,0.597
reformist,2026-08-10,True,سلطنت‌طلبان,1,0.012
reformist,2026-08-10,True,جهاد اسلامی,0,0.0
reformist,2026-08-10,True,"دریای عمان (sea, not the country)",5,0.059
reformist,2026-08-10,True,انصارالله / حوثی‌ها,9,0.105
reformist,2026-08-10,True,جیش‌العدل,0,0.0
reformist,2026-08-10,True,افغانستان,11,0.129
reformist,2026-08-10,True,رضا پهلوی,3,0.035
reformist,2026-08-10,True,انگلیس,14,0.164
reformist,2026-08-10,True,حزب‌الله,16,0.187
reformist,2026-08-10,True,هند,8,0.094
reformist,2026-08-10,True,اسپانیا,3,0.035
reformist,2026-08-10,True,ونزوئلا,2,0.023
reformist,2026-08-10,True,پاکستان,65,0.761
reformist,2026-08-10,True,ایتالیا,1,0.012
reformist,2026-08-10,True,اوکراین,33,0.386
reformist,2026-08-10,True,طالبان,9,0.105
reformist,2026-08-10,True,فرانسه,17,0.199
reformist,2026-08-10,True,فلسطین,18,0.211
reformist,2026-08-10,True,بحرین,1,0.012
reformist,2026-08-10,True,سوریه,25,0.293
reformist,2026-08-10,True,کومله,0,0.0
reformist,2026-08-10,True,لبنان,56,0.655
reformist,2026-08-10,True,ترکیه,44,0.515
reformist,2026-08-10,True,روسیه,40,0.468
reformist,2026-08-10,True,آلمان,5,0.059
reformist,2026-08-10,True,عمان,25,0.293
reformist,2026-08-10,True,اردن,2,0.023
reformist,2026-08-10,True,عراق,39,0.456
reformist,2026-08-10,True,حماس,13,0.152
reformist,2026-08-10,True,کویت,13,0.152
reformist,2026-08-10,True,داعش,1,0.012
reformist,2026-08-10,True,پژاک,0,0.0
reformist,2026-08-10,True,ژاپن,10,0.117
reformist,2026-08-10,True,یمن,23,0.269
reformist,2026-08-10,True,چین,31,0.363
reformist,2026-08-10,True,غزه,36,0.421
reformist,2026-08-10,True,قطر,32,0.374
reformist,2026-08-17,True,مقاومت عراق / حشد شعبی,3,0.034
reformist,2026-08-17,True,مجاهدین خلق,0,0.0
reformist,2026-08-17,True,امارات,57,0.655
reformist,2026-08-17,True,جمهوری آذربایجان,6,0.069
reformist,2026-08-17,True,کتائب حزب‌الله,2,0.023
reformist,2026-08-17,True,آذربایجان شرقی/غربی (Iranian provinces),2,0.023
reformist,2026-08-17,True,اتحادیه اروپا,18,0.207
reformist,2026-08-17,True,فلسطین اشغالی (Israel),0,0.0
reformist,2026-08-17,True,عربستان,41,0.471
reformist,2026-08-17,True,سلطنت‌طلبان,2,0.023
reformist,2026-08-17,True,جهاد اسلامی,0,0.0
reformist,2026-08-17,True,"دریای عمان (sea, not the country)",1,0.011
reformist,2026-08-17,True,انصارالله / حوثی‌ها,9,0.103
reformist,2026-08-17,True,جیش‌العدل,2,0.023
reformist,2026-08-17,True,افغانستان,0,0.0
reformist,2026-08-17,True,رضا پهلوی,3,0.034
reformist,2026-08-17,True,انگلیس,32,0.368
reformist,2026-08-17,True,حزب‌الله,12,0.138
reformist,2026-08-17,True,هند,12,0.138
reformist,2026-08-17,True,اسپانیا,1,0.011
reformist,2026-08-17,True,ونزوئلا,3,0.034
reformist,2026-08-17,True,پاکستان,34,0.391
reformist,2026-08-17,True,ایتالیا,2,0.023
reformist,2026-08-17,True,اوکراین,22,0.253
reformist,2026-08-17,True,طالبان,1,0.011
reformist,2026-08-17,True,فرانسه,13,0.149
reformist,2026-08-17,True,فلسطین,10,0.115
reformist,2026-08-17,True,بحرین,3,0.034
reformist,2026-08-17,True,سوریه,35,0.402
reformist,2026-08-17,True,کومله,0,0.0
reformist,2026-08-17,True,لبنان,19,0.218
reformist,2026-08-17,True,ترکیه,45,0.517
reformist,2026-08-17,True,روسیه,47,0.54
reformist,2026-08-17,True,آلمان,6,0.069
reformist,2026-08-17,True,عمان,42,0.483
reformist,2026-08-17,True,اردن,2,0.023
reformist,2026-08-17,True,عراق,126,1.448
reformist,2026-08-17,True,حماس,8,0.092
reformist,2026-08-17,True,کویت,5,0.057
reformist,2026-08-17,True,داعش,3,0.034
reformist,2026-08-17,True,پژاک,4,0.046
reformist,2026-08-17,True,ژاپن,7,0.08
reformist,2026-08-17,True,یمن,21,0.241
reformist,2026-08-17,True,چین,55,0.632
reformist,2026-08-17,True,غزه,18,0.207
reformist,2026-08-17,True,قطر,18,0.207
reformist,2026-08-24,True,مقاومت عراق / حشد شعبی,1,0.012
reformist,2026-08-24,True,مجاهدین خلق,0,0.0
reformist,2026-08-24,True,امارات,21,0.25
reformist,2026-08-24,True,جمهوری آذربایجان,6,0.071
reformist,2026-08-24,True,کتائب حزب‌الله,0,0.0
reformist,2026-08-24,True,آذربایجان شرقی/غربی (Iranian provinces),0,0.0
reformist,2026-08-24,True,اتحادیه اروپا,16,0.19
reformist,2026-08-24,True,فلسطین اشغالی (Israel),1,0.012
reformist,2026-08-24,True,عربستان,26,0.309
reformist,2026-08-24,True,سلطنت‌طلبان,0,0.0
reformist,2026-08-24,True,جهاد اسلامی,1,0.012
reformist,2026-08-24,True,"دریای عمان (sea, not the country)",5,0.059
reformist,2026-08-24,True,انصارالله / حوثی‌ها,7,0.083
reformist,2026-08-24,True,جیش‌العدل,0,0.0
reformist,2026-08-24,True,افغانستان,9,0.107
reformist,2026-08-24,True,رضا پهلوی,1,0.012
reformist,2026-08-24,True,انگلیس,15,0.178
reformist,2026-08-24,True,حزب‌الله,13,0.155
reformist,2026-08-24,True,هند,2,0.024
reformist,2026-08-24,True,اسپانیا,0,0.0
reformist,2026-08-24,True,ونزوئلا,22,0.262
reformist,2026-08-24,True,پاکستان,72,0.857
reformist,2026-08-24,True,ایتالیا,5,0.059
reformist,2026-08-24,True,اوکراین,23,0.274
reformist,2026-08-24,True,طالبان,0,0.0
reformist,2026-08-24,True,فرانسه,8,0.095
reformist,2026-08-24,True,فلسطین,20,0.238
reformist,2026-08-24,True,بحرین,0,0.0
reformist,2026-08-24,True,سوریه,17,0.202
reformist,2026-08-24,True,کومله,0,0.0
reformist,2026-08-24,True,لبنان,50,0.595
reformist,2026-08-24,True,ترکیه,20,0.238
reformist,2026-08-24,True,روسیه,59,0.702
reformist,2026-08-24,True,آلمان,14,0.167
reformist,2026-08-24,True,عمان,49,0.583
reformist,2026-08-24,True,اردن,12,0.143
reformist,2026-08-24,True,عراق,26,0.309
reformist,2026-08-24,True,حماس,5,0.059
reformist,2026-08-24,True,کویت,8,0.095
reformist,2026-08-24,True,داعش,0,0.0
reformist,2026-08-24,True,پژاک,0,0.0
reformist,2026-08-24,True,ژاپن,5,0.059
reformist,2026-08-24,True,یمن,20,0.238
reformist,2026-08-24,True,چین,65,0.773
reformist,2026-08-24,True,غزه,19,0.226
reformist,2026-08-24,True,قطر,49,0.583
reformist,2026-08-31,False,مقاومت عراق / حشد شعبی,0,0.0
reformist,2026-08-31,False,مجاهدین خلق,0,0.0
reformist,2026-08-31,False,امارات,7,0.533
reformist,2026-08-31,False,جمهوری آذربایجان,2,0.152
reformist,2026-08-31,False,کتائب حزب‌الله,0,0.0
reformist,2026-08-31,False,آذربایجان شرقی/غربی (Iranian provinces),0,0.0
reformist,2026-08-31,False,اتحادیه اروپا,3,0.229
reformist,2026-08-31,False,فلسطین اشغالی (Israel),0,0.0
reformist,2026-08-31,False,عربستان,8,0.609
reformist,2026-08-31,False,سلطنت‌طلبان,0,0.0
reformist,2026-08-31,False,جهاد اسلامی,0,0.0
reformist,2026-08-31,False,"دریای عمان (sea, not the country)",0,0.0
reformist,2026-08-31,False,انصارالله / حوثی‌ها,0,0.0
reformist,2026-08-31,False,جیش‌العدل,0,0.0
reformist,2026-08-31,False,افغانستان,0,0.0
reformist,2026-08-31,False,رضا پهلوی,0,0.0
reformist,2026-08-31,False,انگلیس,4,0.305
reformist,2026-08-31,False,حزب‌الله,1,0.076
reformist,2026-08-31,False,هند,10,0.762
reformist,2026-08-31,False,اسپانیا,0,0.0
reformist,2026-08-31,False,ونزوئلا,0,0.0
reformist,2026-08-31,False,پاکستان,7,0.533
reformist,2026-08-31,False,ایتالیا,0,0.0
reformist,2026-08-31,False,اوکراین,0,0.0
reformist,2026-08-31,False,طالبان,0,0.0
reformist,2026-08-31,False,فرانسه,0,0.0
reformist,2026-08-31,False,فلسطین,0,0.0
reformist,2026-08-31,False,بحرین,1,0.076
reformist,2026-08-31,False,سوریه,0,0.0
reformist,2026-08-31,False,کومله,0,0.0
reformist,2026-08-31,False,لبنان,12,0.914
reformist,2026-08-31,False,ترکیه,3,0.229
reformist,2026-08-31,False,روسیه,3,0.229
reformist,2026-08-31,False,آلمان,3,0.229
reformist,2026-08-31,False,عمان,1,0.076
reformist,2026-08-31,False,اردن,5,0.381
reformist,2026-08-31,False,عراق,5,0.381
reformist,2026-08-31,False,حماس,0,0.0
reformist,2026-08-31,False,کویت,1,0.076
reformist,2026-08-31,False,داعش,0,0.0
reformist,2026-08-31,False,پژاک,2,0.152
reformist,2026-08-31,False,ژاپن,1,0.076
reformist,2026-08-31,False,یمن,5,0.381
reformist,2026-08-31,False,چین,4,0.305
reformist,2026-08-31,False,غزه,2,0.152
reformist,2026-08-31,False,قطر,1,0.076
state,2025-12-29,False,مقاومت عراق / حشد شعبی,2,0.016
state,2025-12-29,False,مجاهدین خلق,0,0.0
state,2025-12-29,False,امارات,47,0.384
state,2025-12-29,False,جمهوری آذربایجان,7,0.057
state,2025-12-29,False,کتائب حزب‌الله,0,0.0
state,2025-12-29,False,آذربایجان شرقی/غربی (Iranian provinces),14,0.114
state,2025-12-29,False,اتحادیه اروپا,26,0.213
state,2025-12-29,False,فلسطین اشغالی (Israel),3,0.025
state,2025-12-29,False,عربستان,60,0.491
state,2025-12-29,False,سلطنت‌طلبان,0,0.0
state,2025-12-29,False,جهاد اسلامی,2,0.016
state,2025-12-29,False,"دریای عمان (sea, not the country)",0,0.0
state,2025-12-29,False,انصارالله / حوثی‌ها,5,0.041
state,2025-12-29,False,جیش‌العدل,0,0.0
state,2025-12-29,False,افغانستان,5,0.041
state,2025-12-29,False,رضا پهلوی,1,0.008
state,2025-12-29,False,انگلیس,25,0.204
state,2025-12-29,False,حزب‌الله,14,0.114
state,2025-12-29,False,هند,4,0.033
state,2025-12-29,False,اسپانیا,21,0.172
state,2025-12-29,False,ونزوئلا,561,4.588
state,2025-12-29,False,پاکستان,13,0.106
state,2025-12-29,False,ایتالیا,0,0.0
state,2025-12-29,False,اوکراین,19,0.155
state,2025-12-29,False,طالبان,2,0.016
state,2025-12-29,False,فرانسه,15,0.123
state,2025-12-29,False,فلسطین,32,0.262
state,2025-12-29,False,بحرین,4,0.033
state,2025-12-29,False,سوریه,16,0.131
state,2025-12-29,False,کومله,0,0.0
state,2025-12-29,False,لبنان,37,0.303
state,2025-12-29,False,ترکیه,8,0.065
state,2025-12-29,False,روسیه,71,0.581
state,2025-12-29,False,آلمان,9,0.074
state,2025-12-29,False,عمان,1,0.008
state,2025-12-29,False,اردن,2,0.016
state,2025-12-29,False,عراق,25,0.204
state,2025-12-29,False,حماس,7,0.057
state,2025-12-29,False,کویت,4,0.033
state,2025-12-29,False,داعش,7,0.057
state,2025-12-29,False,پژاک,0,0.0
state,2025-12-29,False,ژاپن,3,0.025
state,2025-12-29,False,یمن,66,0.54
state,2025-12-29,False,چین,25,0.204
state,2025-12-29,False,غزه,47,0.384
state,2025-12-29,False,قطر,6,0.049
state,2026-01-05,True,مقاومت عراق / حشد شعبی,0,0.0
state,2026-01-05,True,مجاهدین خلق,0,0.0
state,2026-01-05,True,امارات,19,0.128
state,2026-01-05,True,جمهوری آذربایجان,12,0.081
state,2026-01-05,True,کتائب حزب‌الله,2,0.013
state,2026-01-05,True,آذربایجان شرقی/غربی (Iranian provinces),12,0.081
state,2026-01-05,True,اتحادیه اروپا,32,0.216
state,2026-01-05,True,فلسطین اشغالی (Israel),4,0.027
state,2026-01-05,True,عربستان,43,0.29
state,2026-01-05,True,سلطنت‌طلبان,1,0.007
state,2026-01-05,True,جهاد اسلامی,0,0.0
state,2026-01-05,True,"دریای عمان (sea, not the country)",0,0.0
state,2026-01-05,True,انصارالله / حوثی‌ها,12,0.081
state,2026-01-05,True,جیش‌العدل,0,0.0
state,2026-01-05,True,افغانستان,9,0.061
state,2026-01-05,True,رضا پهلوی,4,0.027
state,2026-01-05,True,انگلیس,37,0.25
state,2026-01-05,True,حزب‌الله,16,0.108
state,2026-01-05,True,هند,2,0.013
state,2026-01-05,True,اسپانیا,12,0.081
state,2026-01-05,True,ونزوئلا,377,2.543
state,2026-01-05,True,پاکستان,28,0.189
state,2026-01-05,True,ایتالیا,1,0.007
state,2026-01-05,True,اوکراین,31,0.209
state,2026-01-05,True,طالبان,2,0.013
state,2026-01-05,True,فرانسه,16,0.108
state,2026-01-05,True,فلسطین,22,0.148
state,2026-01-05,True,بحرین,0,0.0
state,2026-01-05,True,سوریه,70,0.472
state,2026-01-05,True,کومله,0,0.0
state,2026-01-05,True,لبنان,154,1.039
state,2026-01-05,True,ترکیه,26,0.175
state,2026-01-05,True,روسیه,61,0.411
state,2026-01-05,True,آلمان,13,0.088
state,2026-01-05,True,عمان,4,0.027
state,2026-01-05,True,اردن,5,0.034
state,2026-01-05,True,عراق,37,0.25
state,2026-01-05,True,حماس,12,0.081
state,2026-01-05,True,کویت,0,0.0
state,2026-01-05,True,داعش,7,0.047
state,2026-01-05,True,پژاک,4,0.027
state,2026-01-05,True,ژاپن,6,0.04
state,2026-01-05,True,یمن,40,0.27
state,2026-01-05,True,چین,29,0.196
state,2026-01-05,True,غزه,46,0.31
state,2026-01-05,True,قطر,25,0.169
state,2026-01-12,True,مقاومت عراق / حشد شعبی,0,0.0
state,2026-01-12,True,مجاهدین خلق,0,0.0
state,2026-01-12,True,امارات,9,0.222
state,2026-01-12,True,جمهوری آذربایجان,11,0.272
state,2026-01-12,True,کتائب حزب‌الله,0,0.0
state,2026-01-12,True,آذربایجان شرقی/غربی (Iranian provinces),4,0.099
state,2026-01-12,True,اتحادیه اروپا,13,0.321
state,2026-01-12,True,فلسطین اشغالی (Israel),2,0.049
state,2026-01-12,True,عربستان,7,0.173
state,2026-01-12,True,سلطنت‌طلبان,3,0.074
state,2026-01-12,True,جهاد اسلامی,0,0.0
state,2026-01-12,True,"دریای عمان (sea, not the country)",1,0.025
state,2026-01-12,True,انصارالله / حوثی‌ها,4,0.099
state,2026-01-12,True,جیش‌العدل,0,0.0
state,2026-01-12,True,افغانستان,0,0.0
state,2026-01-12,True,رضا پهلوی,10,0.247
state,2026-01-12,True,انگلیس,20,0.494
state,2026-01-12,True,حزب‌الله,5,0.123
state,2026-01-12,True,هند,5,0.123
state,2026-01-12,True,اسپانیا,5,0.123
state,2026-01-12,True,ونزوئلا,10,0.247
state,2026-01-12,True,پاکستان,5,0.123
state,2026-01-12,True,ایتالیا,2,0.049
state,2026-01-12,True,اوکراین,0,0.0
state,2026-01-12,True,طالبان,0,0.0
state,2026-01-12,True,فرانسه,13,0.321
state,2026-01-12,True,فلسطین,1,0.025
state,2026-01-12,True,بحرین,0,0.0
state,2026-01-12,True,سوریه,17,0.42
state,2026-01-12,True,کومله,2,0.049
state,2026-01-12,True,لبنان,14,0.346
state,2026-01-12,True,ترکیه,12,0.296
state,2026-01-12,True,روسیه,14,0.346
state,2026-01-12,True,آلمان,11,0.272
state,2026-01-12,True,عمان,8,0.198
state,2026-01-12,True,اردن,0,0.0
state,2026-01-12,True,عراق,31,0.765
state,2026-01-12,True,حماس,0,0.0
state,2026-01-12,True,کویت,0,0.0
state,2026-01-12,True,داعش,11,0.272
state,2026-01-12,True,پژاک,2,0.049
state,2026-01-12,True,ژاپن,1,0.025
state,2026-01-12,True,یمن,3,0.074
state,2026-01-12,True,چین,20,0.494
state,2026-01-12,True,غزه,19,0.469
state,2026-01-12,True,قطر,7,0.173
state,2026-01-19,True,مقاومت عراق / حشد شعبی,1,0.011
state,2026-01-19,True,مجاهدین خلق,3,0.033
state,2026-01-19,True,امارات,34,0.373
state,2026-01-19,True,جمهوری آذربایجان,12,0.132
state,2026-01-19,True,کتائب حزب‌الله,3,0.033
state,2026-01-19,True,آذربایجان شرقی/غربی (Iranian provinces),6,0.066
state,2026-01-19,True,اتحادیه اروپا,67,0.734
state,2026-01-19,True,فلسطین اشغالی (Israel),0,0.0
state,2026-01-19,True,عربستان,26,0.285
state,2026-01-19,True,سلطنت‌طلبان,7,0.077
state,2026-01-19,True,جهاد اسلامی,0,0.0
state,2026-01-19,True,"دریای عمان (sea, not the country)",0,0.0
state,2026-01-19,True,انصارالله / حوثی‌ها,7,0.077
state,2026-01-19,True,جیش‌العدل,0,0.0
state,2026-01-19,True,افغانستان,10,0.11
state,2026-01-19,True,رضا پهلوی,9,0.099
state,2026-01-19,True,انگلیس,10,0.11
state,2026-01-19,True,حزب‌الله,14,0.153
state,2026-01-19,True,هند,10,0.11
state,2026-01-19,True,اسپانیا,8,0.088
state,2026-01-19,True,ونزوئلا,25,0.274
state,2026-01-19,True,پاکستان,26,0.285
state,2026-01-19,True,ایتالیا,1,0.011
state,2026-01-19,True,اوکراین,19,0.208
state,2026-01-19,True,طالبان,0,0.0
state,2026-01-19,True,فرانسه,24,0.263
state,2026-01-19,True,فلسطین,19,0.208
state,2026-01-19,True,بحرین,0,0.0
state,2026-01-19,True,سوریه,63,0.691
state,2026-01-19,True,کومله,1,0.011
state,2026-01-19,True,لبنان,38,0.417
state,2026-01-19,True,ترکیه,55,0.603
state,2026-01-19,True,روسیه,24,0.263
state,2026-01-19,True,آلمان,9,0.099
state,2026-01-19,True,عمان,0,0.0
state,2026-01-19,True,اردن,3,0.033
state,2026-01-19,True,عراق,56,0.614
state,2026-01-19,True,حماس,17,0.186
state,2026-01-19,True,کویت,2,0.022
state,2026-01-19,True,داعش,20,0.219
state,2026-01-19,True,پژاک,0,0.0
state,2026-01-19,True,ژاپن,6,0.066
state,2026-01-19,True,یمن,18,0.197
state,2026-01-19,True,چین,28,0.307
state,2026-01-19,True,غزه,81,0.888
state,2026-01-19,True,قطر,13,0.143
state,2026-01-26,True,مقاومت عراق / حشد شعبی,2,0.011
state,2026-01-26,True,مجاهدین خلق,0,0.0
state,2026-01-26,True,امارات,35,0.185
state,2026-01-26,True,جمهوری آذربایجان,27,0.143
state,2026-01-26,True,کتائب حزب‌الله,0,0.0
state,2026-01-26,True,آذربایجان شرقی/غربی (Iranian provinces),9,0.048
state,2026-01-26,True,اتحادیه اروپا,231,1.221
state,2026-01-26,True,فلسطین اشغالی (Israel),2,0.011
state,2026-01-26,True,عربستان,80,0.423
state,2026-01-26,True,سلطنت‌طلبان,4,0.021
state,2026-01-26,True,جهاد اسلامی,0,0.0
state,2026-01-26,True,"دریای عمان (sea, not the country)",3,0.016
state,2026-01-26,True,انصارالله / حوثی‌ها,13,0.069
state,2026-01-26,True,جیش‌العدل,0,0.0
state,2026-01-26,True,افغانستان,10,0.053
state,2026-01-26,True,رضا پهلوی,4,0.021
state,2026-01-26,True,انگلیس,32,0.169
state,2026-01-26,True,حزب‌الله,17,0.09
state,2026-01-26,True,هند,25,0.132
state,2026-01-26,True,اسپانیا,6,0.032
state,2026-01-26,True,ونزوئلا,46,0.243
state,2026-01-26,True,پاکستان,65,0.344
state,2026-01-26,True,ایتالیا,12,0.063
state,2026-01-26,True,اوکراین,39,0.206
state,2026-01-26,True,طالبان,1,0.005
state,2026-01-26,True,فرانسه,30,0.159
state,2026-01-26,True,فلسطین,24,0.127
state,2026-01-26,True,بحرین,10,0.053
state,2026-01-26,True,سوریه,48,0.254
state,2026-01-26,True,کومله,0,0.0
state,2026-01-26,True,لبنان,63,0.333
state,2026-01-26,True,ترکیه,110,0.582
state,2026-01-26,True,روسیه,132,0.698
state,2026-01-26,True,آلمان,29,0.153
state,2026-01-26,True,عمان,12,0.063
state,2026-01-26,True,اردن,4,0.021
state,2026-01-26,True,عراق,121,0.64
state,2026-01-26,True,حماس,11,0.058
state,2026-01-26,True,کویت,0,0.0
state,2026-01-26,True,داعش,74,0.391
state,2026-01-26,True,پژاک,2,0.011
state,2026-01-26,True,ژاپن,8,0.042
state,2026-01-26,True,یمن,27,0.143
state,2026-01-26,True,چین,59,0.312
state,2026-01-26,True,غزه,79,0.418
state,2026-01-26,True,قطر,33,0.174
state,2026-02-02,True,مقاومت عراق / حشد شعبی,0,0.0
state,2026-02-02,True,مجاهدین خلق,0,0.0
state,2026-02-02,True,امارات,18,0.088
state,2026-02-02,True,جمهوری آذربایجان,30,0.146
state,2026-02-02,True,کتائب حزب‌الله,0,0.0
state,2026-02-02,True,آذربایجان شرقی/غربی (Iranian provinces),18,0.088
state,2026-02-02,True,اتحادیه اروپا,101,0.493
state,2026-02-02,True,فلسطین اشغالی (Israel),5,0.024
state,2026-02-02,True,عربستان,70,0.342
state,2026-02-02,True,سلطنت‌طلبان,7,0.034
state,2026-02-02,True,جهاد اسلامی,3,0.015
state,2026-02-02,True,"دریای عمان (sea, not the country)",1,0.005
state,2026-02-02,True,انصارالله / حوثی‌ها,4,0.02
state,2026-02-02,True,جیش‌العدل,0,0.0
state,2026-02-02,True,افغانستان,1,0.005
state,2026-02-02,True,رضا پهلوی,6,0.029
state,2026-02-02,True,انگلیس,43,0.21
state,2026-02-02,True,حزب‌الله,33,0.161
state,2026-02-02,True,هند,14,0.068
state,2026-02-02,True,اسپانیا,6,0.029
state,2026-02-02,True,ونزوئلا,15,0.073
state,2026-02-02,True,پاکستان,55,0.268
state,2026-02-02,True,ایتالیا,5,0.024
state,2026-02-02,True,اوکراین,51,0.249
state,2026-02-02,True,طالبان,0,0.0
state,2026-02-02,True,فرانسه,33,0.161
state,2026-02-02,True,فلسطین,48,0.234
state,2026-02-02,True,بحرین,5,0.024
state,2026-02-02,True,سوریه,42,0.205
state,2026-02-02,True,کومله,0,0.0
state,2026-02-02,True,لبنان,68,0.332
state,2026-02-02,True,ترکیه,64,0.312
state,2026-02-02,True,روسیه,149,0.727
state,2026-02-02,True,آلمان,33,0.161
state,2026-02-02,True,عمان,153,0.747
state,2026-02-02,True,اردن,24,0.117
state,2026-02-02,True,عراق,94,0.459
state,2026-02-02,True,حماس,3,0.015
state,2026-02-02,True,کویت,7,0.034
state,2026-02-02,True,داعش,16,0.078
state,2026-02-02,True,پژاک,2,0.01
state,2026-02-02,True,ژاپن,6,0.029
state,2026-02-02,True,یمن,11,0.054
state,2026-02-02,True,چین,76,0.371
state,2026-02-02,True,غزه,70,0.342
state,2026-02-02,True,قطر,47,0.229
state,2026-02-09,True,مقاومت عراق / حشد شعبی,0,0.0
state,2026-02-09,True,مجاهدین خلق,0,0.0
state,2026-02-09,True,امارات,34,0.172
state,2026-02-09,True,جمهوری آذربایجان,39,0.197
state,2026-02-09,True,کتائب حزب‌الله,0,0.0
state,2026-02-09,True,آذربایجان شرقی/غربی (Iranian provinces),10,0.051
state,2026-02-09,True,اتحادیه اروپا,94,0.475
state,2026-02-09,True,فلسطین اشغالی (Israel),0,0.0
state,2026-02-09,True,عربستان,47,0.238
state,2026-02-09,True,سلطنت‌طلبان,2,0.01
state,2026-02-09,True,جهاد اسلامی,6,0.03
state,2026-02-09,True,"دریای عمان (sea, not the country)",0,0.0
state,2026-02-09,True,انصارالله / حوثی‌ها,9,0.046
state,2026-02-09,True,جیش‌العدل,0,0.0
state,2026-02-09,True,افغانستان,16,0.081
state,2026-02-09,True,رضا پهلوی,11,0.056
state,2026-02-09,True,انگلیس,27,0.137
state,2026-02-09,True,حزب‌الله,44,0.223
state,2026-02-09,True,هند,30,0.152
state,2026-02-09,True,اسپانیا,7,0.035
state,2026-02-09,True,ونزوئلا,37,0.187
state,2026-02-09,True,پاکستان,55,0.278
state,2026-02-09,True,ایتالیا,3,0.015
state,2026-02-09,True,اوکراین,54,0.273
state,2026-02-09,True,طالبان,2,0.01
state,2026-02-09,True,فرانسه,20,0.101
state,2026-02-09,True,فلسطین,65,0.329
state,2026-02-09,True,بحرین,10,0.051
state,2026-02-09,True,سوریه,54,0.273
state,2026-02-09,True,کومله,0,0.0
state,2026-02-09,True,لبنان,72,0.364
state,2026-02-09,True,ترکیه,65,0.329
state,2026-02-09,True,روسیه,105,0.531
state,2026-02-09,True,آلمان,33,0.167
state,2026-02-09,True,عمان,81,0.41
state,2026-02-09,True,اردن,22,0.111
state,2026-02-09,True,عراق,77,0.389
state,2026-02-09,True,حماس,23,0.116
state,2026-02-09,True,کویت,9,0.046
state,2026-02-09,True,داعش,4,0.02
state,2026-02-09,True,پژاک,0,0.0
state,2026-02-09,True,ژاپن,10,0.051
state,2026-02-09,True,یمن,16,0.081
state,2026-02-09,True,چین,58,0.293
state,2026-02-09,True,غزه,76,0.384
state,2026-02-09,True,قطر,52,0.263
state,2026-02-16,True,مقاومت عراق / حشد شعبی,2,0.01
state,2026-02-16,True,مجاهدین خلق,1,0.005
state,2026-02-16,True,امارات,19,0.096
state,2026-02-16,True,جمهوری آذربایجان,10,0.051
state,2026-02-16,True,کتائب حزب‌الله,0,0.0
state,2026-02-16,True,آذربایجان شرقی/غربی (Iranian provinces),48,0.243
state,2026-02-16,True,اتحادیه اروپا,97,0.491
state,2026-02-16,True,فلسطین اشغالی (Israel),12,0.061
state,2026-02-16,True,عربستان,47,0.238
state,2026-02-16,True,سلطنت‌طلبان,2,0.01
state,2026-02-16,True,جهاد اسلامی,3,0.015
state,2026-02-16,True,"دریای عمان (sea, not the country)",17,0.086
state,2026-02-16,True,انصارالله / حوثی‌ها,13,0.066
state,2026-02-16,True,جیش‌العدل,0,0.0
state,2026-02-16,True,افغانستان,16,0.081
state,2026-02-16,True,رضا پهلوی,3,0.015
state,2026-02-16,True,انگلیس,64,0.324
state,2026-02-16,True,حزب‌الله,28,0.142
state,2026-02-16,True,هند,61,0.309
state,2026-02-16,True,اسپانیا,1,0.005
state,2026-02-16,True,ونزوئلا,16,0.081
state,2026-02-16,True,پاکستان,39,0.197
state,2026-02-16,True,ایتالیا,4,0.02
state,2026-02-16,True,اوکراین,57,0.289
state,2026-02-16,True,طالبان,5,0.025
state,2026-02-16,True,فرانسه,37,0.187
state,2026-02-16,True,فلسطین,58,0.294
state,2026-02-16,True,بحرین,2,0.01
state,2026-02-16,True,سوریه,38,0.192
state,2026-02-16,True,کومله,0,0.0
state,2026-02-16,True,لبنان,88,0.446
state,2026-02-16,True,ترکیه,30,0.152
state,2026-02-16,True,روسیه,267,1.352
state,2026-02-16,True,آلمان,38,0.192
state,2026-02-16,True,عمان,81,0.41
state,2026-02-16,True,اردن,46,0.233
state,2026-02-16,True,عراق,64,0.324
state,2026-02-16,True,حماس,26,0.132
state,2026-02-16,True,کویت,9,0.046
state,2026-02-16,True,داعش,12,0.061
state,2026-02-16,True,پژاک,0,0.0
state,2026-02-16,True,ژاپن,17,0.086
state,2026-02-16,True,یمن,13,0.066
state,2026-02-16,True,چین,48,0.243
state,2026-02-16,True,غزه,140,0.709
state,2026-02-16,True,قطر,34,0.172
state,2026-02-23,True,مقاومت عراق / حشد شعبی,4,0.016
state,2026-02-23,True,مجاهدین خلق,0,0.0
state,2026-02-23,True,امارات,73,0.284
state,2026-02-23,True,جمهوری آذربایجان,37,0.144
state,2026-02-23,True,کتائب حزب‌الله,2,0.008
state,2026-02-23,True,آذربایجان شرقی/غربی (Iranian provinces),10,0.039
state,2026-02-23,True,اتحادیه اروپا,37,0.144
state,2026-02-23,True,فلسطین اشغالی (Israel),32,0.125
state,2026-02-23,True,عربستان,52,0.203
state,2026-02-23,True,سلطنت‌طلبان,3,0.012
state,2026-02-23,True,جهاد اسلامی,1,0.004
state,2026-02-23,True,"دریای عمان (sea, not the country)",4,0.016
state,2026-02-23,True,انصارالله / حوثی‌ها,30,0.117
state,2026-02-23,True,جیش‌العدل,0,0.0
state,2026-02-23,True,افغانستان,89,0.347
state,2026-02-23,True,رضا پهلوی,6,0.023
state,2026-02-23,True,انگلیس,71,0.277
state,2026-02-23,True,حزب‌الله,34,0.132
state,2026-02-23,True,هند,77,0.3
state,2026-02-23,True,اسپانیا,7,0.027
state,2026-02-23,True,ونزوئلا,18,0.07
state,2026-02-23,True,پاکستان,188,0.733
state,2026-02-23,True,ایتالیا,2,0.008
state,2026-02-23,True,اوکراین,63,0.246
state,2026-02-23,True,طالبان,55,0.214
state,2026-02-23,True,فرانسه,45,0.175
state,2026-02-23,True,فلسطین,43,0.168
state,2026-02-23,True,بحرین,105,0.409
state,2026-02-23,True,سوریه,35,0.136
state,2026-02-23,True,کومله,0,0.0
state,2026-02-23,True,لبنان,80,0.312
state,2026-02-23,True,ترکیه,51,0.199
state,2026-02-23,True,روسیه,128,0.499
state,2026-02-23,True,آلمان,28,0.109
state,2026-02-23,True,عمان,105,0.409
state,2026-02-23,True,اردن,26,0.101
state,2026-02-23,True,عراق,148,0.577
state,2026-02-23,True,حماس,13,0.051
state,2026-02-23,True,کویت,37,0.144
state,2026-02-23,True,داعش,18,0.07
state,2026-02-23,True,پژاک,0,0.0
state,2026-02-23,True,ژاپن,1,0.004
state,2026-02-23,True,یمن,24,0.094
state,2026-02-23,True,چین,41,0.16
state,2026-02-23,True,غزه,49,0.191
state,2026-02-23,True,قطر,60,0.234
state,2026-03-02,True,مقاومت عراق / حشد شعبی,51,0.149
state,2026-03-02,True,مجاهدین خلق,0,0.0
state,2026-03-02,True,امارات,103,0.301
state,2026-03-02,True,جمهوری آذربایجان,49,0.143
state,2026-03-02,True,کتائب حزب‌الله,2,0.006
state,2026-03-02,True,آذربایجان شرقی/غربی (Iranian provinces),10,0.029
state,2026-03-02,True,اتحادیه اروپا,93,0.272
state,2026-03-02,True,فلسطین اشغالی (Israel),88,0.257
state,2026-03-02,True,عربستان,82,0.24
state,2026-03-02,True,سلطنت‌طلبان,0,0.0
state,2026-03-02,True,جهاد اسلامی,1,0.003
state,2026-03-02,True,"دریای عمان (sea, not the country)",4,0.012
state,2026-03-02,True,انصارالله / حوثی‌ها,10,0.029
state,2026-03-02,True,جیش‌العدل,0,0.0
state,2026-03-02,True,افغانستان,18,0.053
state,2026-03-02,True,رضا پهلوی,17,0.05
state,2026-03-02,True,انگلیس,91,0.266
state,2026-03-02,True,حزب‌الله,296,0.865
state,2026-03-02,True,هند,83,0.242
state,2026-03-02,True,اسپانیا,50,0.146
state,2026-03-02,True,ونزوئلا,12,0.035
state,2026-03-02,True,پاکستان,74,0.216
state,2026-03-02,True,ایتالیا,17,0.05
state,2026-03-02,True,اوکراین,11,0.032
state,2026-03-02,True,طالبان,7,0.02
state,2026-03-02,True,فرانسه,57,0.167
state,2026-03-02,True,فلسطین,32,0.093
state,2026-03-02,True,بحرین,176,0.514
state,2026-03-02,True,سوریه,17,0.05
state,2026-03-02,True,کومله,4,0.012
state,2026-03-02,True,لبنان,329,0.961
state,2026-03-02,True,ترکیه,46,0.134
state,2026-03-02,True,روسیه,188,0.549
state,2026-03-02,True,آلمان,44,0.129
state,2026-03-02,True,عمان,49,0.143
state,2026-03-02,True,اردن,54,0.158
state,2026-03-02,True,عراق,281,0.821
state,2026-03-02,True,حماس,4,0.012
state,2026-03-02,True,کویت,184,0.538
state,2026-03-02,True,داعش,5,0.015
state,2026-03-02,True,پژاک,0,0.0
state,2026-03-02,True,ژاپن,19,0.056
state,2026-03-02,True,یمن,27,0.079
state,2026-03-02,True,چین,74,0.216
state,2026-03-02,True,غزه,22,0.064
state,2026-03-02,True,قطر,115,0.336
state,2026-03-09,True,مقاومت عراق / حشد شعبی,28,0.086
state,2026-03-09,True,مجاهدین خلق,0,0.0
state,2026-03-09,True,امارات,118,0.362
state,2026-03-09,True,جمهوری آذربایجان,24,0.074
state,2026-03-09,True,کتائب حزب‌الله,1,0.003
state,2026-03-09,True,آذربایجان شرقی/غربی (Iranian provinces),17,0.052
state,2026-03-09,True,اتحادیه اروپا,85,0.26
state,2026-03-09,True,فلسطین اشغالی (Israel),89,0.273
state,2026-03-09,True,عربستان,58,0.178
state,2026-03-09,True,سلطنت‌طلبان,1,0.003
state,2026-03-09,True,جهاد اسلامی,8,0.025
state,2026-03-09,True,"دریای عمان (sea, not the country)",6,0.018
state,2026-03-09,True,انصارالله / حوثی‌ها,16,0.049
state,2026-03-09,True,جیش‌العدل,0,0.0
state,2026-03-09,True,افغانستان,10,0.031
state,2026-03-09,True,رضا پهلوی,2,0.006
state,2026-03-09,True,انگلیس,76,0.233
state,2026-03-09,True,حزب‌الله,236,0.723
state,2026-03-09,True,هند,68,0.208
state,2026-03-09,True,اسپانیا,38,0.116
state,2026-03-09,True,ونزوئلا,17,0.052
state,2026-03-09,True,پاکستان,45,0.138
state,2026-03-09,True,ایتالیا,30,0.092
state,2026-03-09,True,اوکراین,20,0.061
state,2026-03-09,True,طالبان,3,0.009
state,2026-03-09,True,فرانسه,50,0.153
state,2026-03-09,True,فلسطین,114,0.349
state,2026-03-09,True,بحرین,100,0.306
state,2026-03-09,True,سوریه,10,0.031
state,2026-03-09,True,کومله,2,0.006
state,2026-03-09,True,لبنان,181,0.555
state,2026-03-09,True,ترکیه,84,0.257
state,2026-03-09,True,روسیه,144,0.441
state,2026-03-09,True,آلمان,52,0.159
state,2026-03-09,True,عمان,62,0.19
state,2026-03-09,True,اردن,29,0.089
state,2026-03-09,True,عراق,198,0.607
state,2026-03-09,True,حماس,13,0.04
state,2026-03-09,True,کویت,71,0.218
state,2026-03-09,True,داعش,3,0.009
state,2026-03-09,True,پژاک,2,0.006
state,2026-03-09,True,ژاپن,29,0.089
state,2026-03-09,True,یمن,24,0.074
state,2026-03-09,True,چین,80,0.245
state,2026-03-09,True,غزه,32,0.098
state,2026-03-09,True,قطر,45,0.138
state,2026-03-16,True,مقاومت عراق / حشد شعبی,14,0.066
state,2026-03-16,True,مجاهدین خلق,0,0.0
state,2026-03-16,True,امارات,77,0.363
state,2026-03-16,True,جمهوری آذربایجان,10,0.047
state,2026-03-16,True,کتائب حزب‌الله,0,0.0
state,2026-03-16,True,آذربایجان شرقی/غربی (Iranian provinces),14,0.066
state,2026-03-16,True,اتحادیه اروپا,75,0.353
state,2026-03-16,True,فلسطین اشغالی (Israel),80,0.377
state,2026-03-16,True,عربستان,71,0.335
state,2026-03-16,True,سلطنت‌طلبان,2,0.009
state,2026-03-16,True,جهاد اسلامی,0,0.0
state,2026-03-16,True,"دریای عمان (sea, not the country)",6,0.028
state,2026-03-16,True,انصارالله / حوثی‌ها,13,0.061
state,2026-03-16,True,جیش‌العدل,0,0.0
state,2026-03-16,True,افغانستان,7,0.033
state,2026-03-16,True,رضا پهلوی,0,0.0
state,2026-03-16,True,انگلیس,86,0.405
state,2026-03-16,True,حزب‌الله,133,0.627
state,2026-03-16,True,هند,35,0.165
state,2026-03-16,True,اسپانیا,20,0.094
state,2026-03-16,True,ونزوئلا,4,0.019
state,2026-03-16,True,پاکستان,24,0.113
state,2026-03-16,True,ایتالیا,14,0.066
state,2026-03-16,True,اوکراین,11,0.052
state,2026-03-16,True,طالبان,4,0.019
state,2026-03-16,True,فرانسه,32,0.151
state,2026-03-16,True,فلسطین,66,0.311
state,2026-03-16,True,بحرین,61,0.287
state,2026-03-16,True,سوریه,7,0.033
state,2026-03-16,True,کومله,2,0.009
state,2026-03-16,True,لبنان,135,0.636
state,2026-03-16,True,ترکیه,37,0.174
state,2026-03-16,True,روسیه,85,0.401
state,2026-03-16,True,آلمان,27,0.127
state,2026-03-16,True,عمان,30,0.141
state,2026-03-16,True,اردن,24,0.113
state,2026-03-16,True,عراق,87,0.41
state,2026-03-16,True,حماس,11,0.052
state,2026-03-16,True,کویت,39,0.184
state,2026-03-16,True,داعش,0,0.0
state,2026-03-16,True,پژاک,0,0.0
state,2026-03-16,True,ژاپن,24,0.113
state,2026-03-16,True,یمن,13,0.061
state,2026-03-16,True,چین,35,0.165
state,2026-03-16,True,غزه,49,0.231
state,2026-03-16,True,قطر,81,0.382
state,2026-03-23,True,مقاومت عراق / حشد شعبی,36,0.119
state,2026-03-23,True,مجاهدین خلق,0,0.0
state,2026-03-23,True,امارات,61,0.201
state,2026-03-23,True,جمهوری آذربایجان,31,0.102
state,2026-03-23,True,کتائب حزب‌الله,2,0.007
state,2026-03-23,True,آذربایجان شرقی/غربی (Iranian provinces),25,0.082
state,2026-03-23,True,اتحادیه اروپا,68,0.224
state,2026-03-23,True,فلسطین اشغالی (Israel),84,0.277
state,2026-03-23,True,عربستان,144,0.475
state,2026-03-23,True,سلطنت‌طلبان,0,0.0
state,2026-03-23,True,جهاد اسلامی,0,0.0
state,2026-03-23,True,"دریای عمان (sea, not the country)",10,0.033
state,2026-03-23,True,انصارالله / حوثی‌ها,21,0.069
state,2026-03-23,True,جیش‌العدل,0,0.0
state,2026-03-23,True,افغانستان,14,0.046
state,2026-03-23,True,رضا پهلوی,0,0.0
state,2026-03-23,True,انگلیس,95,0.313
state,2026-03-23,True,حزب‌الله,244,0.804
state,2026-03-23,True,هند,29,0.096
state,2026-03-23,True,اسپانیا,38,0.125
state,2026-03-23,True,ونزوئلا,10,0.033
state,2026-03-23,True,پاکستان,124,0.409
state,2026-03-23,True,ایتالیا,16,0.053
state,2026-03-23,True,اوکراین,53,0.175
state,2026-03-23,True,طالبان,2,0.007
state,2026-03-23,True,فرانسه,50,0.165
state,2026-03-23,True,فلسطین,47,0.155
state,2026-03-23,True,بحرین,95,0.313
state,2026-03-23,True,سوریه,26,0.086
state,2026-03-23,True,کومله,1,0.003
state,2026-03-23,True,لبنان,275,0.906
state,2026-03-23,True,ترکیه,118,0.389
state,2026-03-23,True,روسیه,166,0.547
state,2026-03-23,True,آلمان,70,0.231
state,2026-03-23,True,عمان,42,0.138
state,2026-03-23,True,اردن,46,0.152
state,2026-03-23,True,عراق,208,0.686
state,2026-03-23,True,حماس,6,0.02
state,2026-03-23,True,کویت,85,0.28
state,2026-03-23,True,داعش,2,0.007
state,2026-03-23,True,پژاک,0,0.0
state,2026-03-23,True,ژاپن,29,0.096
state,2026-03-23,True,یمن,99,0.326
state,2026-03-23,True,چین,69,0.227
state,2026-03-23,True,غزه,42,0.138
state,2026-03-23,True,قطر,35,0.115
state,2026-03-30,True,مقاومت عراق / حشد شعبی,29,0.093
state,2026-03-30,True,مجاهدین خلق,0,0.0
state,2026-03-30,True,امارات,168,0.539
state,2026-03-30,True,جمهوری آذربایجان,41,0.132
state,2026-03-30,True,کتائب حزب‌الله,0,0.0
state,2026-03-30,True,آذربایجان شرقی/غربی (Iranian provinces),20,0.064
state,2026-03-30,True,اتحادیه اروپا,99,0.318
state,2026-03-30,True,فلسطین اشغالی (Israel),82,0.263
state,2026-03-30,True,عربستان,95,0.305
state,2026-03-30,True,سلطنت‌طلبان,0,0.0
state,2026-03-30,True,جهاد اسلامی,1,0.003
state,2026-03-30,True,"دریای عمان (sea, not the country)",7,0.022
state,2026-03-30,True,انصارالله / حوثی‌ها,26,0.083
state,2026-03-30,True,جیش‌العدل,0,0.0
state,2026-03-30,True,افغانستان,17,0.055
state,2026-03-30,True,رضا پهلوی,4,0.013
state,2026-03-30,True,انگلیس,86,0.276
state,2026-03-30,True,حزب‌الله,233,0.748
state,2026-03-30,True,هند,30,0.096
state,2026-03-30,True,اسپانیا,23,0.074
state,2026-03-30,True,ونزوئلا,5,0.016
state,2026-03-30,True,پاکستان,49,0.157
state,2026-03-30,True,ایتالیا,25,0.08
state,2026-03-30,True,اوکراین,39,0.125
state,2026-03-30,True,طالبان,3,0.01
state,2026-03-30,True,فرانسه,82,0.263
state,2026-03-30,True,فلسطین,58,0.186
state,2026-03-30,True,بحرین,108,0.347
state,2026-03-30,True,سوریه,26,0.083
state,2026-03-30,True,کومله,3,0.01
state,2026-03-30,True,لبنان,202,0.648
state,2026-03-30,True,ترکیه,80,0.257
state,2026-03-30,True,روسیه,83,0.266
state,2026-03-30,True,آلمان,13,0.042
state,2026-03-30,True,عمان,29,0.093
state,2026-03-30,True,اردن,31,0.1
state,2026-03-30,True,عراق,149,0.478
state,2026-03-30,True,حماس,6,0.019
state,2026-03-30,True,کویت,109,0.35
state,2026-03-30,True,داعش,1,0.003
state,2026-03-30,True,پژاک,0,0.0
state,2026-03-30,True,ژاپن,16,0.051
state,2026-03-30,True,یمن,83,0.266
state,2026-03-30,True,چین,63,0.202
state,2026-03-30,True,غزه,27,0.087
state,2026-03-30,True,قطر,27,0.087
state,2026-04-06,True,مقاومت عراق / حشد شعبی,9,0.028
state,2026-04-06,True,مجاهدین خلق,0,0.0
state,2026-04-06,True,امارات,64,0.202
state,2026-04-06,True,جمهوری آذربایجان,39,0.123
state,2026-04-06,True,کتائب حزب‌الله,6,0.019
state,2026-04-06,True,آذربایجان شرقی/غربی (Iranian provinces),35,0.111
state,2026-04-06,True,اتحادیه اروپا,94,0.297
state,2026-04-06,True,فلسطین اشغالی (Israel),78,0.247
state,2026-04-06,True,عربستان,94,0.297
state,2026-04-06,True,سلطنت‌طلبان,0,0.0
state,2026-04-06,True,جهاد اسلامی,1,0.003
state,2026-04-06,True,"دریای عمان (sea, not the country)",6,0.019
state,2026-04-06,True,انصارالله / حوثی‌ها,20,0.063
state,2026-04-06,True,جیش‌العدل,0,0.0
state,2026-04-06,True,افغانستان,11,0.035
state,2026-04-06,True,رضا پهلوی,0,0.0
state,2026-04-06,True,انگلیس,77,0.244
state,2026-04-06,True,حزب‌الله,252,0.797
state,2026-04-06,True,هند,37,0.117
state,2026-04-06,True,اسپانیا,73,0.231
state,2026-04-06,True,ونزوئلا,2,0.006
state,2026-04-06,True,پاکستان,390,1.234
state,2026-04-06,True,ایتالیا,21,0.066
state,2026-04-06,True,اوکراین,26,0.082
state,2026-04-06,True,طالبان,0,0.0
state,2026-04-06,True,فرانسه,88,0.278
state,2026-04-06,True,فلسطین,44,0.139
state,2026-04-06,True,بحرین,48,0.152
state,2026-04-06,True,سوریه,13,0.041
state,2026-04-06,True,کومله,0,0.0
state,2026-04-06,True,لبنان,870,2.753
state,2026-04-06,True,ترکیه,63,0.199
state,2026-04-06,True,روسیه,130,0.411
state,2026-04-06,True,آلمان,30,0.095
state,2026-04-06,True,عمان,37,0.117
state,2026-04-06,True,اردن,13,0.041
state,2026-04-06,True,عراق,138,0.437
state,2026-04-06,True,حماس,28,0.089
state,2026-04-06,True,کویت,63,0.199
state,2026-04-06,True,داعش,7,0.022
state,2026-04-06,True,پژاک,0,0.0
state,2026-04-06,True,ژاپن,36,0.114
state,2026-04-06,True,یمن,44,0.139
state,2026-04-06,True,چین,84,0.266
state,2026-04-06,True,غزه,39,0.123
state,2026-04-06,True,قطر,62,0.196
state,2026-04-13,True,مقاومت عراق / حشد شعبی,3,0.013
state,2026-04-13,True,مجاهدین خلق,0,0.0
state,2026-04-13,True,امارات,43,0.18
state,2026-04-13,True,جمهوری آذربایجان,32,0.134
state,2026-04-13,True,کتائب حزب‌الله,3,0.013
state,2026-04-13,True,آذربایجان شرقی/غربی (Iranian provinces),25,0.105
state,2026-04-13,True,اتحادیه اروپا,138,0.578
state,2026-04-13,True,فلسطین اشغالی (Israel),12,0.05
state,2026-04-13,True,عربستان,60,0.251
state,2026-04-13,True,سلطنت‌طلبان,3,0.013
state,2026-04-13,True,جهاد اسلامی,0,0.0
state,2026-04-13,True,"دریای عمان (sea, not the country)",28,0.117
state,2026-04-13,True,انصارالله / حوثی‌ها,18,0.075
state,2026-04-13,True,جیش‌العدل,0,0.0
state,2026-04-13,True,افغانستان,5,0.021
state,2026-04-13,True,رضا پهلوی,1,0.004
state,2026-04-13,True,انگلیس,108,0.452
state,2026-04-13,True,حزب‌الله,226,0.947
state,2026-04-13,True,هند,20,0.084
state,2026-04-13,True,اسپانیا,58,0.243
state,2026-04-13,True,ونزوئلا,7,0.029
state,2026-04-13,True,پاکستان,296,1.24
state,2026-04-13,True,ایتالیا,27,0.113
state,2026-04-13,True,اوکراین,37,0.155
state,2026-04-13,True,طالبان,0,0.0
state,2026-04-13,True,فرانسه,49,0.205
state,2026-04-13,True,فلسطین,26,0.109
state,2026-04-13,True,بحرین,15,0.063
state,2026-04-13,True,سوریه,15,0.063
state,2026-04-13,True,کومله,0,0.0
state,2026-04-13,True,لبنان,643,2.693
state,2026-04-13,True,ترکیه,109,0.457
state,2026-04-13,True,روسیه,126,0.528
state,2026-04-13,True,آلمان,47,0.197
state,2026-04-13,True,عمان,25,0.105
state,2026-04-13,True,اردن,7,0.029
state,2026-04-13,True,عراق,69,0.289
state,2026-04-13,True,حماس,20,0.084
state,2026-04-13,True,کویت,10,0.042
state,2026-04-13,True,داعش,1,0.004
state,2026-04-13,True,پژاک,0,0.0
state,2026-04-13,True,ژاپن,26,0.109
state,2026-04-13,True,یمن,32,0.134
state,2026-04-13,True,چین,101,0.423
state,2026-04-13,True,غزه,50,0.209
state,2026-04-13,True,قطر,43,0.18
state,2026-04-20,True,مقاومت عراق / حشد شعبی,0,0.0
state,2026-04-20,True,مجاهدین خلق,0,0.0
state,2026-04-20,True,امارات,76,0.322
state,2026-04-20,True,جمهوری آذربایجان,7,0.03
state,2026-04-20,True,کتائب حزب‌الله,0,0.0
state,2026-04-20,True,آذربایجان شرقی/غربی (Iranian provinces),20,0.085
state,2026-04-20,True,اتحادیه اروپا,185,0.784
state,2026-04-20,True,فلسطین اشغالی (Israel),10,0.042
state,2026-04-20,True,عربستان,58,0.246
state,2026-04-20,True,سلطنت‌طلبان,0,0.0
state,2026-04-20,True,جهاد اسلامی,0,0.0
state,2026-04-20,True,"دریای عمان (sea, not the country)",12,0.051
state,2026-04-20,True,انصارالله / حوثی‌ها,18,0.076
state,2026-04-20,True,جیش‌العدل,3,0.013
state,2026-04-20,True,افغانستان,18,0.076
state,2026-04-20,True,رضا پهلوی,5,0.021
state,2026-04-20,True,انگلیس,71,0.301
state,2026-04-20,True,حزب‌الله,99,0.42
state,2026-04-20,True,هند,30,0.127
state,2026-04-20,True,اسپانیا,44,0.186
state,2026-04-20,True,ونزوئلا,16,0.068
state,2026-04-20,True,پاکستان,208,0.882
state,2026-04-20,True,ایتالیا,45,0.191
state,2026-04-20,True,اوکراین,47,0.199
state,2026-04-20,True,طالبان,1,0.004
state,2026-04-20,True,فرانسه,58,0.246
state,2026-04-20,True,فلسطین,43,0.182
state,2026-04-20,True,بحرین,13,0.055
state,2026-04-20,True,سوریه,24,0.102
state,2026-04-20,True,کومله,1,0.004
state,2026-04-20,True,لبنان,341,1.445
state,2026-04-20,True,ترکیه,65,0.275
state,2026-04-20,True,روسیه,207,0.877
state,2026-04-20,True,آلمان,57,0.242
state,2026-04-20,True,عمان,64,0.271
state,2026-04-20,True,اردن,3,0.013
state,2026-04-20,True,عراق,70,0.297
state,2026-04-20,True,حماس,30,0.127
state,2026-04-20,True,کویت,9,0.038
state,2026-04-20,True,داعش,4,0.017
state,2026-04-20,True,پژاک,0,0.0
state,2026-04-20,True,ژاپن,46,0.195
state,2026-04-20,True,یمن,19,0.081
state,2026-04-20,True,چین,65,0.275
state,2026-04-20,True,غزه,89,0.377
state,2026-04-20,True,قطر,23,0.097
state,2026-04-27,True,مقاومت عراق / حشد شعبی,3,0.013
state,2026-04-27,True,مجاهدین خلق,0,0.0
state,2026-04-27,True,امارات,76,0.328
state,2026-04-27,True,جمهوری آذربایجان,18,0.078
state,2026-04-27,True,کتائب حزب‌الله,0,0.0
state,2026-04-27,True,آذربایجان شرقی/غربی (Iranian provinces),10,0.043
state,2026-04-27,True,اتحادیه اروپا,155,0.669
state,2026-04-27,True,فلسطین اشغالی (Israel),8,0.035
state,2026-04-27,True,عربستان,41,0.177
state,2026-04-27,True,سلطنت‌طلبان,1,0.004
state,2026-04-27,True,جهاد اسلامی,2,0.009
state,2026-04-27,True,"دریای عمان (sea, not the country)",18,0.078
state,2026-04-27,True,انصارالله / حوثی‌ها,0,0.0
state,2026-04-27,True,جیش‌العدل,0,0.0
state,2026-04-27,True,افغانستان,7,0.03
state,2026-04-27,True,رضا پهلوی,0,0.0
state,2026-04-27,True,انگلیس,75,0.324
state,2026-04-27,True,حزب‌الله,149,0.643
state,2026-04-27,True,هند,28,0.121
state,2026-04-27,True,اسپانیا,30,0.13
state,2026-04-27,True,ونزوئلا,3,0.013
state,2026-04-27,True,پاکستان,91,0.393
state,2026-04-27,True,ایتالیا,37,0.16
state,2026-04-27,True,اوکراین,40,0.173
state,2026-04-27,True,طالبان,0,0.0
state,2026-04-27,True,فرانسه,37,0.16
state,2026-04-27,True,فلسطین,43,0.186
state,2026-04-27,True,بحرین,23,0.099
state,2026-04-27,True,سوریه,30,0.13
state,2026-04-27,True,کومله,0,0.0
state,2026-04-27,True,لبنان,304,1.312
state,2026-04-27,True,ترکیه,45,0.194
state,2026-04-27,True,روسیه,200,0.863
state,2026-04-27,True,آلمان,86,0.371
state,2026-04-27,True,عمان,40,0.173
state,2026-04-27,True,اردن,9,0.039
state,2026-04-27,True,عراق,93,0.401
state,2026-04-27,True,حماس,18,0.078
state,2026-04-27,True,کویت,16,0.069
state,2026-04-27,True,داعش,3,0.013
state,2026-04-27,True,پژاک,0,0.0
state,2026-04-27,True,ژاپن,42,0.181
state,2026-04-27,True,یمن,17,0.073
state,2026-04-27,True,چین,105,0.453
state,2026-04-27,True,غزه,149,0.643
state,2026-04-27,True,قطر,27,0.117
state,2026-05-04,True,مقاومت عراق / حشد شعبی,0,0.0
state,2026-05-04,True,مجاهدین خلق,0,0.0
state,2026-05-04,True,امارات,207,0.845
state,2026-05-04,True,جمهوری آذربایجان,3,0.012
state,2026-05-04,True,کتائب حزب‌الله,0,0.0
state,2026-05-04,True,آذربایجان شرقی/غربی (Iranian provinces),23,0.094
state,2026-05-04,True,اتحادیه اروپا,128,0.522
state,2026-05-04,True,فلسطین اشغالی (Israel),18,0.073
state,2026-05-04,True,عربستان,112,0.457
state,2026-05-04,True,سلطنت‌طلبان,0,0.0
state,2026-05-04,True,جهاد اسلامی,3,0.012
state,2026-05-04,True,"دریای عمان (sea, not the country)",14,0.057
state,2026-05-04,True,انصارالله / حوثی‌ها,0,0.0
state,2026-05-04,True,جیش‌العدل,0,0.0
state,2026-05-04,True,افغانستان,6,0.024
state,2026-05-04,True,رضا پهلوی,2,0.008
state,2026-05-04,True,انگلیس,105,0.428
state,2026-05-04,True,حزب‌الله,165,0.673
state,2026-05-04,True,هند,26,0.106
state,2026-05-04,True,اسپانیا,26,0.106
state,2026-05-04,True,ونزوئلا,12,0.049
state,2026-05-04,True,پاکستان,130,0.531
state,2026-05-04,True,ایتالیا,22,0.09
state,2026-05-04,True,اوکراین,80,0.326
state,2026-05-04,True,طالبان,1,0.004
state,2026-05-04,True,فرانسه,52,0.212
state,2026-05-04,True,فلسطین,55,0.224
state,2026-05-04,True,بحرین,50,0.204
state,2026-05-04,True,سوریه,28,0.114
state,2026-05-04,True,کومله,0,0.0
state,2026-05-04,True,لبنان,301,1.228
state,2026-05-04,True,ترکیه,59,0.241
state,2026-05-04,True,روسیه,188,0.767
state,2026-05-04,True,آلمان,38,0.155
state,2026-05-04,True,عمان,23,0.094
state,2026-05-04,True,اردن,6,0.024
state,2026-05-04,True,عراق,115,0.469
state,2026-05-04,True,حماس,60,0.245
state,2026-05-04,True,کویت,9,0.037
state,2026-05-04,True,داعش,13,0.053
state,2026-05-04,True,پژاک,0,0.0
state,2026-05-04,True,ژاپن,20,0.082
state,2026-05-04,True,یمن,14,0.057
state,2026-05-04,True,چین,209,0.853
state,2026-05-04,True,غزه,119,0.486
state,2026-05-04,True,قطر,48,0.196
state,2026-05-11,True,مقاومت عراق / حشد شعبی,2,0.008
state,2026-05-11,True,مجاهدین خلق,0,0.0
state,2026-05-11,True,امارات,205,0.802
state,2026-05-11,True,جمهوری آذربایجان,30,0.117
state,2026-05-11,True,کتائب حزب‌الله,0,0.0
state,2026-05-11,True,آذربایجان شرقی/غربی (Iranian provinces),20,0.078
state,2026-05-11,True,اتحادیه اروپا,73,0.286
state,2026-05-11,True,فلسطین اشغالی (Israel),17,0.067
state,2026-05-11,True,عربستان,76,0.297
state,2026-05-11,True,سلطنت‌طلبان,0,0.0
state,2026-05-11,True,جهاد اسلامی,6,0.023
state,2026-05-11,True,"دریای عمان (sea, not the country)",9,0.035
state,2026-05-11,True,انصارالله / حوثی‌ها,10,0.039
state,2026-05-11,True,جیش‌العدل,0,0.0
state,2026-05-11,True,افغانستان,17,0.067
state,2026-05-11,True,رضا پهلوی,1,0.004
state,2026-05-11,True,انگلیس,84,0.329
state,2026-05-11,True,حزب‌الله,121,0.474
state,2026-05-11,True,هند,147,0.575
state,2026-05-11,True,اسپانیا,34,0.133
state,2026-05-11,True,ونزوئلا,39,0.153
state,2026-05-11,True,پاکستان,158,0.618
state,2026-05-11,True,ایتالیا,12,0.047
state,2026-05-11,True,اوکراین,29,0.113
state,2026-05-11,True,طالبان,2,0.008
state,2026-05-11,True,فرانسه,45,0.176
state,2026-05-11,True,فلسطین,99,0.387
state,2026-05-11,True,بحرین,23,0.09
state,2026-05-11,True,سوریه,42,0.164
state,2026-05-11,True,کومله,0,0.0
state,2026-05-11,True,لبنان,220,0.861
state,2026-05-11,True,ترکیه,35,0.137
state,2026-05-11,True,روسیه,178,0.697
state,2026-05-11,True,آلمان,21,0.082
state,2026-05-11,True,عمان,12,0.047
state,2026-05-11,True,اردن,7,0.027
state,2026-05-11,True,عراق,119,0.466
state,2026-05-11,True,حماس,49,0.192
state,2026-05-11,True,کویت,38,0.149
state,2026-05-11,True,داعش,12,0.047
state,2026-05-11,True,پژاک,0,0.0
state,2026-05-11,True,ژاپن,39,0.153
state,2026-05-11,True,یمن,18,0.07
state,2026-05-11,True,چین,380,1.487
state,2026-05-11,True,غزه,82,0.321
state,2026-05-11,True,قطر,49,0.192
state,2026-05-18,True,مقاومت عراق / حشد شعبی,0,0.0
state,2026-05-18,True,مجاهدین خلق,0,0.0
state,2026-05-18,True,امارات,88,0.331
state,2026-05-18,True,جمهوری آذربایجان,33,0.124
state,2026-05-18,True,کتائب حزب‌الله,0,0.0
state,2026-05-18,True,آذربایجان شرقی/غربی (Iranian provinces),34,0.128
state,2026-05-18,True,اتحادیه اروپا,142,0.534
state,2026-05-18,True,فلسطین اشغالی (Israel),12,0.045
state,2026-05-18,True,عربستان,109,0.41
state,2026-05-18,True,سلطنت‌طلبان,1,0.004
state,2026-05-18,True,جهاد اسلامی,1,0.004
state,2026-05-18,True,"دریای عمان (sea, not the country)",3,0.011
state,2026-05-18,True,انصارالله / حوثی‌ها,15,0.056
state,2026-05-18,True,جیش‌العدل,0,0.0
state,2026-05-18,True,افغانستان,0,0.0
state,2026-05-18,True,رضا پهلوی,0,0.0
state,2026-05-18,True,انگلیس,70,0.263
state,2026-05-18,True,حزب‌الله,135,0.508
state,2026-05-18,True,هند,59,0.222
state,2026-05-18,True,اسپانیا,37,0.139
state,2026-05-18,True,ونزوئلا,15,0.056
state,2026-05-18,True,پاکستان,294,1.106
state,2026-05-18,True,ایتالیا,20,0.075
state,2026-05-18,True,اوکراین,39,0.147
state,2026-05-18,True,طالبان,0,0.0
state,2026-05-18,True,فرانسه,47,0.177
state,2026-05-18,True,فلسطین,77,0.29
state,2026-05-18,True,بحرین,20,0.075
state,2026-05-18,True,سوریه,24,0.09
state,2026-05-18,True,کومله,0,0.0
state,2026-05-18,True,لبنان,299,1.125
state,2026-05-18,True,ترکیه,108,0.406
state,2026-05-18,True,روسیه,225,0.846
state,2026-05-18,True,آلمان,56,0.211
state,2026-05-18,True,عمان,49,0.184
state,2026-05-18,True,اردن,11,0.041
state,2026-05-18,True,عراق,98,0.369
state,2026-05-18,True,حماس,23,0.087
state,2026-05-18,True,کویت,12,0.045
state,2026-05-18,True,داعش,0,0.0
state,2026-05-18,True,پژاک,0,0.0
state,2026-05-18,True,ژاپن,30,0.113
state,2026-05-18,True,یمن,36,0.135
state,2026-05-18,True,چین,241,0.907
state,2026-05-18,True,غزه,133,0.5
state,2026-05-18,True,قطر,90,0.339
state,2026-05-25,True,مقاومت عراق / حشد شعبی,0,0.0
state,2026-05-25,True,مجاهدین خلق,0,0.0
state,2026-05-25,True,امارات,37,0.142
state,2026-05-25,True,جمهوری آذربایجان,31,0.119
state,2026-05-25,True,کتائب حزب‌الله,0,0.0
state,2026-05-25,True,آذربایجان شرقی/غربی (Iranian provinces),19,0.073
state,2026-05-25,True,اتحادیه اروپا,160,0.614
state,2026-05-25,True,فلسطین اشغالی (Israel),55,0.211
state,2026-05-25,True,عربستان,36,0.138
state,2026-05-25,True,سلطنت‌طلبان,0,0.0
state,2026-05-25,True,جهاد اسلامی,6,0.023
state,2026-05-25,True,"دریای عمان (sea, not the country)",4,0.015
state,2026-05-25,True,انصارالله / حوثی‌ها,12,0.046
state,2026-05-25,True,جیش‌العدل,0,0.0
state,2026-05-25,True,افغانستان,16,0.061
state,2026-05-25,True,رضا پهلوی,0,0.0
state,2026-05-25,True,انگلیس,94,0.361
state,2026-05-25,True,حزب‌الله,209,0.803
state,2026-05-25,True,هند,31,0.119
state,2026-05-25,True,اسپانیا,18,0.069
state,2026-05-25,True,ونزوئلا,3,0.012
state,2026-05-25,True,پاکستان,113,0.434
state,2026-05-25,True,ایتالیا,7,0.027
state,2026-05-25,True,اوکراین,60,0.23
state,2026-05-25,True,طالبان,3,0.012
state,2026-05-25,True,فرانسه,72,0.277
state,2026-05-25,True,فلسطین,97,0.373
state,2026-05-25,True,بحرین,5,0.019
state,2026-05-25,True,سوریه,21,0.081
state,2026-05-25,True,کومله,1,0.004
state,2026-05-25,True,لبنان,456,1.751
state,2026-05-25,True,ترکیه,57,0.219
state,2026-05-25,True,روسیه,201,0.772
state,2026-05-25,True,آلمان,23,0.088
state,2026-05-25,True,عمان,121,0.465
state,2026-05-25,True,اردن,3,0.012
state,2026-05-25,True,عراق,100,0.384
state,2026-05-25,True,حماس,67,0.257
state,2026-05-25,True,کویت,21,0.081
state,2026-05-25,True,داعش,6,0.023
state,2026-05-25,True,پژاک,0,0.0
state,2026-05-25,True,ژاپن,20,0.077
state,2026-05-25,True,یمن,28,0.108
state,2026-05-25,True,چین,118,0.453
state,2026-05-25,True,غزه,169,0.649
state,2026-05-25,True,قطر,77,0.296
state,2026-06-01,True,مقاومت عراق / حشد شعبی,6,0.021
state,2026-06-01,True,مجاهدین خلق,0,0.0
state,2026-06-01,True,امارات,46,0.162
state,2026-06-01,True,جمهوری آذربایجان,54,0.191
state,2026-06-01,True,کتائب حزب‌الله,2,0.007
state,2026-06-01,True,آذربایجان شرقی/غربی (Iranian provinces),12,0.042
state,2026-06-01,True,اتحادیه اروپا,148,0.522
state,2026-06-01,True,فلسطین اشغالی (Israel),35,0.124
state,2026-06-01,True,عربستان,42,0.148
state,2026-06-01,True,سلطنت‌طلبان,0,0.0
state,2026-06-01,True,جهاد اسلامی,9,0.032
state,2026-06-01,True,"دریای عمان (sea, not the country)",24,0.085
state,2026-06-01,True,انصارالله / حوثی‌ها,14,0.049
state,2026-06-01,True,جیش‌العدل,0,0.0
state,2026-06-01,True,افغانستان,6,0.021
state,2026-06-01,True,رضا پهلوی,0,0.0
state,2026-06-01,True,انگلیس,119,0.42
state,2026-06-01,True,حزب‌الله,323,1.14
state,2026-06-01,True,هند,49,0.173
state,2026-06-01,True,اسپانیا,18,0.064
state,2026-06-01,True,ونزوئلا,16,0.056
state,2026-06-01,True,پاکستان,131,0.462
state,2026-06-01,True,ایتالیا,13,0.046
state,2026-06-01,True,اوکراین,78,0.275
state,2026-06-01,True,طالبان,1,0.004
state,2026-06-01,True,فرانسه,70,0.247
state,2026-06-01,True,فلسطین,91,0.321
state,2026-06-01,True,بحرین,66,0.233
state,2026-06-01,True,سوریه,26,0.092
state,2026-06-01,True,کومله,2,0.007
state,2026-06-01,True,لبنان,1049,3.703
state,2026-06-01,True,ترکیه,69,0.244
state,2026-06-01,True,روسیه,206,0.727
state,2026-06-01,True,آلمان,46,0.162
state,2026-06-01,True,عمان,48,0.169
state,2026-06-01,True,اردن,12,0.042
state,2026-06-01,True,عراق,144,0.508
state,2026-06-01,True,حماس,49,0.173
state,2026-06-01,True,کویت,149,0.526
state,2026-06-01,True,داعش,2,0.007
state,2026-06-01,True,پژاک,0,0.0
state,2026-06-01,True,ژاپن,32,0.113
state,2026-06-01,True,یمن,27,0.095
state,2026-06-01,True,چین,71,0.251
state,2026-06-01,True,غزه,104,0.367
state,2026-06-01,True,قطر,60,0.212
state,2026-06-08,True,مقاومت عراق / حشد شعبی,10,0.032
state,2026-06-08,True,مجاهدین خلق,0,0.0
state,2026-06-08,True,امارات,48,0.153
state,2026-06-08,True,جمهوری آذربایجان,23,0.074
state,2026-06-08,True,کتائب حزب‌الله,0,0.0
state,2026-06-08,True,آذربایجان شرقی/غربی (Iranian provinces),28,0.089
state,2026-06-08,True,اتحادیه اروپا,151,0.483
state,2026-06-08,True,فلسطین اشغالی (Israel),47,0.15
state,2026-06-08,True,عربستان,43,0.137
state,2026-06-08,True,سلطنت‌طلبان,0,0.0
state,2026-06-08,True,جهاد اسلامی,9,0.029
state,2026-06-08,True,"دریای عمان (sea, not the country)",28,0.089
state,2026-06-08,True,انصارالله / حوثی‌ها,23,0.074
state,2026-06-08,True,جیش‌العدل,0,0.0
state,2026-06-08,True,افغانستان,34,0.109
state,2026-06-08,True,رضا پهلوی,1,0.003
state,2026-06-08,True,انگلیس,103,0.329
state,2026-06-08,True,حزب‌الله,179,0.572
state,2026-06-08,True,هند,54,0.173
state,2026-06-08,True,اسپانیا,9,0.029
state,2026-06-08,True,ونزوئلا,7,0.022
state,2026-06-08,True,پاکستان,179,0.572
state,2026-06-08,True,ایتالیا,36,0.115
state,2026-06-08,True,اوکراین,50,0.16
state,2026-06-08,True,طالبان,5,0.016
state,2026-06-08,True,فرانسه,57,0.182
state,2026-06-08,True,فلسطین,108,0.345
state,2026-06-08,True,بحرین,62,0.198
state,2026-06-08,True,سوریه,26,0.083
state,2026-06-08,True,کومله,0,0.0
state,2026-06-08,True,لبنان,655,2.093
state,2026-06-08,True,ترکیه,62,0.198
state,2026-06-08,True,روسیه,182,0.582
state,2026-06-08,True,آلمان,63,0.201
state,2026-06-08,True,عمان,66,0.211
state,2026-06-08,True,اردن,58,0.185
state,2026-06-08,True,عراق,128,0.409
state,2026-06-08,True,حماس,55,0.176
state,2026-06-08,True,کویت,30,0.096
state,2026-06-08,True,داعش,6,0.019
state,2026-06-08,True,پژاک,0,0.0
state,2026-06-08,True,ژاپن,31,0.099
state,2026-06-08,True,یمن,102,0.326
state,2026-06-08,True,چین,96,0.307
state,2026-06-08,True,غزه,108,0.345
state,2026-06-08,True,قطر,72,0.23
state,2026-06-15,True,مقاومت عراق / حشد شعبی,2,0.006
state,2026-06-15,True,مجاهدین خلق,0,0.0
state,2026-06-15,True,امارات,9,0.029
state,2026-06-15,True,جمهوری آذربایجان,26,0.083
state,2026-06-15,True,کتائب حزب‌الله,2,0.006
state,2026-06-15,True,آذربایجان شرقی/غربی (Iranian provinces),14,0.044
state,2026-06-15,True,اتحادیه اروپا,123,0.39
state,2026-06-15,True,فلسطین اشغالی (Israel),6,0.019
state,2026-06-15,True,عربستان,63,0.2
state,2026-06-15,True,سلطنت‌طلبان,2,0.006
state,2026-06-15,True,جهاد اسلامی,1,0.003
state,2026-06-15,True,"دریای عمان (sea, not the country)",10,0.032
state,2026-06-15,True,انصارالله / حوثی‌ها,9,0.029
state,2026-06-15,True,جیش‌العدل,0,0.0
state,2026-06-15,True,افغانستان,34,0.108
state,2026-06-15,True,رضا پهلوی,6,0.019
state,2026-06-15,True,انگلیس,112,0.355
state,2026-06-15,True,حزب‌الله,201,0.638
state,2026-06-15,True,هند,19,0.06
state,2026-06-15,True,اسپانیا,56,0.178
state,2026-06-15,True,ونزوئلا,12,0.038
state,2026-06-15,True,پاکستان,286,0.908
state,2026-06-15,True,ایتالیا,49,0.155
state,2026-06-15,True,اوکراین,77,0.244
state,2026-06-15,True,طالبان,6,0.019
state,2026-06-15,True,فرانسه,80,0.254
state,2026-06-15,True,فلسطین,71,0.225
state,2026-06-15,True,بحرین,15,0.048
state,2026-06-15,True,سوریه,50,0.159
state,2026-06-15,True,کومله,0,0.0
state,2026-06-15,True,لبنان,912,2.894
state,2026-06-15,True,ترکیه,59,0.187
state,2026-06-15,True,روسیه,186,0.59
state,2026-06-15,True,آلمان,65,0.206
state,2026-06-15,True,عمان,71,0.225
state,2026-06-15,True,اردن,15,0.048
state,2026-06-15,True,عراق,122,0.387
state,2026-06-15,True,حماس,22,0.07
state,2026-06-15,True,کویت,17,0.054
state,2026-06-15,True,داعش,12,0.038
state,2026-06-15,True,پژاک,0,0.0
state,2026-06-15,True,ژاپن,56,0.178
state,2026-06-15,True,یمن,44,0.14
state,2026-06-15,True,چین,115,0.365
state,2026-06-15,True,غزه,108,0.343
state,2026-06-15,True,قطر,119,0.378
state,2026-06-22,True,مقاومت عراق / حشد شعبی,1,0.004
state,2026-06-22,True,مجاهدین خلق,0,0.0
state,2026-06-22,True,امارات,38,0.141
state,2026-06-22,True,جمهوری آذربایجان,65,0.241
state,2026-06-22,True,کتائب حزب‌الله,0,0.0
state,2026-06-22,True,آذربایجان شرقی/غربی (Iranian provinces),11,0.041
state,2026-06-22,True,اتحادیه اروپا,103,0.382
state,2026-06-22,True,فلسطین اشغالی (Israel),3,0.011
state,2026-06-22,True,عربستان,35,0.13
state,2026-06-22,True,سلطنت‌طلبان,2,0.007
state,2026-06-22,True,جهاد اسلامی,0,0.0
state,2026-06-22,True,"دریای عمان (sea, not the country)",2,0.007
state,2026-06-22,True,انصارالله / حوثی‌ها,14,0.052
state,2026-06-22,True,جیش‌العدل,0,0.0
state,2026-06-22,True,افغانستان,20,0.074
state,2026-06-22,True,رضا پهلوی,2,0.007
state,2026-06-22,True,انگلیس,93,0.345
state,2026-06-22,True,حزب‌الله,114,0.422
state,2026-06-22,True,هند,51,0.189
state,2026-06-22,True,اسپانیا,19,0.07
state,2026-06-22,True,ونزوئلا,112,0.415
state,2026-06-22,True,پاکستان,302,1.119
state,2026-06-22,True,ایتالیا,85,0.315
state,2026-06-22,True,اوکراین,60,0.222
state,2026-06-22,True,طالبان,3,0.011
state,2026-06-22,True,فرانسه,138,0.511
state,2026-06-22,True,فلسطین,71,0.263
state,2026-06-22,True,بحرین,51,0.189
state,2026-06-22,True,سوریه,47,0.174
state,2026-06-22,True,کومله,0,0.0
state,2026-06-22,True,لبنان,720,2.668
state,2026-06-22,True,ترکیه,80,0.296
state,2026-06-22,True,روسیه,136,0.504
state,2026-06-22,True,آلمان,40,0.148
state,2026-06-22,True,عمان,162,0.6
state,2026-06-22,True,اردن,27,0.1
state,2026-06-22,True,عراق,260,0.963
state,2026-06-22,True,حماس,36,0.133
state,2026-06-22,True,کویت,45,0.167
state,2026-06-22,True,داعش,6,0.022
state,2026-06-22,True,پژاک,0,0.0
state,2026-06-22,True,ژاپن,46,0.17
state,2026-06-22,True,یمن,30,0.111
state,2026-06-22,True,چین,69,0.256
state,2026-06-22,True,غزه,91,0.337
state,2026-06-22,True,قطر,111,0.411
state,2026-06-29,True,مقاومت عراق / حشد شعبی,6,0.021
state,2026-06-29,True,مجاهدین خلق,0,0.0
state,2026-06-29,True,امارات,11,0.038
state,2026-06-29,True,جمهوری آذربایجان,21,0.072
state,2026-06-29,True,کتائب حزب‌الله,4,0.014
state,2026-06-29,True,آذربایجان شرقی/غربی (Iranian provinces),10,0.034
state,2026-06-29,True,اتحادیه اروپا,60,0.206
state,2026-06-29,True,فلسطین اشغالی (Israel),1,0.003
state,2026-06-29,True,عربستان,56,0.192
state,2026-06-29,True,سلطنت‌طلبان,0,0.0
state,2026-06-29,True,جهاد اسلامی,6,0.021
state,2026-06-29,True,"دریای عمان (sea, not the country)",5,0.017
state,2026-06-29,True,انصارالله / حوثی‌ها,12,0.041
state,2026-06-29,True,جیش‌العدل,0,0.0
state,2026-06-29,True,افغانستان,54,0.185
state,2026-06-29,True,رضا پهلوی,7,0.024
state,2026-06-29,True,انگلیس,58,0.199
state,2026-06-29,True,حزب‌الله,55,0.189
state,2026-06-29,True,هند,45,0.154
state,2026-06-29,True,اسپانیا,30,0.103
state,2026-06-29,True,ونزوئلا,36,0.124
state,2026-06-29,True,پاکستان,149,0.511
state,2026-06-29,True,ایتالیا,13,0.045
state,2026-06-29,True,اوکراین,66,0.227
state,2026-06-29,True,طالبان,6,0.021
state,2026-06-29,True,فرانسه,93,0.319
state,2026-06-29,True,فلسطین,75,0.257
state,2026-06-29,True,بحرین,29,0.1
state,2026-06-29,True,سوریه,77,0.264
state,2026-06-29,True,کومله,1,0.003
state,2026-06-29,True,لبنان,375,1.287
state,2026-06-29,True,ترکیه,79,0.271
state,2026-06-29,True,روسیه,167,0.573
state,2026-06-29,True,آلمان,51,0.175
state,2026-06-29,True,عمان,55,0.189
state,2026-06-29,True,اردن,9,0.031
state,2026-06-29,True,عراق,364,1.25
state,2026-06-29,True,حماس,32,0.11
state,2026-06-29,True,کویت,7,0.024
state,2026-06-29,True,داعش,4,0.014
state,2026-06-29,True,پژاک,1,0.003
state,2026-06-29,True,ژاپن,19,0.065
state,2026-06-29,True,یمن,69,0.237
state,2026-06-29,True,چین,95,0.326
state,2026-06-29,True,غزه,116,0.398
state,2026-06-29,True,قطر,83,0.285
state,2026-07-06,True,مقاومت عراق / حشد شعبی,19,0.058
state,2026-07-06,True,مجاهدین خلق,3,0.009
state,2026-07-06,True,امارات,30,0.091
state,2026-07-06,True,جمهوری آذربایجان,16,0.048
state,2026-07-06,True,کتائب حزب‌الله,4,0.012
state,2026-07-06,True,آذربایجان شرقی/غربی (Iranian provinces),10,0.03
state,2026-07-06,True,اتحادیه اروپا,64,0.194
state,2026-07-06,True,فلسطین اشغالی (Israel),1,0.003
state,2026-07-06,True,عربستان,46,0.139
state,2026-07-06,True,سلطنت‌طلبان,2,0.006
state,2026-07-06,True,جهاد اسلامی,0,0.0
state,2026-07-06,True,"دریای عمان (sea, not the country)",8,0.024
state,2026-07-06,True,انصارالله / حوثی‌ها,9,0.027
state,2026-07-06,True,جیش‌العدل,0,0.0
state,2026-07-06,True,افغانستان,7,0.021
state,2026-07-06,True,رضا پهلوی,4,0.012
state,2026-07-06,True,انگلیس,121,0.366
state,2026-07-06,True,حزب‌الله,43,0.13
state,2026-07-06,True,هند,23,0.07
state,2026-07-06,True,اسپانیا,85,0.257
state,2026-07-06,True,ونزوئلا,28,0.085
state,2026-07-06,True,پاکستان,89,0.27
state,2026-07-06,True,ایتالیا,19,0.058
state,2026-07-06,True,اوکراین,104,0.315
state,2026-07-06,True,طالبان,3,0.009
state,2026-07-06,True,فرانسه,68,0.206
state,2026-07-06,True,فلسطین,75,0.227
state,2026-07-06,True,بحرین,87,0.263
state,2026-07-06,True,سوریه,63,0.191
state,2026-07-06,True,کومله,0,0.0
state,2026-07-06,True,لبنان,194,0.587
state,2026-07-06,True,ترکیه,84,0.254
state,2026-07-06,True,روسیه,156,0.472
state,2026-07-06,True,آلمان,56,0.17
state,2026-07-06,True,عمان,108,0.327
state,2026-07-06,True,اردن,60,0.182
state,2026-07-06,True,عراق,668,2.023
state,2026-07-06,True,حماس,28,0.085
state,2026-07-06,True,کویت,75,0.227
state,2026-07-06,True,داعش,12,0.036
state,2026-07-06,True,پژاک,0,0.0
state,2026-07-06,True,ژاپن,8,0.024
state,2026-07-06,True,یمن,43,0.13
state,2026-07-06,True,چین,114,0.345
state,2026-07-06,True,غزه,82,0.248
state,2026-07-06,True,قطر,122,0.369
state,2026-07-13,True,مقاومت عراق / حشد شعبی,11,0.039
state,2026-07-13,True,مجاهدین خلق,0,0.0
state,2026-07-13,True,امارات,44,0.155
state,2026-07-13,True,جمهوری آذربایجان,27,0.095
state,2026-07-13,True,کتائب حزب‌الله,2,0.007
state,2026-07-13,True,آذربایجان شرقی/غربی (Iranian provinces),5,0.018
state,2026-07-13,True,اتحادیه اروپا,86,0.302
state,2026-07-13,True,فلسطین اشغالی (Israel),9,0.032
state,2026-07-13,True,عربستان,158,0.556
state,2026-07-13,True,سلطنت‌طلبان,0,0.0
state,2026-07-13,True,جهاد اسلامی,0,0.0
state,2026-07-13,True,"دریای عمان (sea, not the country)",5,0.018
state,2026-07-13,True,انصارالله / حوثی‌ها,60,0.211
state,2026-07-13,True,جیش‌العدل,0,0.0
state,2026-07-13,True,افغانستان,16,0.056
state,2026-07-13,True,رضا پهلوی,4,0.014
state,2026-07-13,True,انگلیس,184,0.647
state,2026-07-13,True,حزب‌الله,48,0.169
state,2026-07-13,True,هند,38,0.134
state,2026-07-13,True,اسپانیا,156,0.548
state,2026-07-13,True,ونزوئلا,23,0.081
state,2026-07-13,True,پاکستان,45,0.158
state,2026-07-13,True,ایتالیا,11,0.039
state,2026-07-13,True,اوکراین,61,0.214
state,2026-07-13,True,طالبان,2,0.007
state,2026-07-13,True,فرانسه,106,0.373
state,2026-07-13,True,فلسطین,78,0.274
state,2026-07-13,True,بحرین,189,0.665
state,2026-07-13,True,سوریه,52,0.183
state,2026-07-13,True,کومله,0,0.0
state,2026-07-13,True,لبنان,184,0.647
state,2026-07-13,True,ترکیه,33,0.116
state,2026-07-13,True,روسیه,170,0.598
state,2026-07-13,True,آلمان,49,0.172
state,2026-07-13,True,عمان,89,0.313
state,2026-07-13,True,اردن,215,0.756
state,2026-07-13,True,عراق,297,1.044
state,2026-07-13,True,حماس,34,0.12
state,2026-07-13,True,کویت,267,0.939
state,2026-07-13,True,داعش,9,0.032
state,2026-07-13,True,پژاک,0,0.0
state,2026-07-13,True,ژاپن,19,0.067
state,2026-07-13,True,یمن,149,0.524
state,2026-07-13,True,چین,104,0.366
state,2026-07-13,True,غزه,107,0.376
state,2026-07-13,True,قطر,57,0.2
state,2026-07-20,True,مقاومت عراق / حشد شعبی,6,0.02
state,2026-07-20,True,مجاهدین خلق,0,0.0
state,2026-07-20,True,امارات,29,0.095
state,2026-07-20,True,جمهوری آذربایجان,9,0.029
state,2026-07-20,True,کتائب حزب‌الله,0,0.0
state,2026-07-20,True,آذربایجان شرقی/غربی (Iranian provinces),15,0.049
state,2026-07-20,True,اتحادیه اروپا,105,0.344
state,2026-07-20,True,فلسطین اشغالی (Israel),8,0.026
state,2026-07-20,True,عربستان,371,1.214
state,2026-07-20,True,سلطنت‌طلبان,0,0.0
state,2026-07-20,True,جهاد اسلامی,3,0.01
state,2026-07-20,True,"دریای عمان (sea, not the country)",12,0.039
state,2026-07-20,True,انصارالله / حوثی‌ها,60,0.196
state,2026-07-20,True,جیش‌العدل,0,0.0
state,2026-07-20,True,افغانستان,16,0.052
state,2026-07-20,True,رضا پهلوی,0,0.0
state,2026-07-20,True,انگلیس,127,0.416
state,2026-07-20,True,حزب‌الله,77,0.252
state,2026-07-20,True,هند,41,0.134
state,2026-07-20,True,اسپانیا,89,0.291
state,2026-07-20,True,ونزوئلا,17,0.056
state,2026-07-20,True,پاکستان,150,0.491
state,2026-07-20,True,ایتالیا,27,0.088
state,2026-07-20,True,اوکراین,104,0.34
state,2026-07-20,True,طالبان,2,0.007
state,2026-07-20,True,فرانسه,88,0.288
state,2026-07-20,True,فلسطین,120,0.393
state,2026-07-20,True,بحرین,144,0.471
state,2026-07-20,True,سوریه,44,0.144
state,2026-07-20,True,کومله,0,0.0
state,2026-07-20,True,لبنان,186,0.609
state,2026-07-20,True,ترکیه,28,0.092
state,2026-07-20,True,روسیه,181,0.592
state,2026-07-20,True,آلمان,50,0.164
state,2026-07-20,True,عمان,75,0.245
state,2026-07-20,True,اردن,166,0.543
state,2026-07-20,True,عراق,408,1.335
state,2026-07-20,True,حماس,117,0.383
state,2026-07-20,True,کویت,214,0.7
state,2026-07-20,True,داعش,3,0.01
state,2026-07-20,True,پژاک,0,0.0
state,2026-07-20,True,ژاپن,12,0.039
state,2026-07-20,True,یمن,285,0.933
state,2026-07-20,True,چین,105,0.344
state,2026-07-20,True,غزه,89,0.291
state,2026-07-20,True,قطر,44,0.144
state,2026-07-27,True,مقاومت عراق / حشد شعبی,63,0.271
state,2026-07-27,True,مجاهدین خلق,6,0.026
state,2026-07-27,True,امارات,7,0.03
state,2026-07-27,True,جمهوری آذربایجان,19,0.082
state,2026-07-27,True,کتائب حزب‌الله,0,0.0
state,2026-07-27,True,آذربایجان شرقی/غربی (Iranian provinces),17,0.073
state,2026-07-27,True,اتحادیه اروپا,68,0.293
state,2026-07-27,True,فلسطین اشغالی (Israel),5,0.022
state,2026-07-27,True,عربستان,421,1.814
state,2026-07-27,True,سلطنت‌طلبان,0,0.0
state,2026-07-27,True,جهاد اسلامی,5,0.022
state,2026-07-27,True,"دریای عمان (sea, not the country)",10,0.043
state,2026-07-27,True,انصارالله / حوثی‌ها,42,0.181
state,2026-07-27,True,جیش‌العدل,0,0.0
state,2026-07-27,True,افغانستان,16,0.069
state,2026-07-27,True,رضا پهلوی,0,0.0
state,2026-07-27,True,انگلیس,81,0.349
state,2026-07-27,True,حزب‌الله,34,0.146
state,2026-07-27,True,هند,24,0.103
state,2026-07-27,True,اسپانیا,64,0.276
state,2026-07-27,True,ونزوئلا,7,0.03
state,2026-07-27,True,پاکستان,93,0.401
state,2026-07-27,True,ایتالیا,37,0.159
state,2026-07-27,True,اوکراین,188,0.81
state,2026-07-27,True,طالبان,1,0.004
state,2026-07-27,True,فرانسه,56,0.241
state,2026-07-27,True,فلسطین,56,0.241
state,2026-07-27,True,بحرین,16,0.069
state,2026-07-27,True,سوریه,24,0.103
state,2026-07-27,True,کومله,0,0.0
state,2026-07-27,True,لبنان,184,0.793
state,2026-07-27,True,ترکیه,60,0.258
state,2026-07-27,True,روسیه,160,0.689
state,2026-07-27,True,آلمان,14,0.06
state,2026-07-27,True,عمان,69,0.297
state,2026-07-27,True,اردن,102,0.439
state,2026-07-27,True,عراق,535,2.305
state,2026-07-27,True,حماس,62,0.267
state,2026-07-27,True,کویت,58,0.25
state,2026-07-27,True,داعش,4,0.017
state,2026-07-27,True,پژاک,5,0.022
state,2026-07-27,True,ژاپن,35,0.151
state,2026-07-27,True,یمن,141,0.607
state,2026-07-27,True,چین,80,0.345
state,2026-07-27,True,غزه,125,0.539
state,2026-07-27,True,قطر,42,0.181
state,2026-08-03,True,مقاومت عراق / حشد شعبی,15,0.068
state,2026-08-03,True,مجاهدین خلق,0,0.0
state,2026-08-03,True,امارات,14,0.063
state,2026-08-03,True,جمهوری آذربایجان,21,0.095
state,2026-08-03,True,کتائب حزب‌الله,2,0.009
state,2026-08-03,True,آذربایجان شرقی/غربی (Iranian provinces),11,0.05
state,2026-08-03,True,اتحادیه اروپا,77,0.348
state,2026-08-03,True,فلسطین اشغالی (Israel),1,0.005
state,2026-08-03,True,عربستان,310,1.4
state,2026-08-03,True,سلطنت‌طلبان,0,0.0
state,2026-08-03,True,جهاد اسلامی,2,0.009
state,2026-08-03,True,"دریای عمان (sea, not the country)",1,0.005
state,2026-08-03,True,انصارالله / حوثی‌ها,44,0.199
state,2026-08-03,True,جیش‌العدل,0,0.0
state,2026-08-03,True,افغانستان,16,0.072
state,2026-08-03,True,رضا پهلوی,0,0.0
state,2026-08-03,True,انگلیس,43,0.194
state,2026-08-03,True,حزب‌الله,35,0.158
state,2026-08-03,True,هند,8,0.036
state,2026-08-03,True,اسپانیا,19,0.086
state,2026-08-03,True,ونزوئلا,21,0.095
state,2026-08-03,True,پاکستان,169,0.763
state,2026-08-03,True,ایتالیا,26,0.117
state,2026-08-03,True,اوکراین,99,0.447
state,2026-08-03,True,طالبان,1,0.005
state,2026-08-03,True,فرانسه,21,0.095
state,2026-08-03,True,فلسطین,60,0.271
state,2026-08-03,True,بحرین,5,0.023
state,2026-08-03,True,سوریه,65,0.294
state,2026-08-03,True,کومله,0,0.0
state,2026-08-03,True,لبنان,191,0.863
state,2026-08-03,True,ترکیه,110,0.497
state,2026-08-03,True,روسیه,155,0.7
state,2026-08-03,True,آلمان,16,0.072
state,2026-08-03,True,عمان,162,0.732
state,2026-08-03,True,اردن,27,0.122
state,2026-08-03,True,عراق,182,0.822
state,2026-08-03,True,حماس,39,0.176
state,2026-08-03,True,کویت,6,0.027
state,2026-08-03,True,داعش,8,0.036
state,2026-08-03,True,پژاک,0,0.0
state,2026-08-03,True,ژاپن,35,0.158
state,2026-08-03,True,یمن,239,1.08
state,2026-08-03,True,چین,59,0.267
state,2026-08-03,True,غزه,143,0.646
state,2026-08-03,True,قطر,44,0.199
state,2026-08-10,True,مقاومت عراق / حشد شعبی,9,0.039
state,2026-08-10,True,مجاهدین خلق,0,0.0
state,2026-08-10,True,امارات,27,0.116
state,2026-08-10,True,جمهوری آذربایجان,32,0.137
state,2026-08-10,True,کتائب حزب‌الله,0,0.0
state,2026-08-10,True,آذربایجان شرقی/غربی (Iranian provinces),29,0.125
state,2026-08-10,True,اتحادیه اروپا,72,0.309
state,2026-08-10,True,فلسطین اشغالی (Israel),7,0.03
state,2026-08-10,True,عربستان,213,0.915
state,2026-08-10,True,سلطنت‌طلبان,0,0.0
state,2026-08-10,True,جهاد اسلامی,4,0.017
state,2026-08-10,True,"دریای عمان (sea, not the country)",18,0.077
state,2026-08-10,True,انصارالله / حوثی‌ها,53,0.228
state,2026-08-10,True,جیش‌العدل,0,0.0
state,2026-08-10,True,افغانستان,12,0.052
state,2026-08-10,True,رضا پهلوی,1,0.004
state,2026-08-10,True,انگلیس,63,0.271
state,2026-08-10,True,حزب‌الله,48,0.206
state,2026-08-10,True,هند,35,0.15
state,2026-08-10,True,اسپانیا,29,0.125
state,2026-08-10,True,ونزوئلا,6,0.026
state,2026-08-10,True,پاکستان,202,0.868
state,2026-08-10,True,ایتالیا,6,0.026
state,2026-08-10,True,اوکراین,94,0.404
state,2026-08-10,True,طالبان,6,0.026
state,2026-08-10,True,فرانسه,50,0.215
state,2026-08-10,True,فلسطین,86,0.369
state,2026-08-10,True,بحرین,12,0.052
state,2026-08-10,True,سوریه,86,0.369
state,2026-08-10,True,کومله,0,0.0
state,2026-08-10,True,لبنان,280,1.203
state,2026-08-10,True,ترکیه,107,0.46
state,2026-08-10,True,روسیه,156,0.67
state,2026-08-10,True,آلمان,15,0.064
state,2026-08-10,True,عمان,49,0.211
state,2026-08-10,True,اردن,17,0.073
state,2026-08-10,True,عراق,148,0.636
state,2026-08-10,True,حماس,66,0.284
state,2026-08-10,True,کویت,29,0.125
state,2026-08-10,True,داعش,8,0.034
state,2026-08-10,True,پژاک,0,0.0
state,2026-08-10,True,ژاپن,48,0.206
state,2026-08-10,True,یمن,211,0.906
state,2026-08-10,True,چین,70,0.301
state,2026-08-10,True,غزه,150,0.644
state,2026-08-10,True,قطر,47,0.202
state,2026-08-17,True,مقاومت عراق / حشد شعبی,17,0.062
state,2026-08-17,True,مجاهدین خلق,0,0.0
state,2026-08-17,True,امارات,63,0.228
state,2026-08-17,True,جمهوری آذربایجان,17,0.062
state,2026-08-17,True,کتائب حزب‌الله,4,0.014
state,2026-08-17,True,آذربایجان شرقی/غربی (Iranian provinces),8,0.029
state,2026-08-17,True,اتحادیه اروپا,81,0.293
state,2026-08-17,True,فلسطین اشغالی (Israel),7,0.025
state,2026-08-17,True,عربستان,107,0.387
state,2026-08-17,True,سلطنت‌طلبان,0,0.0
state,2026-08-17,True,جهاد اسلامی,10,0.036
state,2026-08-17,True,"دریای عمان (sea, not the country)",7,0.025
state,2026-08-17,True,انصارالله / حوثی‌ها,11,0.04
state,2026-08-17,True,جیش‌العدل,0,0.0
state,2026-08-17,True,افغانستان,20,0.072
state,2026-08-17,True,رضا پهلوی,2,0.007
state,2026-08-17,True,انگلیس,78,0.282
state,2026-08-17,True,حزب‌الله,29,0.105
state,2026-08-17,True,هند,42,0.152
state,2026-08-17,True,اسپانیا,10,0.036
state,2026-08-17,True,ونزوئلا,19,0.069
state,2026-08-17,True,پاکستان,87,0.315
state,2026-08-17,True,ایتالیا,8,0.029
state,2026-08-17,True,اوکراین,100,0.362
state,2026-08-17,True,طالبان,8,0.029
state,2026-08-17,True,فرانسه,73,0.264
state,2026-08-17,True,فلسطین,76,0.275
state,2026-08-17,True,بحرین,20,0.072
state,2026-08-17,True,سوریه,184,0.666
state,2026-08-17,True,کومله,0,0.0
state,2026-08-17,True,لبنان,191,0.691
state,2026-08-17,True,ترکیه,171,0.619
state,2026-08-17,True,روسیه,192,0.695
state,2026-08-17,True,آلمان,38,0.138
state,2026-08-17,True,عمان,71,0.257
state,2026-08-17,True,اردن,8,0.029
state,2026-08-17,True,عراق,375,1.357
state,2026-08-17,True,حماس,60,0.217
state,2026-08-17,True,کویت,11,0.04
state,2026-08-17,True,داعش,23,0.083
state,2026-08-17,True,پژاک,0,0.0
state,2026-08-17,True,ژاپن,45,0.163
state,2026-08-17,True,یمن,106,0.384
state,2026-08-17,True,چین,96,0.347
state,2026-08-17,True,غزه,158,0.572
state,2026-08-17,True,قطر,75,0.271
state,2026-08-24,True,مقاومت عراق / حشد شعبی,2,0.007
state,2026-08-24,True,مجاهدین خلق,0,0.0
state,2026-08-24,True,امارات,19,0.068
state,2026-08-24,True,جمهوری آذربایجان,29,0.104
state,2026-08-24,True,کتائب حزب‌الله,0,0.0
state,2026-08-24,True,آذربایجان شرقی/غربی (Iranian provinces),13,0.046
state,2026-08-24,True,اتحادیه اروپا,100,0.357
state,2026-08-24,True,فلسطین اشغالی (Israel),2,0.007
state,2026-08-24,True,عربستان,111,0.397
state,2026-08-24,True,سلطنت‌طلبان,0,0.0
state,2026-08-24,True,جهاد اسلامی,10,0.036
state,2026-08-24,True,"دریای عمان (sea, not the country)",6,0.021
state,2026-08-24,True,انصارالله / حوثی‌ها,11,0.039
state,2026-08-24,True,جیش‌العدل,0,0.0
state,2026-08-24,True,افغانستان,25,0.089
state,2026-08-24,True,رضا پهلوی,0,0.0
state,2026-08-24,True,انگلیس,66,0.236
state,2026-08-24,True,حزب‌الله,27,0.096
state,2026-08-24,True,هند,19,0.068
state,2026-08-24,True,اسپانیا,7,0.025
state,2026-08-24,True,ونزوئلا,42,0.15
state,2026-08-24,True,پاکستان,124,0.443
state,2026-08-24,True,ایتالیا,10,0.036
state,2026-08-24,True,اوکراین,116,0.414
state,2026-08-24,True,طالبان,1,0.004
state,2026-08-24,True,فرانسه,52,0.186
state,2026-08-24,True,فلسطین,90,0.322
state,2026-08-24,True,بحرین,9,0.032
state,2026-08-24,True,سوریه,106,0.379
state,2026-08-24,True,کومله,0,0.0
state,2026-08-24,True,لبنان,251,0.897
state,2026-08-24,True,ترکیه,59,0.211
state,2026-08-24,True,روسیه,249,0.89
state,2026-08-24,True,آلمان,24,0.086
state,2026-08-24,True,عمان,82,0.293
state,2026-08-24,True,اردن,30,0.107
state,2026-08-24,True,عراق,209,0.747
state,2026-08-24,True,حماس,47,0.168
state,2026-08-24,True,کویت,18,0.064
state,2026-08-24,True,داعش,1,0.004
state,2026-08-24,True,پژاک,0,0.0
state,2026-08-24,True,ژاپن,54,0.193
state,2026-08-24,True,یمن,84,0.3
state,2026-08-24,True,چین,145,0.518
state,2026-08-24,True,غزه,150,0.536
state,2026-08-24,True,قطر,99,0.354
state,2026-08-31,False,مقاومت عراق / حشد شعبی,2,0.046
state,2026-08-31,False,مجاهدین خلق,0,0.0
state,2026-08-31,False,امارات,18,0.41
state,2026-08-31,False,جمهوری آذربایجان,25,0.57
state,2026-08-31,False,کتائب حزب‌الله,0,0.0
state,2026-08-31,False,آذربایجان شرقی/غربی (Iranian provinces),3,0.068
state,2026-08-31,False,اتحادیه اروپا,33,0.752
state,2026-08-31,False,فلسطین اشغالی (Israel),0,0.0
state,2026-08-31,False,عربستان,24,0.547
state,2026-08-31,False,سلطنت‌طلبان,0,0.0
state,2026-08-31,False,جهاد اسلامی,0,0.0
state,2026-08-31,False,"دریای عمان (sea, not the country)",1,0.023
state,2026-08-31,False,انصارالله / حوثی‌ها,0,0.0
state,2026-08-31,False,جیش‌العدل,0,0.0
state,2026-08-31,False,افغانستان,1,0.023
state,2026-08-31,False,رضا پهلوی,0,0.0
state,2026-08-31,False,انگلیس,6,0.137
state,2026-08-31,False,حزب‌الله,2,0.046
state,2026-08-31,False,هند,50,1.14
state,2026-08-31,False,اسپانیا,7,0.16
state,2026-08-31,False,ونزوئلا,0,0.0
state,2026-08-31,False,پاکستان,43,0.98
state,2026-08-31,False,ایتالیا,4,0.091
state,2026-08-31,False,اوکراین,27,0.616
state,2026-08-31,False,طالبان,0,0.0
state,2026-08-31,False,فرانسه,10,0.228
state,2026-08-31,False,فلسطین,14,0.319
state,2026-08-31,False,بحرین,0,0.0
state,2026-08-31,False,سوریه,13,0.296
state,2026-08-31,False,کومله,0,0.0
state,2026-08-31,False,لبنان,24,0.547
state,2026-08-31,False,ترکیه,18,0.41
state,2026-08-31,False,روسیه,62,1.413
state,2026-08-31,False,آلمان,2,0.046
state,2026-08-31,False,عمان,6,0.137
state,2026-08-31,False,اردن,16,0.365
state,2026-08-31,False,عراق,20,0.456
state,2026-08-31,False,حماس,9,0.205
state,2026-08-31,False,کویت,0,0.0
state,2026-08-31,False,داعش,0,0.0
state,2026-08-31,False,پژاک,0,0.0
state,2026-08-31,False,ژاپن,14,0.319
state,2026-08-31,False,یمن,11,0.251
state,2026-08-31,False,چین,41,0.935
state,2026-08-31,False,غزه,21,0.479
state,2026-08-31,False,قطر,2,0.046
