model,kanal,id,url,topic_manual,topic2_manual,topic_ai,tone_manual,tone_ai,reason_ai,seconds
gemma4:26b,Tasnimnews,424439,https://t.me/Tasnimnews/424439,diplomacy,,diplomacy,neutral,neutral,The post reports on a specific detail regarding the conduct of the US-Iran nuclear negotiations in Geneva.,26.6
gemma4:26b,Tasnimnews,440045,https://t.me/Tasnimnews/440045,domestic_politics,,domestic_politics,neutral,neutral,"The post focuses on the psychological trauma and financial struggles of families affected by the Shajareh Tayyebeh school strike, highlighting the lack of government aid.",6.1
gemma4:26b,Tasnimnews,400268,https://t.me/Tasnimnews/400268,ideology_propaganda,domestic_politics,domestic_politics,threatening,neutral,"The post reports on a pro-government nightly rally (قرار شبانه) in a city square, which is a domestic political event.",3.6
gemma4:26b,Tasnimnews,389772,https://t.me/Tasnimnews/389772,mourning_commemoration,,mourning_commemoration,neutral,neutral,The post features an image and description of a deceased military figure (Mahmoud Bagheri) and his military expertise.,5.5
gemma4:26b,Tasnimnews,409301,https://t.me/Tasnimnews/409301,resistance_axis,,resistance_axis,neutral,neutral,"The post discusses Israeli military plans in southern Lebanon, which falls under the resistance_axis topic as it concerns the war involving Hezbollah/Lebanon.",4.9
gemma4:26b,Tasnimnews,387209,https://t.me/Tasnimnews/387209,foreign_affairs,,foreign_affairs,neutral,neutral,The post reports on a planned diplomatic visit by the Chinese President to the United States.,5.0
gemma4:26b,Tasnimnews,385717,https://t.me/Tasnimnews/385717,domestic_politics,economy,domestic_politics,neutral,neutral,"The post discusses a member of the Economic Commission questioning the Minister of Industry, Mine and Trade regarding delays in urea barter processes and their economic impact.",6.3
gemma4:26b,Tasnimnews,385217,https://t.me/Tasnimnews/385217,domestic_politics,,domestic_politics,accusatory,accusatory,The post reports on a court proceeding regarding the death of a police officer caused by rioters during protests.,4.2
gemma4:26b,Tasnimnews,411339,https://t.me/Tasnimnews/411339,mourning_commemoration,,mourning_commemoration,neutral,neutral,The post commemorates the anniversary of the martyrdom of a person (Shiroudi) and includes his voice/images.,4.5
gemma4:26b,Tasnimnews,439631,https://t.me/Tasnimnews/439631,diplomacy,domestic_politics,diplomacy,neutral,neutral,"The main statement is about the President's comments regarding the nature of a recent agreement (likely the Islamabad Memorandum), which falls under foreign policy/diplomacy.",5.2
gemma4:26b,Tasnimnews,408140,https://t.me/Tasnimnews/408140,other,,other,neutral,neutral,The post reports on FIFA President Infantino's statement regarding Iran's participation in the 2026 World Cup.,5.9
gemma4:26b,Tasnimnews,415257,https://t.me/Tasnimnews/415257,diplomacy,,diplomacy,neutral,neutral,The post reports on a meeting between an Iranian official and a foreign official regarding international cooperation.,4.3
gemma4:26b,Tasnimnews,436718,https://t.me/Tasnimnews/436718,domestic_politics,diplomacy,domestic_politics,neutral,neutral,The post reports on the President's statements regarding external pressures and sanctions facing the government.,5.3
gemma4:26b,Tasnimnews,424689,https://t.me/Tasnimnews/424689,resistance_axis,,resistance_axis,neutral,neutral,The post reports on Hezbollah's drone attack on an Israeli military command center.,4.2
gemma4:26b,Tasnimnews,391479,https://t.me/Tasnimnews/391479,foreign_affairs,,foreign_affairs,neutral,neutral,"The post reports on security forces in Pakistan shooting at mourners of the late Supreme Leader, which is an event in another country.",4.0
gemma4:26b,Tasnimnews,438176,https://t.me/Tasnimnews/438176,resistance_axis,,resistance_axis,mobilizing,accusatory,The post features Hezbollah's Secretary-General criticizing the Lebanese government and accusing the US/Israel of aggression and deception.,5.5
gemma4:26b,Tasnimnews,441571,https://t.me/Tasnimnews/441571,foreign_affairs,resistance_axis,resistance_axis,neutral,neutral,"The post reports on Israeli minister Ben-Gvir's provocative actions at Al-Aqsa Mosque, which is part of the resistance axis context.",4.2
gemma4:26b,Tasnimnews,386587,https://t.me/Tasnimnews/386587,ideology_propaganda,,ideology_propaganda,triumphant,neutral,The post features the Minister of Sports making political statements about the resilience of the Islamic Republic against enemy conspiracies.,5.6
gemma4:26b,Tasnimnews,387726,https://t.me/Tasnimnews/387726,ideology_propaganda,,military,accusatory,accusatory,"The post explicitly labels the US President and Netanyahu as 'real terrorists', which is an accusatory statement.",3.1
gemma4:26b,Tasnimnews,415143,https://t.me/Tasnimnews/415143,military,,military,accusatory,accusatory,The post accuses Saudi Arabia and Kuwait of cooperating with the US and Israel in military aggression against Iraq.,4.1
gemma4:26b,Tasnimnews,396631,https://t.me/Tasnimnews/396631,military,,military,triumphant,triumphant,The post reports on the IRGC's successful interception and destruction of US and Israeli drones during the ongoing war.,5.7
gemma4:26b,Tasnimnews,420787,https://t.me/Tasnimnews/420787,other,,other,neutral,neutral,The post is a brief announcement about the cleaning and washing of a shrine in preparation for the month of Muharram.,3.9
gemma4:26b,Tasnimnews,410500,https://t.me/Tasnimnews/410500,diplomacy,,diplomacy,neutral,neutral,"The post analyzes Trump's negotiation tactics and behavior regarding ceasefire talks, framing his actions as desperate rather than strategic.",5.5
gemma4:26b,Tasnimnews,387118,https://t.me/Tasnimnews/387118,military,,military,neutral,neutral,"The post reports on American analysts' views regarding Iran's missile capabilities, which is a military matter.",3.4
gemma4:26b,Tasnimnews,440199,https://t.me/Tasnimnews/440199,economy,diplomacy,economy,neutral,neutral,The post discusses the Central Bank Governor's response to US economic sanctions and the availability of foreign currency.,4.5
gemma4:26b,farsna,450860,https://t.me/farsna/450860,domestic_politics,,domestic_politics,neutral,neutral,The post reports on President Pezeshkian's comments regarding the unprecedented cohesion between the branches of government.,6.3
gemma4:26b,farsna,426845,https://t.me/farsna/426845,diplomacy,foreign_affairs,foreign_affairs,neutral,neutral,The post reports on CNN's analysis of Trump's contradictory statements regarding the Strait of Hormuz.,3.8
gemma4:26b,farsna,443732,https://t.me/farsna/443732,resistance_axis,,resistance_axis,neutral,neutral,"The post reports on the deaths of seven people, including a child, due to Israeli attacks in Lebanon.",4.4
gemma4:26b,farsna,453577,https://t.me/farsna/453577,military,,military,neutral,neutral,"The post reports on the destruction/burning of drone hangars and military fuel tanks at a base, which is a military event.",3.3
gemma4:26b,farsna,418311,https://t.me/farsna/418311,military,,military,neutral,neutral,"The post reports on Iranian missiles hitting Abu Dhabi, which is part of the war involving Iran and the Gulf states.",3.5
gemma4:26b,farsna,449806,https://t.me/farsna/449806,economy,foreign_affairs,foreign_affairs,accusatory,neutral,The post reports on statements from the Brazilian President regarding the economic impact of the war and Trump's comments on the Strait of Hormuz.,4.7
gemma4:26b,farsna,408369,https://t.me/farsna/408369,domestic_politics,,domestic_politics,neutral,neutral,The post reports on the judicial deadline and the uncertain status of Babak Zanjani's multi-billion dollar debt to the state.,4.3
gemma4:26b,farsna,431084,https://t.me/farsna/431084,ideology_propaganda,,ideology_propaganda,triumphant,triumphant,The post uses celebratory language ('victorious nation') and refers to the late Supreme Leader and Qasem Soleimani to frame a narrative of victory.,4.8
gemma4:26b,farsna,448815,https://t.me/farsna/448815,other,,other,neutral,neutral,The text consists of poetic verses that do not contain a clear news statement or specific information to classify.,4.6
gemma4:26b,farsna,430121,https://t.me/farsna/430121,foreign_affairs,,foreign_affairs,neutral,neutral,"The post reports on a shooting incident in the USA, which is an event inside another country where Iran is not involved.",4.9
gemma4:26b,farsna,421766,https://t.me/farsna/421766,mourning_commemoration,,mourning_commemoration,neutral,neutral,The post reports on a funeral procession for two martyrs in Marand.,2.4
gemma4:26b,farsna,447376,https://t.me/farsna/447376,mourning_commemoration,,mourning_commemoration,neutral,neutral,The post provides information regarding the route for the funeral procession of the late Supreme Leader Ali Khamenei.,3.4
gemma4:26b,farsna,443069,https://t.me/farsna/443069,foreign_affairs,,foreign_affairs,neutral,neutral,The post reports on statements made by the US Vice President regarding the origin of Israel's weapons and the reality of its situation.,4.3
gemma4:26b,farsna,440606,https://t.me/farsna/440606,military,,military,neutral,neutral,The post reports on a statement from the Israeli domestic front command regarding safety instructions for citizens.,3.7
gemma4:26b,farsna,452509,https://t.me/farsna/452509,domestic_politics,,other,neutral,neutral,The post reports on the operational status of border gates at Shalamcheh to accommodate Arbaeen pilgrims.,4.8
gemma4:26b,farsna,414654,https://t.me/farsna/414654,foreign_affairs,military,military,accusatory,accusatory,The post reports on the arrest of Mossad agents in Gulf states and claims Israel is attempting to strike multiple regional countries.,3.9
gemma4:26b,farsna,412101,https://t.me/farsna/412101,domestic_politics,,domestic_politics,accusatory,accusatory,The post reports on the arrest of three individuals and labels them as active members of a 'monarchist terrorist movement'.,6.4
gemma4:26b,farsna,426266,https://t.me/farsna/426266,military,,military,neutral,neutral,The post reports on a news item from AP regarding a US jet being shot down in the Middle East.,3.8
gemma4:26b,farsna,442395,https://t.me/farsna/442395,military,resistance_axis,resistance_axis,threatening,triumphant,The post features a military commander making a statement about the strategic control and potential activation of resistance forces in the Bab al-Mandab strait.,4.8
gemma4:26b,farsna,454547,https://t.me/farsna/454547,foreign_affairs,,foreign_affairs,neutral,neutral,"The post reports on Russian missile attacks in Kyiv, Ukraine, which is an event between other countries where Iran is not involved.",3.7
gemma4:26b,farsna,432280,https://t.me/farsna/432280,economy,,economy,neutral,neutral,The post reports on the economic impact of the war (specifically US pension fund losses) caused by attacks on Iran.,4.2
gemma4:26b,farsna,416887,https://t.me/farsna/416887,military,diplomacy,foreign_affairs,accusatory,neutral,The post reports on US President Trump's statements regarding an attack on an Iranian desalination plant and his insulting remarks about Iranians.,5.3
gemma4:26b,farsna,428494,https://t.me/farsna/428494,military,foreign_affairs,foreign_affairs,accusatory,neutral,"The post quotes an American analyst discussing the closure of the Strait of Hormuz and the resilience of Iranians, while criticizing US-Israeli control.",6.0
gemma4:26b,farsna,458129,https://t.me/farsna/458129,economy,,economy,neutral,neutral,"The post reports on the decrease in US strategic oil reserves, which is a market/commodity development.",5.9
gemma4:26b,farsna,424058,https://t.me/farsna/424058,domestic_politics,,domestic_politics,neutral,neutral,The post reports on a government decision by the Ministry of Sports regarding the travel of a football team due to security concerns in a specific country.,5.1
gemma4:26b,iribnews,356242,https://t.me/iribnews/356242,domestic_politics,economy,domestic_politics,neutral,neutral,The post reports on the Acting Minister of Defense's statements regarding the import and clearance of explosives for the country's mines.,4.4
gemma4:26b,iribnews,318585,https://t.me/iribnews/318585,military,,military,neutral,neutral,The post reports on the number of missiles and drones launched by Iran and the scale of US military involvement in the war.,3.8
gemma4:26b,iribnews,329247,https://t.me/iribnews/329247,military,,military,triumphant,triumphant,"The post reports on the downing of a US fighter jet by Iranian air defenses, which is a military event in the ongoing war.",4.6
gemma4:26b,iribnews,339084,https://t.me/iribnews/339084,diplomacy,,diplomacy,neutral,neutral,The post reports on the Foreign Minister's statements regarding the sovereignty and management of the Strait of Hormuz and ongoing negotiations.,4.2
gemma4:26b,iribnews,320271,https://t.me/iribnews/320271,domestic_politics,,other,neutral,neutral,The post provides public health advice and warnings regarding acid rain caused by fuel tank explosions.,5.2
gemma4:26b,iribnews,353675,https://t.me/iribnews/353675,economy,diplomacy,economy,threatening,neutral,The post reports on US President Trump's statement regarding revenue from Venezuelan oil and his plans for Iranian oil.,5.0
gemma4:26b,iribnews,313750,https://t.me/iribnews/313750,domestic_politics,,other,neutral,neutral,"The post is a factual announcement regarding the resumption of airline flight schedules between Tehran, Istanbul, and Najaf.",4.2
gemma4:26b,iribnews,350290,https://t.me/iribnews/350290,mourning_commemoration,,mourning_commemoration,neutral,neutral,The post reports on the funeral procession of the late Supreme Leader Ali Khamenei in Karbala.,2.6
gemma4:26b,iribnews,337487,https://t.me/iribnews/337487,economy,,economy,neutral,neutral,The post reports on the economic impact of the Strait of Hormuz disruptions and the resulting shifts in shipping routes and costs.,4.2
gemma4:26b,iribnews,329525,https://t.me/iribnews/329525,other,economy,other,neutral,neutral,The post reports on tourism statistics and visitor numbers in West Azerbaijan province.,3.6
gemma4:26b,iribnews,344063,https://t.me/iribnews/344063,other,,other,neutral,neutral,The post is a simple announcement about cleaning a religious shrine in preparation for Muharram.,3.2
gemma4:26b,iribnews,329437,https://t.me/iribnews/329437,military,,military,triumphant,triumphant,The post reports on a military operation in Isfahan and uses strong language to celebrate victory and mock the US military.,5.4
gemma4:26b,iribnews,357781,https://t.me/iribnews/357781,economy,,economy,neutral,neutral,"The post reports on the Minister of Industry, Mine and Trade's statement regarding import and export trends.",4.2
gemma4:26b,iribnews,358956,https://t.me/iribnews/358956,foreign_affairs,,foreign_affairs,neutral,neutral,"The post reports on a weapons contract between Greece and Israel, which is an event between other countries where Iran is not involved.",4.8
gemma4:26b,iribnews,347981,https://t.me/iribnews/347981,mourning_commemoration,,mourning_commemoration,neutral,neutral,The post provides logistical information and schedules regarding the funeral ceremonies for the late Supreme Leader Ali Khamenei.,6.1
gemma4:26b,iribnews,315925,https://t.me/iribnews/315925,domestic_politics,,domestic_politics,neutral,neutral,"The post reports on a court sentence (imprisonment) for an individual, which falls under domestic legal/judicial matters.",3.3
gemma4:26b,iribnews,357169,https://t.me/iribnews/357169,other,,other,neutral,neutral,The post is a factual report about an earthquake in Gilan-e Gharb.,3.4
gemma4:26b,iribnews,335302,https://t.me/iribnews/335302,foreign_affairs,,foreign_affairs,neutral,neutral,"The post reports a statement by the British Prime Minister regarding his country's stance on war, which is an event involving another country where Iran is not the acting party.",4.6
gemma4:26b,iribnews,354020,https://t.me/iribnews/354020,domestic_politics,,domestic_politics,neutral,neutral,The post reports on a government official's announcement regarding the digital management of passenger returns during the Arbaeen pilgrimage.,5.2
gemma4:26b,iribnews,353086,https://t.me/iribnews/353086,diplomacy,,diplomacy,threatening,threatening,The post features the Foreign Minister criticizing US officials and explicitly stating that the US President must pay a heavy price if seeking a deal.,4.7
gemma4:26b,iribnews,352073,https://t.me/iribnews/352073,military,,military,neutral,neutral,"The post reports on the activation of warning sirens and instructions to seek shelter in Bahrain, which is a Gulf state involved in the war.",4.0
gemma4:26b,iribnews,327680,https://t.me/iribnews/327680,military,foreign_affairs,military,neutral,accusatory,"The post uses strong language like 'genocide' and 'aggression' to condemn the actions of the US and Israel, which falls under the 'accusatory' tone definition for blaming opponents with explicit negative claims.",8.2
gemma4:26b,iribnews,333345,https://t.me/iribnews/333345,diplomacy,military,military,triumphant,triumphant,The post reports on an analyst's claim that the US has failed in its war objectives and is internationally isolated.,5.0
gemma4:26b,iribnews,349202,https://t.me/iribnews/349202,mourning_commemoration,,mourning_commemoration,neutral,neutral,The post reports on people visiting the body of the late Supreme Leader Ali Khamenei for a funeral/mourning ceremony.,3.7
gemma4:26b,iribnews,329787,https://t.me/iribnews/329787,diplomacy,,diplomacy,neutral,neutral,The post reports on Iran's official diplomatic protest to the IAEA regarding an attack on the Bushehr nuclear plant.,6.7
gemma4:26b,irna_1313,390281,https://t.me/irna_1313/390281,other,,other,neutral,neutral,The post is a factual weather forecast provided by the meteorological organization.,4.2
gemma4:26b,irna_1313,418067,https://t.me/irna_1313/418067,economy,,economy,neutral,neutral,"The post reports on the growth of the Tehran Stock Exchange index, which is a market development.",3.4
gemma4:26b,irna_1313,420907,https://t.me/irna_1313/420907,other,,other,neutral,neutral,"The post provides prayer times and a religious quote, which does not fall into any specific news category.",4.1
gemma4:26b,irna_1313,389625,https://t.me/irna_1313/389625,domestic_politics,,domestic_politics,neutral,neutral,The post reports on a speech by the Vice President regarding family stability and social policies within Iran.,5.9
gemma4:26b,irna_1313,446034,https://t.me/irna_1313/446034,foreign_affairs,,foreign_affairs,neutral,neutral,The post reports on tensions and naval movements between Turkey and Israel in the Mediterranean.,4.9
gemma4:26b,irna_1313,415696,https://t.me/irna_1313/415696,other,,other,neutral,neutral,The post is a factual report about football fans entering a stadium for the 2026 World Cup.,3.5
gemma4:26b,irna_1313,389097,https://t.me/irna_1313/389097,ideology_propaganda,,ideology_propaganda,neutral,neutral,The post reports on people gathering in Tehran to celebrate the anniversary of the Islamic Revolution and discussing national unity.,4.3
gemma4:26b,irna_1313,405007,https://t.me/irna_1313/405007,other,,domestic_politics,neutral,neutral,"The post is a feature article about the Red Crescent Society and its role in crisis management, which falls under public services.",5.9
gemma4:26b,irna_1313,443511,https://t.me/irna_1313/443511,domestic_politics,,domestic_politics,neutral,neutral,The post reports on President Pezeshkian's instruction to government officials to reduce fuel consumption and the use of government vehicles.,4.0
gemma4:26b,irna_1313,443117,https://t.me/irna_1313/443117,domestic_politics,diplomacy,domestic_politics,mobilizing,neutral,"The post features Mohsen Rezaei calling for unity and supporting officials, while discussing regional politics and US withdrawal.",5.0
gemma4:26b,irna_1313,386139,https://t.me/irna_1313/386139,economy,,economy,neutral,neutral,"The post reports on the decrease in exchange rates for major currencies like the US dollar, Euro, and UAE Dirham.",5.7
gemma4:26b,irna_1313,421393,https://t.me/irna_1313/421393,other,,other,neutral,neutral,"The post provides prayer times and a religious quote, which does not fall into any specific news category.",4.1
gemma4:26b,irna_1313,404884,https://t.me/irna_1313/404884,other,,other,neutral,neutral,The post reports on the successful capture and release of a wild cat into a national park.,3.8
gemma4:26b,irna_1313,428159,https://t.me/irna_1313/428159,military,,military,neutral,neutral,The post reports on enemy projectile strikes hitting four areas in Bushehr province during the ongoing war.,5.9
gemma4:26b,irna_1313,406101,https://t.me/irna_1313/406101,other,,other,neutral,neutral,The post is a health-related article discussing the difference between sadness and depression.,4.0
gemma4:26b,irna_1313,439115,https://t.me/irna_1313/439115,domestic_politics,,domestic_politics,neutral,neutral,The post discusses government-provided healthcare services and subsidies for children and low-income families.,4.2
gemma4:26b,irna_1313,426137,https://t.me/irna_1313/426137,mourning_commemoration,ideology_propaganda,mourning_commemoration,neutral,neutral,The post focuses on recounting memories and stories about the late Supreme Leader Ali Khamenei during commemoration ceremonies.,4.4
gemma4:26b,irna_1313,412493,https://t.me/irna_1313/412493,resistance_axis,,resistance_axis,neutral,neutral,The post reports on a statement from a Hamas official regarding the failure of international efforts to stop killings in Gaza.,4.4
gemma4:26b,irna_1313,418220,https://t.me/irna_1313/418220,economy,diplomacy,diplomacy,neutral,neutral,The post reports on the Central Bank Governor's official visit to Moscow and his statements regarding strengthening economic and trade relations with Russia.,5.9
gemma4:26b,irna_1313,403042,https://t.me/irna_1313/403042,domestic_politics,,domestic_politics,neutral,neutral,The post reports on a meeting between the Minister of Culture and a veteran of the Shajareh Tayyebeh school attack.,3.3
gemma4:26b,irna_1313,429114,https://t.me/irna_1313/429114,domestic_politics,,domestic_politics,neutral,neutral,The post reports on the arrest of individuals by prosecutors for distributing private images of people in Lorestan.,5.1
gemma4:26b,irna_1313,435287,https://t.me/irna_1313/435287,domestic_politics,,other,neutral,neutral,The post is a factual announcement regarding a special flight for the Arbaeen pilgrimage.,4.0
gemma4:26b,irna_1313,419716,https://t.me/irna_1313/419716,foreign_affairs,,foreign_affairs,neutral,neutral,The post reports on a statement by the German Defense Minister regarding Trump's responsibility for the closure of the Strait of Hormuz.,4.2
gemma4:26b,irna_1313,398807,https://t.me/irna_1313/398807,mourning_commemoration,,mourning_commemoration,neutral,neutral,The post announces the 40th-day commemoration ceremony for the martyrdom of the Supreme Leader.,3.6
gemma4:26b,irna_1313,392722,https://t.me/irna_1313/392722,resistance_axis,,resistance_axis,neutral,neutral,The post reports on clashes between Hezbollah fighters and Israeli forces in Lebanon.,3.9
gemma4:26b,jamarannews,531595,https://t.me/jamarannews/531595,other,,other,neutral,neutral,The post is a factual report about a football match score.,3.1
gemma4:26b,jamarannews,507221,https://t.me/jamarannews/507221,diplomacy,,diplomacy,neutral,neutral,The post is a factual denial of a news report regarding Ali Larijani's travel to Oman.,5.0
gemma4:26b,jamarannews,513999,https://t.me/jamarannews/513999,foreign_affairs,economy,foreign_affairs,neutral,neutral,The post reports on the US Congress's opposition to a Pentagon budget request for the war against Iran.,4.6
gemma4:26b,jamarannews,515975,https://t.me/jamarannews/515975,diplomacy,,diplomacy,neutral,neutral,The post reports on Iran's official diplomatic protest to the UN Security Council regarding the UAE's involvement in attacks against Iran.,5.0
gemma4:26b,jamarannews,511569,https://t.me/jamarannews/511569,military,,military,neutral,neutral,The post reports on the recovery of a child's body from rubble following a US missile strike in Tehran.,3.2
gemma4:26b,jamarannews,522058,https://t.me/jamarannews/522058,foreign_affairs,,foreign_affairs,neutral,neutral,The post discusses a Foreign Policy article about the potential political consequences of a war with Iran for the US Republican coalition.,7.3
gemma4:26b,jamarannews,523514,https://t.me/jamarannews/523514,economy,,economy,neutral,neutral,The post reports on global oil trade shifts and congestion in the Panama Canal due to the closure of the Strait of Hormuz.,4.5
gemma4:26b,jamarannews,522334,https://t.me/jamarannews/522334,diplomacy,,diplomacy,neutral,neutral,The post reports on Donald Trump's claims regarding Iran's willingness to reach a nuclear agreement.,4.1
gemma4:26b,jamarannews,538574,https://t.me/jamarannews/538574,mourning_commemoration,,mourning_commemoration,neutral,neutral,The post provides logistical information regarding the funeral arrangements for the late Supreme Leader Ali Khamenei.,4.8
gemma4:26b,jamarannews,528098,https://t.me/jamarannews/528098,resistance_axis,,resistance_axis,neutral,neutral,"The post reports on casualties from an Israeli airstrike in Gaza, which falls under the resistance_axis topic.",4.4
gemma4:26b,jamarannews,533201,https://t.me/jamarannews/533201,foreign_affairs,,foreign_affairs,neutral,neutral,"The post reports on statements from a US Vice President regarding US-Israel relations and interests, which does not involve Iran as an actor in the content.",5.3
gemma4:26b,jamarannews,532335,https://t.me/jamarannews/532335,military,,military,neutral,neutral,The post reports on the movement of hospital activities underground in Israel due to the ongoing conflict.,3.6
gemma4:26b,jamarannews,514081,https://t.me/jamarannews/514081,military,,military,accusatory,neutral,The post reports on a new round of drone attacks by the Iranian army against Israeli military and infrastructure targets.,6.2
gemma4:26b,jamarannews,520315,https://t.me/jamarannews/520315,ideology_propaganda,domestic_politics,domestic_politics,neutral,neutral,The post reports on a pro-government gathering in support of the military during the war.,4.1
gemma4:26b,jamarannews,528028,https://t.me/jamarannews/528028,military,,military,neutral,triumphant,The post reports on US intelligence assessments regarding Iran's underground missile capabilities and how they challenge US military strategy.,4.9
gemma4:26b,jamarannews,514167,https://t.me/jamarannews/514167,other,,other,neutral,neutral,The post reports on the restoration of access to the Supreme Leader's official website following its unavailability during the war.,5.7
gemma4:26b,jamarannews,545230,https://t.me/jamarannews/545230,mourning_commemoration,,mourning_commemoration,mournful,mournful,The post is a formal message of condolence from the Minister of Culture regarding the death of a spouse of a deceased scholar.,5.9
gemma4:26b,jamarannews,521052,https://t.me/jamarannews/521052,diplomacy,foreign_affairs,foreign_affairs,neutral,neutral,The post reports on a decision by the US Secretary of State regarding the residency status and detention of an individual related to an Iranian figure.,4.8
gemma4:26b,jamarannews,526132,https://t.me/jamarannews/526132,domestic_politics,,domestic_politics,threatening,neutral,The post features statements from the head of the judiciary regarding legal action against exploiters and the need to address economic pressures.,5.1
gemma4:26b,jamarannews,532737,https://t.me/jamarannews/532737,military,,military,neutral,neutral,The post reports on an analysis from the New York Times regarding the military stalemate and the shift in deterrence between Iran and Israel.,4.4
gemma4:26b,jamarannews,513889,https://t.me/jamarannews/513889,military,,military,neutral,neutral,The post reports on the Israeli military censorship following an Iranian missile attack on a refinery in Haifa.,5.3
gemma4:26b,jamarannews,528420,https://t.me/jamarannews/528420,other,,other,neutral,neutral,"The post is a brief news update about an actor being in the hospital, expressing well-wishes.",4.3
gemma4:26b,jamarannews,535244,https://t.me/jamarannews/535244,diplomacy,,diplomacy,mobilizing,neutral,The post reports on President Pezeshkian's statements regarding the nature of recent negotiations and Iran's firm stance.,5.5
gemma4:26b,jamarannews,521326,https://t.me/jamarannews/521326,resistance_axis,,resistance_axis,neutral,neutral,"The post reports on Israeli military difficulties in Lebanon/Hezbollah, which falls under the resistance_axis topic.",4.2
gemma4:26b,jamarannews,539037,https://t.me/jamarannews/539037,economy,,economy,neutral,neutral,The post provides factual information regarding the distribution of electronic food subsidies (kalabarg) and non-cash subsidies.,3.5
gemma4:26b,mehrnews,380498,https://t.me/mehrnews/380498,domestic_politics,,domestic_politics,neutral,neutral,The post reports on the Tehran municipality's progress in processing compensation and reconstruction for damages caused by the war.,6.1
gemma4:26b,mehrnews,373436,https://t.me/mehrnews/373436,other,,other,neutral,neutral,The post reports on a ceremony to honor the poet Saadi Shirazi with flowers.,3.4
gemma4:26b,mehrnews,394014,https://t.me/mehrnews/394014,mourning_commemoration,,mourning_commemoration,neutral,neutral,The post describes the atmosphere in Qom ahead of a funeral ceremony for a deceased person.,3.4
gemma4:26b,mehrnews,404417,https://t.me/mehrnews/404417,other,,other,neutral,neutral,The post is a factual report about crowds of pilgrims on Imam Reza Street.,3.2
gemma4:26b,mehrnews,357090,https://t.me/mehrnews/357090,diplomacy,military,diplomacy,threatening,threatening,The main statement is a political figure's warning/threat regarding the outcome of the war initiated by the US/Israel.,6.2
gemma4:26b,mehrnews,354833,https://t.me/mehrnews/354833,military,domestic_politics,military,neutral,neutral,"The post reports on the attack/violation of medical centers and hospitals, which falls under the military topic due to the context of the war involving Iran.",5.6
gemma4:26b,mehrnews,375451,https://t.me/mehrnews/375451,other,,other,neutral,neutral,"The post reports on a special program celebrating the birth of Imam Reza, which is a religious event.",3.4
gemma4:26b,mehrnews,378543,https://t.me/mehrnews/378543,mourning_commemoration,ideology_propaganda,ideology_propaganda,neutral,neutral,The post tells a story about a pilot martyr and the historical origin of using the Iranian flag as a shroud.,5.3
gemma4:26b,mehrnews,357920,https://t.me/mehrnews/357920,domestic_politics,,other,neutral,neutral,"The post reports on successful births in northern provinces during the first four days of the war, emphasizing life and hope.",2.9
gemma4:26b,mehrnews,377170,https://t.me/mehrnews/377170,diplomacy,,diplomacy,neutral,neutral,The post reports on a scheduled meeting between Iran's Foreign Minister and China's Foreign Minister.,3.4
gemma4:26b,mehrnews,383801,https://t.me/mehrnews/383801,other,,other,neutral,neutral,The post reports on a traffic accident involving two cars and the resulting injuries.,3.2
gemma4:26b,mehrnews,383949,https://t.me/mehrnews/383949,ideology_propaganda,,ideology_propaganda,neutral,neutral,The post reports on a pro-government motorcycle parade called 'Jan-fada' in Mashhad.,3.9
gemma4:26b,mehrnews,379683,https://t.me/mehrnews/379683,other,,other,neutral,neutral,"The post reports on the presentation of a flag to the national football team coach, which is a cultural/sports event.",4.7
gemma4:26b,mehrnews,403296,https://t.me/mehrnews/403296,domestic_politics,other,domestic_politics,neutral,neutral,The post reports on a localized landslide at a metro station in Qom being contained by authorities.,5.7
gemma4:26b,mehrnews,347818,https://t.me/mehrnews/347818,ideology_propaganda,,other,neutral,neutral,The post shares a religious anthem/song and does not contain news or a main statement regarding specific events.,4.4
gemma4:26b,mehrnews,396942,https://t.me/mehrnews/396942,military,,military,neutral,neutral,"The post reports on explosions and fires in Kuwait, which is a Gulf state involved in the ongoing war.",3.5
gemma4:26b,mehrnews,352988,https://t.me/mehrnews/352988,military,,military,triumphant,accusatory,The post reports on sirens in Israel caused by Iranian missile attacks and uses derogatory language to describe a media outlet.,3.9
gemma4:26b,mehrnews,397436,https://t.me/mehrnews/397436,foreign_affairs,,foreign_affairs,neutral,neutral,The post reports on a meeting between the foreign ministers of China and Pakistan regarding an international conference.,3.0
gemma4:26b,mehrnews,362508,https://t.me/mehrnews/362508,resistance_axis,,resistance_axis,neutral,neutral,"The post reports on Hezbollah's missile attack on an Israeli base, which falls under the resistance_axis topic.",3.6
gemma4:26b,mehrnews,351503,https://t.me/mehrnews/351503,resistance_axis,,resistance_axis,accusatory,accusatory,The post reports on statements by the leader of the Houthis (Ansarullah) accusing the USA of being a partner in Zionist crimes.,5.5
gemma4:26b,mehrnews,366305,https://t.me/mehrnews/366305,domestic_politics,,domestic_politics,accusatory,accusatory,The post reports on the arrest of individuals labeled as traitors to the homeland by the IRGC intelligence in Hormozgan.,4.3
gemma4:26b,mehrnews,363447,https://t.me/mehrnews/363447,military,,military,neutral,neutral,"The post reports on a military attack (US-Israeli strike) on residential areas in Tehran, which falls under the military topic due to the war context.",5.9
gemma4:26b,mehrnews,375792,https://t.me/mehrnews/375792,ideology_propaganda,domestic_politics,domestic_politics,neutral,neutral,The post reports on the head of the judiciary praising citizens for participating in a pro-government gathering.,4.1
gemma4:26b,mehrnews,398473,https://t.me/mehrnews/398473,military,,military,neutral,neutral,"The post reports on satellite imagery showing successful strikes on a US airbase in Jordan, which is part of the war involving Iran.",3.8
gemma4:26b,mehrnews,393172,https://t.me/mehrnews/393172,ideology_propaganda,mourning_commemoration,mourning_commemoration,triumphant,neutral,The post reports on a former Israeli official's statement regarding the strength of the Iranian regime as demonstrated by the funeral of the late Supreme Leader.,4.6
gemma4:31b,Tasnimnews,424439,https://t.me/Tasnimnews/424439,diplomacy,,diplomacy,neutral,neutral,The post describes the Iranian delegation's refusal to participate in a joint photo opportunity with the US delegation during negotiations in Geneva.,113.0
gemma4:31b,Tasnimnews,440045,https://t.me/Tasnimnews/440045,domestic_politics,,domestic_politics,neutral,neutral,The post describes the psychological trauma of children surviving the Shajareh Tayyebeh school strike and the lack of government support for their recovery.,33.5
gemma4:31b,Tasnimnews,400268,https://t.me/Tasnimnews/400268,ideology_propaganda,domestic_politics,ideology_propaganda,threatening,mobilizing,"The post describes a pro-government nightly rally ('قرار شبانه') in Firuzkuh where people are shouting slogans, which falls under promoting the system's values and mobilization.",30.8
gemma4:31b,Tasnimnews,389772,https://t.me/Tasnimnews/389772,mourning_commemoration,,mourning_commemoration,neutral,neutral,"The post is a tribute to a deceased military figure, focusing on his role as a missile engineer and showing a photo of him.",25.0
gemma4:31b,Tasnimnews,409301,https://t.me/Tasnimnews/409301,resistance_axis,,resistance_axis,neutral,neutral,"The post discusses Israel's military project to create a buffer zone in southern Lebanon, and since Iran is not the acting party, it falls under the resistance axis topic.",30.5
gemma4:31b,Tasnimnews,387209,https://t.me/Tasnimnews/387209,foreign_affairs,,foreign_affairs,neutral,neutral,"The post reports on a planned official visit of the Chinese President to the USA, with no involvement of Iran or the resistance axis.",2059.8
gemma4:31b,Tasnimnews,385717,https://t.me/Tasnimnews/385717,domestic_politics,economy,economy,neutral,neutral,"The post focuses on a member of the economic commission questioning the Minister of Industry, Mine and Trade about the implementation of urea barter trade to stabilize essential imports.",28.1
gemma4:31b,Tasnimnews,385217,https://t.me/Tasnimnews/385217,domestic_politics,,domestic_politics,accusatory,accusatory,"The post reports on a court trial regarding the death of a police colonel, labeling the defendants as 'rioters' and their actions as 'bloody crimes' before a final verdict is mentioned.",37.3
gemma4:31b,Tasnimnews,411339,https://t.me/Tasnimnews/411339,mourning_commemoration,,mourning_commemoration,neutral,neutral,"The post is a tribute to the late pilot Shiroudi on the anniversary of his martyrdom, focusing on his memory and images.",27.3
gemma4:31b,Tasnimnews,439631,https://t.me/Tasnimnews/439631,diplomacy,domestic_politics,diplomacy,neutral,neutral,"The main statement concerns the President's comments on a diplomatic agreement and the government's performance, focusing on foreign policy and internal administration.",31.7
gemma4:31b,Tasnimnews,408140,https://t.me/Tasnimnews/408140,other,,other,neutral,neutral,The post is about the FIFA president's statement regarding the Iranian national football team's participation in the World Cup.,24.1
gemma4:31b,Tasnimnews,415257,https://t.me/Tasnimnews/415257,diplomacy,,diplomacy,neutral,neutral,The post describes a diplomatic meeting between the Deputy Secretary of Iran's SNSC and the Secretary of Kyrgyzstan's National Security Council.,23.7
gemma4:31b,Tasnimnews,436718,https://t.me/Tasnimnews/436718,domestic_politics,diplomacy,diplomacy,neutral,neutral,The post focuses on the external pressures and sanctions faced by the current Iranian government (14th government) and the enemy's expectation of the country's collapse.,27.8
gemma4:31b,Tasnimnews,424689,https://t.me/Tasnimnews/424689,resistance_axis,,resistance_axis,neutral,neutral,The post reports on a military attack by Hezbollah (a resistance axis group) against an Israeli command center.,23.1
gemma4:31b,Tasnimnews,391479,https://t.me/Tasnimnews/391479,foreign_affairs,,mourning_commemoration,neutral,neutral,"The post describes the shooting and killing of people mourning the late Supreme Leader in Karachi, focusing on the death/martyrdom of the mourners.",25.7
gemma4:31b,Tasnimnews,438176,https://t.me/Tasnimnews/438176,resistance_axis,,resistance_axis,mobilizing,mobilizing,"The post features statements by Hezbollah's Secretary-General regarding the Lebanese government's failure and the need to rely on the resistance, focusing on Lebanon/Hezbollah without Iran as the acting party.",35.7
gemma4:31b,Tasnimnews,441571,https://t.me/Tasnimnews/441571,foreign_affairs,resistance_axis,resistance_axis,neutral,neutral,"The post reports on the actions and claims of an Israeli minister regarding Al-Aqsa Mosque, which falls under the resistance axis topic as it concerns the Palestinian territories.",29.8
gemma4:31b,Tasnimnews,386587,https://t.me/Tasnimnews/386587,ideology_propaganda,,ideology_propaganda,triumphant,triumphant,"The post focuses on the resilience of the Islamic Republic and the failure of enemies' conspiracies, promoting the system's strength.",25.2
gemma4:31b,Tasnimnews,387726,https://t.me/Tasnimnews/387726,ideology_propaganda,,diplomacy,accusatory,accusatory,"The post explicitly labels the US President and Netanyahu as 'real terrorists', which is a direct negative claim and condemnation.",21.0
gemma4:31b,Tasnimnews,415143,https://t.me/Tasnimnews/415143,military,,military,accusatory,neutral,"The post reports on the military involvement of Saudi Arabia and Kuwait in US/Israeli strikes in Iraq, which is part of the war involving Iran.",24.4
gemma4:31b,Tasnimnews,396631,https://t.me/Tasnimnews/396631,military,,military,triumphant,triumphant,The post reports on the IRGC's successful interception and destruction of five US and Israeli drones.,22.9
gemma4:31b,Tasnimnews,420787,https://t.me/Tasnimnews/420787,other,,other,neutral,neutral,"The post describes the cleaning and dusting of the dome of the shrine of Hazrat Abbas in preparation for Muharram, which is a religious/cultural activity.",26.5
gemma4:31b,Tasnimnews,410500,https://t.me/Tasnimnews/410500,diplomacy,,diplomacy,neutral,neutral,"The post analyzes Donald Trump's negotiation style and the current state of US-Iran relations/ceasefire talks, focusing on diplomatic behavior and distrust.",33.6
gemma4:31b,Tasnimnews,387118,https://t.me/Tasnimnews/387118,military,,military,neutral,neutral,The post discusses the deterrent nature of Iran's missile capabilities as viewed by US analysts.,18.3
gemma4:31b,Tasnimnews,440199,https://t.me/Tasnimnews/440199,economy,diplomacy,economy,neutral,neutral,"The post focuses on the Central Bank governor's response to US sanctions and the availability of foreign currency, which are core economic matters.",27.4
gemma4:31b,farsna,450860,https://t.me/farsna/450860,domestic_politics,,domestic_politics,neutral,neutral,"The post describes the coordination and unity between the executive, judicial, and legislative branches of the Iranian government.",23.1
gemma4:31b,farsna,426845,https://t.me/farsna/426845,diplomacy,foreign_affairs,military,neutral,neutral,The post reports on CNN's analysis of Donald Trump's contradictory statements regarding the Strait of Hormuz.,21.1
gemma4:31b,farsna,443732,https://t.me/farsna/443732,resistance_axis,,resistance_axis,neutral,neutral,"The post reports on Israeli attacks and casualties in Lebanon, which falls under the resistance axis topic.",19.3
gemma4:31b,farsna,453577,https://t.me/farsna/453577,military,,military,neutral,neutral,"The post reports on the destruction of drone hangars and fuel tanks at the Ali Al-Salem base, which is a military target in the context of the war.",26.0
gemma4:31b,farsna,418311,https://t.me/farsna/418311,military,,military,neutral,neutral,"The post reports on a missile strike against a target in Abu Dhabi, UAE, which is part of the war involving Iran.",23.0
gemma4:31b,farsna,449806,https://t.me/farsna/449806,economy,foreign_affairs,economy,accusatory,neutral,The post focuses on the Brazilian president's statements regarding the economic consequences of the war (food prices) and the US naval blockade (piracy).,26.0
gemma4:31b,farsna,408369,https://t.me/farsna/408369,domestic_politics,,economy,neutral,neutral,"The post focuses on the debt of Babak Zanjani and the judiciary's deadline for repayment, which is a matter of money and financial amounts.",24.1
gemma4:31b,farsna,431084,https://t.me/farsna/431084,ideology_propaganda,,ideology_propaganda,triumphant,triumphant,The post celebrates the 'victorious nation of Iran' and refers to the 'victory of the people' using evaluative language.,26.1
gemma4:31b,farsna,448815,https://t.me/farsna/448815,other,,other,neutral,neutral,"The post consists of poetic verses about returning from exile/estrangement, which lacks sufficient context to be classified into a specific political or military topic.",25.3
gemma4:31b,farsna,430121,https://t.me/farsna/430121,foreign_affairs,,foreign_affairs,neutral,neutral,"The post reports on a shooting incident in the USA involving university students, with no involvement of Iran or the resistance axis.",24.9
gemma4:31b,farsna,421766,https://t.me/farsna/421766,mourning_commemoration,,mourning_commemoration,neutral,neutral,The post describes a funeral procession for two martyrs in the city of Marand.,19.7
gemma4:31b,farsna,447376,https://t.me/farsna/447376,mourning_commemoration,,mourning_commemoration,neutral,neutral,The post provides the route for the funeral procession of the late Supreme Leader Ali Khamenei.,21.4
gemma4:31b,farsna,443069,https://t.me/farsna/443069,foreign_affairs,,foreign_affairs,neutral,neutral,The post reports on a statement by Trump's deputy regarding US weapons supplies to Israel and Israel's strategic situation.,22.9
gemma4:31b,farsna,440606,https://t.me/farsna/440606,military,,military,neutral,neutral,"The post reports on the Zionist regime's home front command advising citizens to stay near shelters, which is a military-related event in the context of the war involving Iran and Israel.",28.3
gemma4:31b,farsna,452509,https://t.me/farsna/452509,domestic_politics,,domestic_politics,neutral,neutral,The post is a factual report about the operational status of border gates for Arbaeen pilgrims.,20.6
gemma4:31b,farsna,414654,https://t.me/farsna/414654,foreign_affairs,military,military,accusatory,neutral,"The post discusses Mossad agents' activities in Gulf states and claims Israel intends to strike multiple countries in the region, which falls under the war involving Iran and the Gulf states.",28.6
gemma4:31b,farsna,412101,https://t.me/farsna/412101,domestic_politics,,domestic_politics,accusatory,accusatory,"The post reports on the arrest of monarchists by the IRGC, labeling them as 'terrorist' and 'elements' before a court verdict.",25.2
gemma4:31b,farsna,426266,https://t.me/farsna/426266,military,,military,neutral,neutral,"The post reports on the downing of a US jet in the Middle East, which falls under military events involving the US and Iran's sphere of conflict.",25.4
gemma4:31b,farsna,442395,https://t.me/farsna/442395,military,resistance_axis,military,threatening,threatening,"The post quotes IRGC commander Esmail Qaani claiming control over the Bab al-Mandab strait and suggesting other strategic points could be activated if necessary, which constitutes a threat of military action.",28.1
gemma4:31b,farsna,454547,https://t.me/farsna/454547,foreign_affairs,,foreign_affairs,neutral,neutral,"The post reports on Russian missile attacks on Kyiv, Ukraine, without Iranian involvement or connection to the resistance axis.",23.7
gemma4:31b,farsna,432280,https://t.me/farsna/432280,economy,,economy,neutral,neutral,The main statement focuses on the financial loss of US pension funds and the decline of financial markets due to the war.,506.3
gemma4:31b,farsna,416887,https://t.me/farsna/416887,military,diplomacy,military,accusatory,accusatory,The post reports on Trump's justification for an attack on Iranian infrastructure and includes his explicit claims that Iranians are 'the most evil people' and commit atrocities.,27.9
gemma4:31b,farsna,428494,https://t.me/farsna/428494,military,foreign_affairs,military,accusatory,neutral,The post quotes an American analyst discussing the closure of the Strait of Hormuz and the influence of Israel over the US government.,25.3
gemma4:31b,farsna,458129,https://t.me/farsna/458129,economy,,economy,neutral,neutral,The post focuses on the decrease of US strategic oil reserves and its impact on oil price control.,20.5
gemma4:31b,farsna,424058,https://t.me/farsna/424058,domestic_politics,,domestic_politics,neutral,neutral,The post is about a government ministry's decision to ban a sports team from traveling to Saudi Arabia due to security and political reasons.,25.7
gemma4:31b,iribnews,356242,https://t.me/iribnews/356242,domestic_politics,economy,economy,neutral,neutral,"The post discusses the import and logistics of explosives needed for the country's mines, which is a matter of trade and resource management.",25.7
gemma4:31b,iribnews,318585,https://t.me/iribnews/318585,military,,military,neutral,neutral,"The post reports on the number of missiles and drones fired by Iran and the scale of US military involvement, which are operational military details.",23.7
gemma4:31b,iribnews,329247,https://t.me/iribnews/329247,military,,military,triumphant,triumphant,The post reports on the downing of a US fighter jet by Iranian air defenses and mocks previous claims of US air superiority.,21.3
gemma4:31b,iribnews,339084,https://t.me/iribnews/339084,diplomacy,,diplomacy,neutral,neutral,The post is about Iran's foreign minister discussing the management and sovereignty of the Strait of Hormuz and consultations with Oman.,15.3
gemma4:31b,iribnews,320271,https://t.me/iribnews/320271,domestic_politics,,domestic_politics,neutral,neutral,The post provides health and safety instructions from the Red Crescent regarding toxic acid rain caused by fuel tank explosions.,15.3
gemma4:31b,iribnews,353675,https://t.me/iribnews/353675,economy,diplomacy,economy,threatening,neutral,"The post focuses on the US President's statements regarding revenue from Venezuelan oil and his intentions for Iranian oil, which is a matter of energy markets and money.",16.0
gemma4:31b,iribnews,313750,https://t.me/iribnews/313750,domestic_politics,,economy,neutral,neutral,The post is a factual announcement about the resumption of commercial flights to Istanbul and Najaf.,12.6
gemma4:31b,iribnews,350290,https://t.me/iribnews/350290,mourning_commemoration,,mourning_commemoration,neutral,neutral,The post describes the funeral procession and burial of the late Supreme Leader Ali Khamenei in Karbala.,13.2
gemma4:31b,iribnews,337487,https://t.me/iribnews/337487,economy,,economy,neutral,neutral,"The post discusses shipping disruptions in the Strait of Hormuz, oil exports, and the use of alternative ports in the UAE, focusing on market and trade developments.",17.3
gemma4:31b,iribnews,329525,https://t.me/iribnews/329525,other,economy,other,neutral,neutral,"The post reports on the number of tourists visiting West Azerbaijan province, which is a matter of culture and tourism.",13.0
gemma4:31b,iribnews,344063,https://t.me/iribnews/344063,other,,other,neutral,neutral,"The post describes the ritual cleaning of the dome of the shrine of Al-Abbas in preparation for the month of Muharram, which is a religious/cultural activity.",16.5
gemma4:31b,iribnews,329437,https://t.me/iribnews/329437,military,,military,triumphant,triumphant,The post reports on a military operation in Isfahan and uses evaluative language like 'heroic operation' and 'shameful defeat' of the US army to celebrate victory.,19.6
gemma4:31b,iribnews,357781,https://t.me/iribnews/357781,economy,,economy,neutral,neutral,"The post is a statement by the Minister of Industry, Mine and Trade regarding import and export levels, which concerns trade and markets.",14.0
gemma4:31b,iribnews,358956,https://t.me/iribnews/358956,foreign_affairs,,foreign_affairs,neutral,neutral,"The post reports on a weapons contract between Greece and Israel, which does not involve Iran or the resistance axis.",14.5
gemma4:31b,iribnews,347981,https://t.me/iribnews/347981,mourning_commemoration,,mourning_commemoration,neutral,neutral,The post is about the organization and scheduling of funeral and mourning ceremonies for the late Supreme Leader.,16.7
gemma4:31b,iribnews,315925,https://t.me/iribnews/315925,domestic_politics,,domestic_politics,neutral,neutral,"The post reports on a court sentence (five years imprisonment) for a person known as the 'football magician', which falls under domestic judicial actions.",15.5
gemma4:31b,iribnews,357169,https://t.me/iribnews/357169,other,,other,neutral,neutral,The post reports a factual event about an earthquake in Gilan province.,10.5
gemma4:31b,iribnews,335302,https://t.me/iribnews/335302,foreign_affairs,,foreign_affairs,neutral,neutral,The post reports a statement by the British Prime Minister regarding the UK's foreign policy and involvement in war.,13.3
gemma4:31b,iribnews,354020,https://t.me/iribnews/354020,domestic_politics,,domestic_politics,neutral,neutral,"The post is about the administrative process of passenger returns from the Arbaeen pilgrimage, which falls under public services/infrastructure.",15.0
gemma4:31b,iribnews,353086,https://t.me/iribnews/353086,diplomacy,,diplomacy,threatening,threatening,"The post focuses on Foreign Minister Araghchi's statements regarding US-Iran relations and the US government's strategy, and it explicitly warns that the US President will have to pay a 'heavier price' if he seeks a deal.",22.3
gemma4:31b,iribnews,352073,https://t.me/iribnews/352073,military,,military,neutral,neutral,"The post reports on sirens and shelter orders in Bahrain, which is a Gulf state involved in the war context described in the instructions.",14.6
gemma4:31b,iribnews,327680,https://t.me/iribnews/327680,military,foreign_affairs,military,neutral,neutral,"The post quotes Al Jazeera describing the US and Israeli actions as a war against humanity and a coordinated attack, using descriptive terms like 'genocide' and 'aggression' which are neutral per rule 8.",18.6
gemma4:31b,iribnews,333345,https://t.me/iribnews/333345,diplomacy,military,military,triumphant,triumphant,"The post discusses the failure of the US in the war against Iran and its inability to protect bases and allies, celebrating this as a defeat.",16.7
gemma4:31b,iribnews,349202,https://t.me/iribnews/349202,mourning_commemoration,,mourning_commemoration,neutral,neutral,"The post describes people attending the funeral prayer for the late Supreme Leader Ali Khamenei, focusing on the act of mourning and the deceased.",15.0
gemma4:31b,iribnews,329787,https://t.me/iribnews/329787,diplomacy,,diplomacy,neutral,neutral,"The post describes a formal letter from Iran's Atomic Energy Organization to the IAEA regarding attacks on the Bushehr nuclear plant, which falls under diplomacy/international relations.",25.5
gemma4:31b,irna_1313,390281,https://t.me/irna_1313/390281,other,,other,neutral,neutral,The post is a factual weather forecast provided by the meteorological organization.,13.8
gemma4:31b,irna_1313,418067,https://t.me/irna_1313/418067,economy,,economy,neutral,neutral,The post reports on the growth of the Tehran Stock Exchange index and specific market figures.,12.8
gemma4:31b,irna_1313,420907,https://t.me/irna_1313/420907,other,,other,neutral,neutral,"The post contains prayer times and a religious quote from Imam Jawad, which falls under general culture/religion.",12.8
gemma4:31b,irna_1313,389625,https://t.me/irna_1313/389625,domestic_politics,,domestic_politics,neutral,neutral,"The post discusses the Vice President's statements on family stability, education for parents, and the role of the constitution in family laws, which are internal government matters.",20.4
gemma4:31b,irna_1313,446034,https://t.me/irna_1313/446034,foreign_affairs,,foreign_affairs,neutral,neutral,"The post reports on a naval encounter between Turkey and Israel in the Mediterranean, with no involvement of Iran or the resistance axis.",15.2
gemma4:31b,irna_1313,415696,https://t.me/irna_1313/415696,other,,other,neutral,neutral,"The post is about fans entering a stadium for the 2026 World Cup opening ceremony, which is a sports event.",13.9
gemma4:31b,irna_1313,389097,https://t.me/irna_1313/389097,ideology_propaganda,,ideology_propaganda,neutral,neutral,The post describes people gathering for the 47th anniversary of the Islamic Revolution and discussing the need for national unity.,15.1
gemma4:31b,irna_1313,405007,https://t.me/irna_1313/405007,other,,other,neutral,neutral,"The post is a feature article commemorating World Red Cross and Red Crescent Day, focusing on the humanitarian work of the Red Crescent.",17.3
gemma4:31b,irna_1313,443511,https://t.me/irna_1313/443511,domestic_politics,,domestic_politics,neutral,neutral,The post is about President Pezeshkian's directive to government agencies to reduce gasoline consumption and the number of government vehicles.,16.3
gemma4:31b,irna_1313,443117,https://t.me/irna_1313/443117,domestic_politics,diplomacy,ideology_propaganda,mobilizing,mobilizing,The main statement is a call for writers and speakers to support officials and maintain unity to achieve future victories.,17.2
gemma4:31b,irna_1313,386139,https://t.me/irna_1313/386139,economy,,economy,neutral,neutral,"The post focuses on the decrease in exchange rates for the US dollar, Euro, and UAE dirham in the currency market.",17.4
gemma4:31b,irna_1313,421393,https://t.me/irna_1313/421393,other,,other,neutral,neutral,"The post contains prayer times and a religious quote from Imam Javad, which falls under general culture/religion.",13.1
gemma4:31b,irna_1313,404884,https://t.me/irna_1313/404884,other,,other,neutral,neutral,"The post is about the rescue and release of a wild cat in a national park, which falls under nature/science.",14.6
gemma4:31b,irna_1313,428159,https://t.me/irna_1313/428159,military,,military,neutral,neutral,"The post reports on enemy missile strikes hitting four areas in Bushehr, which falls under military events involving Iran and the US/Israel.",16.3
gemma4:31b,irna_1313,406101,https://t.me/irna_1313/406101,other,,other,neutral,neutral,"The post is an informative article about the difference between sadness and depression, which falls under health/science.",14.7
gemma4:31b,irna_1313,439115,https://t.me/irna_1313/439115,domestic_politics,,domestic_politics,neutral,neutral,"The post discusses government-provided healthcare services, free treatments for children, and insurance coverage for low-income groups.",16.1
gemma4:31b,irna_1313,426137,https://t.me/irna_1313/426137,mourning_commemoration,ideology_propaganda,mourning_commemoration,neutral,neutral,The post focuses on memories and tributes to the late Supreme Leader Ali Khamenei during his funeral/commemoration ceremonies.,15.8
gemma4:31b,irna_1313,412493,https://t.me/irna_1313/412493,resistance_axis,,resistance_axis,neutral,neutral,The post reports on a statement by a Hamas official regarding the failure of global efforts to stop Israeli killings in Gaza.,15.4
gemma4:31b,irna_1313,418220,https://t.me/irna_1313/418220,economy,diplomacy,economy,neutral,neutral,The post focuses on the Central Bank governor's efforts to increase bilateral trade and economic cooperation between Iran and Russia.,15.2
gemma4:31b,irna_1313,403042,https://t.me/irna_1313/403042,domestic_politics,,domestic_politics,neutral,neutral,"The post describes a visit by the Minister of Culture to a survivor of the Shajareh Tayyebeh school attack, which is a non-military activity by a government official.",18.1
gemma4:31b,irna_1313,429114,https://t.me/irna_1313/429114,domestic_politics,,domestic_politics,neutral,neutral,"The post reports on the arrest of individuals by the prosecutor's office for publishing private images, which is a matter of internal security and law enforcement.",16.2
gemma4:31b,irna_1313,435287,https://t.me/irna_1313/435287,domestic_politics,,other,neutral,neutral,The post is a factual announcement about a special flight for the Arbaeen pilgrimage from Ramsar to Najaf.,13.4
gemma4:31b,irna_1313,419716,https://t.me/irna_1313/419716,foreign_affairs,,military,neutral,neutral,The post reports on the German Defense Minister's statement blaming Donald Trump for the closure of the Strait of Hormuz.,14.3
gemma4:31b,irna_1313,398807,https://t.me/irna_1313/398807,mourning_commemoration,,mourning_commemoration,neutral,neutral,The post describes the 40th-day commemoration ceremony for the late Supreme Leader Ali Khamenei.,13.4
gemma4:31b,irna_1313,392722,https://t.me/irna_1313/392722,resistance_axis,,resistance_axis,neutral,neutral,The post reports on military clashes between Hezbollah (Lebanese resistance) and Israeli forces in the city of Khiam.,15.5
gemma4:31b,jamarannews,531595,https://t.me/jamarannews/531595,other,,other,neutral,neutral,The post is a factual report about a football match between Iran and Mali.,11.0
gemma4:31b,jamarannews,507221,https://t.me/jamarannews/507221,diplomacy,,diplomacy,neutral,neutral,"The post denies reports of a trip by the SNSC secretary to Oman, which concerns Iran's diplomatic relations/movements.",14.8
gemma4:31b,jamarannews,513999,https://t.me/jamarannews/513999,foreign_affairs,economy,economy,neutral,neutral,"The post reports on the US Congress's opposition to a budget request for the war against Iran, focusing on financial amounts and funding.",14.6
gemma4:31b,jamarannews,515975,https://t.me/jamarannews/515975,diplomacy,,diplomacy,neutral,threatening,"The post describes Iran's official diplomatic protest to the UN Security Council regarding the UAE's cooperation with attacks against Iran, and includes a warning about the right to self-defense.",18.1
gemma4:31b,jamarannews,511569,https://t.me/jamarannews/511569,military,,military,neutral,neutral,"The post describes the recovery of a child's body from rubble following US/Zionist missile strikes in Tehran, which falls under military events involving Iran.",15.9
gemma4:31b,jamarannews,522058,https://t.me/jamarannews/522058,foreign_affairs,,diplomacy,neutral,neutral,The post discusses a Foreign Policy article about the historical and current impact of Iran on US domestic politics and the Republican party.,22.9
gemma4:31b,jamarannews,523514,https://t.me/jamarannews/523514,economy,,economy,neutral,neutral,"The post discusses the impact of the Hormuz Strait closure on global oil trade, shipping traffic in the Panama Canal, and costs for tanker operators.",15.8
gemma4:31b,jamarannews,522334,https://t.me/jamarannews/522334,diplomacy,,diplomacy,neutral,neutral,The post reports on Donald Trump's claims regarding nuclear negotiations and a potential agreement with Iran.,14.0
gemma4:31b,jamarannews,538574,https://t.me/jamarannews/538574,mourning_commemoration,,mourning_commemoration,neutral,neutral,The post discusses the logistics and timing of the funeral procession for the late Supreme Leader Ali Khamenei.,15.1
gemma4:31b,jamarannews,528098,https://t.me/jamarannews/528098,resistance_axis,,resistance_axis,neutral,neutral,"The post reports on an Israeli airstrike in Gaza resulting in Palestinian casualties, which falls under the resistance_axis topic.",14.3
gemma4:31b,jamarannews,533201,https://t.me/jamarannews/533201,foreign_affairs,,diplomacy,neutral,neutral,The post reports on statements by the US Vice President regarding US-Israel relations and US interests concerning Iran.,14.3
gemma4:31b,jamarannews,532335,https://t.me/jamarannews/532335,military,,military,neutral,neutral,"The post reports on the movement of Israeli hospital activities underground due to the war, which falls under the 'military' topic as it relates to war events in Israel.",15.9
gemma4:31b,jamarannews,514081,https://t.me/jamarannews/514081,military,,military,accusatory,neutral,"The post is an official announcement from the Iranian Army regarding drone attacks on Israeli targets, which falls under military operations.",19.8
gemma4:31b,jamarannews,520315,https://t.me/jamarannews/520315,ideology_propaganda,domestic_politics,ideology_propaganda,neutral,neutral,The post describes a pro-government rally in Robat Karim to support fighters against the US and Israel.,14.2
gemma4:31b,jamarannews,528028,https://t.me/jamarannews/528028,military,,military,neutral,triumphant,The post discusses Iran's underground missile capabilities and their impact on US military strategies.,13.8
gemma4:31b,jamarannews,514167,https://t.me/jamarannews/514167,other,,other,neutral,neutral,The post is a factual announcement about the restoration of the Supreme Leader's official website.,12.5
gemma4:31b,jamarannews,545230,https://t.me/jamarannews/545230,mourning_commemoration,,mourning_commemoration,mournful,mournful,The post is a formal condolence message from the Minister of Culture to Ayatollah Hassan Khomeini regarding the death of a relative.,18.5
gemma4:31b,jamarannews,521052,https://t.me/jamarannews/521052,diplomacy,foreign_affairs,diplomacy,neutral,neutral,"The post reports on the US Secretary of State's decision to revoke the residency of the son of a former Iranian official, which concerns Iran's relations/disputes with a foreign state.",20.4
gemma4:31b,jamarannews,526132,https://t.me/jamarannews/526132,domestic_politics,,domestic_politics,threatening,neutral,The main statement is about the head of the judiciary discussing internal security (dealing with opportunists) and domestic economic pressures.,14.3
gemma4:31b,jamarannews,532737,https://t.me/jamarannews/532737,military,,military,neutral,neutral,"The post discusses the strategic military situation and the potential for Iranian missile attacks in response to strikes on Hezbollah, citing a New York Times report.",16.3
gemma4:31b,jamarannews,513889,https://t.me/jamarannews/513889,military,,military,neutral,neutral,"The post describes the impact of an Iranian missile strike on a refinery in Haifa and the subsequent Israeli military censorship, which falls under the 'military' topic as it concerns attacks and damage in Israel during the conflict.",20.5
gemma4:31b,jamarannews,528420,https://t.me/jamarannews/528420,other,,other,neutral,neutral,"The post is about a well-known artist being in the hospital and wishing him health, which falls under culture/media/health.",14.5
gemma4:31b,jamarannews,535244,https://t.me/jamarannews/535244,diplomacy,,diplomacy,mobilizing,mobilizing,The post focuses on President Pezeshkian's statements regarding negotiations and foreign policy positions.,14.9
gemma4:31b,jamarannews,521326,https://t.me/jamarannews/521326,resistance_axis,,resistance_axis,neutral,neutral,"The post reports on the Israeli army's inability to occupy centers in Bint Jbeil, Lebanon, and the ongoing clashes with Hezbollah.",16.4
gemma4:31b,jamarannews,539037,https://t.me/jamarannews/539037,economy,,economy,neutral,neutral,The post provides factual information about the charging of electronic food-coupon subsidies (kalabarg) and the specific amount of the subsidy.,14.2
gemma4:31b,mehrnews,380498,https://t.me/mehrnews/380498,domestic_politics,,domestic_politics,neutral,neutral,The post is about the Tehran municipality's actions regarding the repair of infrastructure and compensation for war damages within the city.,17.4
gemma4:31b,mehrnews,373436,https://t.me/mehrnews/373436,other,,other,neutral,neutral,"The post describes a flower-laying ceremony at the tomb of the poet Saadi Shirazi to commemorate his anniversary, which is a cultural event.",14.8
gemma4:31b,mehrnews,394014,https://t.me/mehrnews/394014,mourning_commemoration,,mourning_commemoration,neutral,neutral,The post describes the atmosphere in Qom ahead of the funeral procession for the late Supreme Leader (referred to as 'the martyr').,15.4
gemma4:31b,mehrnews,404417,https://t.me/mehrnews/404417,other,,other,neutral,neutral,"The post describes a crowd of pilgrims on Imam Reza Street, which is a cultural/religious activity.",12.1
gemma4:31b,mehrnews,357090,https://t.me/mehrnews/357090,diplomacy,military,military,threatening,threatening,"The main statement is a direct threat from the Parliament Speaker to Trump, stating that Iran will end the war started by the US.",30.9
gemma4:31b,mehrnews,354833,https://t.me/mehrnews/354833,military,domestic_politics,military,neutral,neutral,"The post reports on the number of medical centers and hospitals attacked, which falls under casualties and damage caused by attacks in the context of the war.",43650.7
gemma4:31b,mehrnews,375451,https://t.me/mehrnews/375451,other,,other,neutral,neutral,"The post describes a world champion athlete attending a celebratory program for the birth of Imam Reza, which falls under culture/sports/religious events.",15.8
gemma4:31b,mehrnews,378543,https://t.me/mehrnews/378543,mourning_commemoration,ideology_propaganda,mourning_commemoration,neutral,neutral,The post focuses on the story of a martyr's wish to be buried in the Iranian flag and the subsequent tradition of wrapping martyrs' coffins in the flag.,22.3
gemma4:31b,mehrnews,357920,https://t.me/mehrnews/357920,domestic_politics,,domestic_politics,neutral,neutral,"The post reports on health services (births) provided by the Ministry of Health during the war, focusing on domestic public service delivery.",14.8
gemma4:31b,mehrnews,377170,https://t.me/mehrnews/377170,diplomacy,,diplomacy,neutral,neutral,The post reports on a diplomatic meeting between Iran's Foreign Minister and China's top diplomat.,13.1
gemma4:31b,mehrnews,383801,https://t.me/mehrnews/383801,other,,other,neutral,neutral,The post reports on a traffic accident involving two cars and the resulting injuries.,10.8
gemma4:31b,mehrnews,383949,https://t.me/mehrnews/383949,ideology_propaganda,,ideology_propaganda,neutral,neutral,"The post describes a 'Jan-fada' motorcycle parade, which is a pro-government campaign/event promoting the system's ideology.",15.4
gemma4:31b,mehrnews,379683,https://t.me/mehrnews/379683,other,,other,neutral,neutral,"The post is about a head coach of the national football team receiving a flag from a mosque, which falls under culture/sports/general interest.",14.8
gemma4:31b,mehrnews,403296,https://t.me/mehrnews/403296,domestic_politics,other,domestic_politics,neutral,neutral,The post reports on a local infrastructure accident (sinkhole) and the government's response to secure the area in Qom.,15.4
gemma4:31b,mehrnews,347818,https://t.me/mehrnews/347818,ideology_propaganda,,ideology_propaganda,neutral,neutral,"The post shares a religious/revolutionary song for the occasion of Mid-Sha'ban, promoting the ideology of the Islamic Republic.",15.1
gemma4:31b,mehrnews,396942,https://t.me/mehrnews/396942,military,,military,neutral,neutral,"The post reports on explosions and fires in Kuwait, which is a Gulf state involved in the war context described in the instructions.",13.6
gemma4:31b,mehrnews,352988,https://t.me/mehrnews/352988,military,,military,triumphant,triumphant,"The post describes the effect of Iranian missile attacks on an Israeli TV station, celebrating the panic of the reporter.",13.5
gemma4:31b,mehrnews,397436,https://t.me/mehrnews/397436,foreign_affairs,,foreign_affairs,neutral,neutral,"The post reports on a meeting between the foreign ministers of China and Pakistan, with no involvement of Iran or the resistance axis.",14.4
gemma4:31b,mehrnews,362508,https://t.me/mehrnews/362508,resistance_axis,,resistance_axis,neutral,neutral,"The post reports on a missile attack by Hezbollah (a resistance axis group) against a target in Israel, and Iran is not the acting party.",15.8
gemma4:31b,mehrnews,351503,https://t.me/mehrnews/351503,resistance_axis,,resistance_axis,accusatory,accusatory,"The post focuses on statements by the leader of the Houthis (Ansar Allah) regarding the US and Israel, and Iran is not the acting party.",17.0
gemma4:31b,mehrnews,366305,https://t.me/mehrnews/366305,domestic_politics,,domestic_politics,accusatory,accusatory,"The post reports on the capture of individuals labeled as 'traitors to the homeland' by the IRGC intelligence in Hormozgan, which is an internal security matter.",17.2
gemma4:31b,mehrnews,363447,https://t.me/mehrnews/363447,military,,military,neutral,neutral,"The post reports on a missile/drone attack by the US and Israel on a residential building in Tehran, which falls under military events involving Iran.",15.1
gemma4:31b,mehrnews,375792,https://t.me/mehrnews/375792,ideology_propaganda,domestic_politics,domestic_politics,neutral,neutral,The post is about the head of the judiciary praising the people for participating in a public gathering/ceremony.,13.0
gemma4:31b,mehrnews,398473,https://t.me/mehrnews/398473,military,,military,neutral,neutral,"The post describes satellite imagery of strikes on a US airbase in Jordan, which is part of the war involving Iran.",13.3
gemma4:31b,mehrnews,393172,https://t.me/mehrnews/393172,ideology_propaganda,mourning_commemoration,mourning_commemoration,triumphant,triumphant,The post focuses on the funeral of the late Supreme Leader and the strength of the Iranian system as evidenced by the event.,16.7
qwen3.6:27b,Tasnimnews,424439,https://t.me/Tasnimnews/424439,diplomacy,,diplomacy,neutral,neutral,"The post reports on a diplomatic protocol dispute regarding a photo ceremony during US-Iran negotiations in Geneva, which falls under foreign relations and negotiations.",58.2
qwen3.6:27b,Tasnimnews,440045,https://t.me/Tasnimnews/440045,domestic_politics,,mourning_commemoration,neutral,mournful,"The post focuses on the psychological trauma of survivors and the lack of state support, expressing grief and sorrow regarding the aftermath of the school strike.",20.0
qwen3.6:27b,Tasnimnews,400268,https://t.me/Tasnimnews/400268,ideology_propaganda,domestic_politics,ideology_propaganda,threatening,mobilizing,"The post reports on a pro-government rally (nightly gathering) held in support of the armed forces, which constitutes a mobilizing tone due to the collective demonstration of support, and falls under ideology_propaganda as it promotes regime loyalty and revolutionary solidarity.",13.9
qwen3.6:27b,Tasnimnews,389772,https://t.me/Tasnimnews/389772,mourning_commemoration,,mourning_commemoration,neutral,neutral,"The post is a commemorative tribute featuring an image and description of a deceased military commander, focusing on remembrance rather than active military operations or ideology.",12.1
qwen3.6:27b,Tasnimnews,409301,https://t.me/Tasnimnews/409301,resistance_axis,,resistance_axis,neutral,neutral,"The post discusses Israeli military plans and operations in Lebanon, which falls under the resistance axis topic as it concerns Hezbollah/Lebanon and Iran is not the acting party.",11.5
qwen3.6:27b,Tasnimnews,387209,https://t.me/Tasnimnews/387209,foreign_affairs,,foreign_affairs,neutral,neutral,"The post reports on a diplomatic visit by the Chinese President to the US, which is an event between other countries with no direct involvement of Iran or the resistance axis.",11.1
qwen3.6:27b,Tasnimnews,385717,https://t.me/Tasnimnews/385717,domestic_politics,economy,domestic_politics,neutral,neutral,"The post discusses government decisions, bureaucratic delays, and administrative procedures regarding urea offset within the Ministry of Industry, Mine and Trade, which falls under domestic politics.",13.9
qwen3.6:27b,Tasnimnews,385217,https://t.me/Tasnimnews/385217,domestic_politics,,domestic_politics,accusatory,accusatory,"The post reports on a court hearing regarding the killing of a police officer during protests, using the state label 'rioters' to describe the perpetrators, which constitutes an accusatory tone towards political opponents/protesters without a final verdict.",15.8
qwen3.6:27b,Tasnimnews,411339,https://t.me/Tasnimnews/411339,mourning_commemoration,,mourning_commemoration,neutral,neutral,"The post commemorates the death anniversary of a specific individual (Shahid Shiroudi) with images and audio, focusing on remembrance rather than military operations or ideology.",12.3
qwen3.6:27b,Tasnimnews,439631,https://t.me/Tasnimnews/439631,diplomacy,domestic_politics,domestic_politics,neutral,neutral,"The post focuses on the President's defense of a diplomatic agreement against domestic criticism, which falls under internal government affairs and public discourse rather than international negotiations.",14.4
qwen3.6:27b,Tasnimnews,408140,https://t.me/Tasnimnews/408140,other,,other,neutral,neutral,"The post reports on a statement by the FIFA president regarding Iran's participation in the World Cup, which falls under sports.",10.1
qwen3.6:27b,Tasnimnews,415257,https://t.me/Tasnimnews/415257,diplomacy,,diplomacy,neutral,neutral,"The post reports on diplomatic meetings and consultations between Iranian and Kyrgyz security officials within the framework of the Shanghai Cooperation Organization, which falls under international relations and diplomacy.",11.2
qwen3.6:27b,Tasnimnews,436718,https://t.me/Tasnimnews/436718,domestic_politics,diplomacy,foreign_affairs,neutral,neutral,"The post reports on the President's statement regarding the intensity of external pressure and sanctions on Iran, which falls under foreign affairs as it concerns relations with foreign states and international organizations, and the tone is neutral as it is a factual report of a statement without explicit threats, accusations, or mobilizing calls.",15.1
qwen3.6:27b,Tasnimnews,424689,https://t.me/Tasnimnews/424689,resistance_axis,,resistance_axis,neutral,neutral,"The post reports on an attack by Hezbollah, which falls under the resistance_axis topic as Iran is not the acting party.",10.2
qwen3.6:27b,Tasnimnews,391479,https://t.me/Tasnimnews/391479,foreign_affairs,,mourning_commemoration,neutral,mournful,"The post reports on the killing of mourners by Pakistani security forces, focusing on the death and mourning aspect rather than military operations or diplomatic disputes.",11.4
qwen3.6:27b,Tasnimnews,438176,https://t.me/Tasnimnews/438176,resistance_axis,,resistance_axis,mobilizing,neutral,"The post focuses on statements by Hezbollah's secretary-general regarding Lebanon's political stance and reliance on the resistance axis, which falls under the resistance_axis topic, and the tone is neutral as it reports on political analysis without explicit threats, accusations, or mobilizing calls directed at the reader.",16.7
qwen3.6:27b,Tasnimnews,441571,https://t.me/Tasnimnews/441571,foreign_affairs,resistance_axis,foreign_affairs,neutral,neutral,"The post reports on an Israeli official's actions and statements in Jerusalem, which is an event in another country not involving Iran directly and not part of the resistance axis.",11.8
qwen3.6:27b,Tasnimnews,386587,https://t.me/Tasnimnews/386587,ideology_propaganda,,ideology_propaganda,triumphant,neutral,"The post focuses on the Minister of Sport's statements regarding the ideological resilience of the Islamic Republic and the neutralization of enemy plots through sports, which aligns with promoting the regime's ideology and values.",12.2
qwen3.6:27b,Tasnimnews,387726,https://t.me/Tasnimnews/387726,ideology_propaganda,,military,accusatory,accusatory,"The post explicitly labels US and Israeli leaders as terrorists and issues a direct command to them to stay out of Iran, fitting the accusatory tone definition regarding explicit negative claims and blame.",11.8
qwen3.6:27b,Tasnimnews,415143,https://t.me/Tasnimnews/415143,military,,military,accusatory,accusatory,"The post reports on military cooperation between Gulf states and the US/Israel in the war involving Iran, which falls under the 'military' topic definition, and uses the accusatory term 'aggression' (tajavoz) to blame these actors.",13.8
qwen3.6:27b,Tasnimnews,396631,https://t.me/Tasnimnews/396631,military,,military,triumphant,triumphant,"The post reports on the interception of enemy drones by Iran's armed forces, which falls under military operations and readiness.",12.8
qwen3.6:27b,Tasnimnews,420787,https://t.me/Tasnimnews/420787,other,,other,neutral,neutral,"The post announces the cleaning of a religious shrine in preparation for the Muharram mourning period, which is a factual report without explicit grief language or political mobilization.",10.9
qwen3.6:27b,Tasnimnews,410500,https://t.me/Tasnimnews/410500,diplomacy,,diplomacy,neutral,neutral,"The post analyzes Donald Trump's negotiation tactics and behavior during ceasefire talks, focusing on diplomatic strategy rather than military action or internal Iranian politics.",14.3
qwen3.6:27b,Tasnimnews,387118,https://t.me/Tasnimnews/387118,military,,military,neutral,neutral,"The post reports on American analysts' assessment of Iran's missile capabilities as a deterrent, which falls under military readiness and operational statements regarding armed forces.",9.8
qwen3.6:27b,Tasnimnews,440199,https://t.me/Tasnimnews/440199,economy,diplomacy,economy,neutral,neutral,"The post focuses on the Central Bank Governor's response to economic sanctions and currency supply, which falls under economy, and the tone is neutral as it reports on the official's dismissal of threats without using explicit mobilizing, triumphant, or accusatory language beyond standard descriptive terms.",16.8
qwen3.6:27b,farsna,450860,https://t.me/farsna/450860,domestic_politics,,domestic_politics,neutral,neutral,"The post focuses on the internal political coordination and unity among Iran's executive, judicial, and legislative branches, which falls under domestic politics, and the tone is neutral as it reports on this unity without explicit threats, accusations, mobilization calls, or celebratory language.",13.8
qwen3.6:27b,farsna,426845,https://t.me/farsna/426845,diplomacy,foreign_affairs,military,neutral,threatening,"The post highlights a contradictory statement by Trump regarding the Strait of Hormuz, specifically quoting his threat that 'hell will break loose' if the strait is not opened, which constitutes an explicit harmful consequence.",13.1
qwen3.6:27b,farsna,443732,https://t.me/farsna/443732,resistance_axis,,resistance_axis,neutral,neutral,"The post reports on casualties in Lebanon caused by Israeli strikes, which falls under the resistance_axis topic as it concerns events in Lebanon/Hezbollah where Iran is not the direct acting party, and the tone is neutral as it is a factual report without explicit grief language or accusations.",13.3
qwen3.6:27b,farsna,453577,https://t.me/farsna/453577,military,,military,neutral,neutral,"The post reports on military strikes destroying drone bases and fuel storage at a military airbase in Bahrain, which is classified as a military event involving Gulf states in the war.",11.4
qwen3.6:27b,farsna,418311,https://t.me/farsna/418311,military,,military,neutral,neutral,"The post reports on a missile strike on a military target in the UAE, which is classified as a military topic because Gulf states are considered directly involved in the war involving Iran, and the tone is neutral as it presents factual claims about the event without explicit evaluative or threatening language.",15.3
qwen3.6:27b,farsna,449806,https://t.me/farsna/449806,economy,foreign_affairs,economy,accusatory,accusatory,"The post focuses on the economic impact of the war on food prices and characterizes US actions as piracy, fitting the economy topic and accusatory tone.",12.1
qwen3.6:27b,farsna,408369,https://t.me/farsna/408369,domestic_politics,,domestic_politics,neutral,neutral,"The post discusses the judicial deadline for Babak Zanjani to repay a multi-billion dollar debt to the government, focusing on the legal process and the status of the debt repayment.",13.1
qwen3.6:27b,farsna,431084,https://t.me/farsna/431084,ideology_propaganda,,ideology_propaganda,triumphant,triumphant,"The post celebrates the victory of the Iranian people and references deceased leaders in a context of triumph, fitting the triumphant tone definition.",11.0
qwen3.6:27b,farsna,448815,https://t.me/farsna/448815,other,,other,neutral,neutral,"The post consists of poetic verses expressing longing and separation, which does not fit any specific political or military topic, and lacks any explicit tone indicators such as threats, accusations, or mobilization calls.",11.6
qwen3.6:27b,farsna,430121,https://t.me/farsna/430121,foreign_affairs,,foreign_affairs,neutral,neutral,"The post reports on a shooting incident in the USA involving civilians, with no involvement of Iran or the resistance axis, fitting the definition of foreign affairs.",13.4
qwen3.6:27b,farsna,421766,https://t.me/farsna/421766,mourning_commemoration,,mourning_commemoration,neutral,neutral,"The post reports on a funeral procession for two martyrs, which falls under mourning and commemoration, and the tone is neutral as it is a factual report without explicit grief language.",10.7
qwen3.6:27b,farsna,447376,https://t.me/farsna/447376,mourning_commemoration,,mourning_commemoration,neutral,neutral,"The post provides logistical information about the funeral procession route for the late Supreme Leader, which falls under mourning and commemoration.",10.6
qwen3.6:27b,farsna,443069,https://t.me/farsna/443069,foreign_affairs,,military,neutral,neutral,"The post reports on a statement by a US official regarding the origin of Israeli weapons and the nature of Israel's problems, which constitutes a military statement about armed forces and weapons in the context of the war involving Iran, the USA, and Israel.",14.3
qwen3.6:27b,farsna,440606,https://t.me/farsna/440606,military,,military,neutral,neutral,"The post reports on civil defense measures (shelters, avoiding gatherings) in Israel, which falls under war events in countries involved in the conflict with Iran, classified as military.",10.7
qwen3.6:27b,farsna,452509,https://t.me/farsna/452509,domestic_politics,,other,neutral,neutral,"The post reports on administrative changes to border gate directions for the Arbaeen pilgrimage, which is a logistical/traffic matter not covered by the specific political or military topics, thus falling under 'other'.",12.9
qwen3.6:27b,farsna,414654,https://t.me/farsna/414654,foreign_affairs,military,military,accusatory,neutral,"The post reports on the arrest of Mossad agents in Gulf states and analyzes their intent to bomb targets, which constitutes military activity within the war involving Iran, the USA, and Israel.",13.7
qwen3.6:27b,farsna,412101,https://t.me/farsna/412101,domestic_politics,,domestic_politics,accusatory,accusatory,"The post reports on the arrest of individuals labeled as monarchists and terrorists by state authorities, which falls under domestic politics and carries an accusatory tone due to the labeling of political opponents without a reported court verdict.",13.4
qwen3.6:27b,farsna,426266,https://t.me/farsna/426266,military,,military,neutral,neutral,"The post reports on a US military aircraft being shot down in the Middle East, which falls under war events involving the USA and Iran.",10.0
qwen3.6:27b,farsna,442395,https://t.me/farsna/442395,military,resistance_axis,military,threatening,neutral,"The post features a statement by an Iranian military commander (Qaani) regarding the strategic control of the Bab el-Mandeb strait and the potential activation of other military points, which falls under military readiness and operational statements.",12.5
qwen3.6:27b,farsna,454547,https://t.me/farsna/454547,foreign_affairs,,foreign_affairs,neutral,neutral,"The post reports on Russian military strikes on Kyiv, which is a conflict unrelated to the Iran-US-Israel war defined in the military topic, thus falling under foreign affairs.",11.3
qwen3.6:27b,farsna,432280,https://t.me/farsna/432280,economy,,economy,neutral,neutral,"The post reports on financial losses in US pension funds and market declines caused by the war, focusing on monetary amounts and market developments.",12.3
qwen3.6:27b,farsna,416887,https://t.me/farsna/416887,military,diplomacy,military,accusatory,neutral,"The post reports on Trump's refusal to confirm an attack and his derogatory remarks, which constitutes factual reporting of a diplomatic/military denial without explicit Iranian condemnation or threat in the text itself.",13.4
qwen3.6:27b,farsna,428494,https://t.me/farsna/428494,military,foreign_affairs,foreign_affairs,accusatory,neutral,"The post features an American analyst criticizing US policy and predicting continued Iranian resistance, which constitutes a statement about foreign affairs involving a third party's perspective on the conflict, rather than a direct military action or Iranian state statement.",1778.3
qwen3.6:27b,farsna,458129,https://t.me/farsna/458129,economy,,economy,neutral,neutral,"The post reports on the decline of US strategic petroleum reserves and their role in controlling oil price shocks, focusing on market mechanisms and energy data.",13.8
qwen3.6:27b,farsna,424058,https://t.me/farsna/424058,domestic_politics,,domestic_politics,neutral,neutral,"The post reports on a government decision by the Ministry of Sport to ban team travel for security reasons, which falls under domestic politics as it concerns internal state actions and regulations.",13.8
qwen3.6:27b,iribnews,356242,https://t.me/iribnews/356242,domestic_politics,economy,domestic_politics,neutral,neutral,"The post discusses the domestic industrial need for explosives in mines and the government's administrative measures to facilitate their import and clearance, which falls under internal state actions and public services.",14.5
qwen3.6:27b,iribnews,318585,https://t.me/iribnews/318585,military,,military,neutral,neutral,The post reports on military capabilities and troop/weapon deployment figures provided by US Central Command regarding the ongoing conflict.,22.3
qwen3.6:27b,iribnews,329247,https://t.me/iribnews/329247,military,,military,triumphant,neutral,"The post reports on US officials' claims of air superiority and Iran's subsequent military action (shooting down a fighter jet), which falls under military events involving Iran.",24.4
qwen3.6:27b,iribnews,339084,https://t.me/iribnews/339084,diplomacy,,diplomacy,neutral,neutral,"The post reports on the Foreign Minister's diplomatic stance regarding the management of the Strait of Hormuz and ongoing consultations with Oman, which falls under foreign relations and international negotiations.",24.9
qwen3.6:27b,iribnews,320271,https://t.me/iribnews/320271,domestic_politics,,domestic_politics,neutral,neutral,"The post provides health and safety instructions from the Red Crescent regarding toxic rain caused by fuel tank explosions, which falls under public services and disaster response.",25.9
qwen3.6:27b,iribnews,353675,https://t.me/iribnews/353675,economy,diplomacy,diplomacy,threatening,neutral,"The post reports on US President Trump's statement regarding oil revenues from Venezuela and his intention to apply a similar strategy to Iran, which constitutes a statement about foreign policy positions and international relations.",24.5
qwen3.6:27b,iribnews,313750,https://t.me/iribnews/313750,domestic_politics,,domestic_politics,neutral,neutral,"The post reports on the resumption of commercial flight schedules by Iran's national airline, which is a matter of public services and internal infrastructure management.",24.2
qwen3.6:27b,iribnews,350290,https://t.me/iribnews/350290,mourning_commemoration,,mourning_commemoration,neutral,neutral,"The post reports on the arrival of the late Supreme Leader's body in Karbala for burial, focusing on the funeral procession and interment.",23.9
qwen3.6:27b,iribnews,337487,https://t.me/iribnews/337487,economy,,economy,neutral,neutral,"The post discusses the economic impact of shipping disruptions, specifically focusing on trade routes, insurance costs, and port capacity challenges.",22.2
qwen3.6:27b,iribnews,329525,https://t.me/iribnews/329525,other,economy,other,neutral,neutral,"The post reports on tourism statistics in West Azerbaijan province, which falls under culture and general news rather than the specific political or military categories defined.",19.9
qwen3.6:27b,iribnews,344063,https://t.me/iribnews/344063,other,,other,neutral,neutral,"The post announces a ceremonial cleaning of a religious shrine in preparation for the holy month of Muharram, which is a cultural/religious event not covered by the specific political or military topics.",23.6
qwen3.6:27b,iribnews,329437,https://t.me/iribnews/329437,military,,military,triumphant,threatening,"The post features a military commander celebrating a victory over US forces and explicitly threatening future retaliation against invaders, which fits the 'military' topic and 'threatening' tone definitions.",27.6
qwen3.6:27b,iribnews,357781,https://t.me/iribnews/357781,economy,,economy,neutral,neutral,"The post reports on the status of imports and exports, which are core economic indicators related to trade volumes.",18.4
qwen3.6:27b,iribnews,358956,https://t.me/iribnews/358956,foreign_affairs,,military,neutral,neutral,"The post reports on a military arms deal between Israel and Greece, which are involved in the broader conflict context, classifying it as military rather than general foreign affairs.",22.7
qwen3.6:27b,iribnews,347981,https://t.me/iribnews/347981,mourning_commemoration,,mourning_commemoration,neutral,neutral,"The post details the logistical arrangements and committees for the funeral procession of the late Supreme Leader, which falls under mourning and commemoration.",23.3
qwen3.6:27b,iribnews,315925,https://t.me/iribnews/315925,domestic_politics,,domestic_politics,neutral,neutral,"The post reports on a court verdict sentencing a football figure to prison, which falls under domestic legal matters.",19.2
qwen3.6:27b,iribnews,357169,https://t.me/iribnews/357169,other,,other,neutral,neutral,"The post reports on an earthquake, which falls under natural events and accidents, classified as 'other'.",20.0
qwen3.6:27b,iribnews,335302,https://t.me/iribnews/335302,foreign_affairs,,foreign_affairs,neutral,neutral,"The post reports on a statement by the UK Prime Minister regarding foreign policy and avoiding war, which falls under events in other countries not involving Iran directly.",19.2
qwen3.6:27b,iribnews,354020,https://t.me/iribnews/354020,domestic_politics,,domestic_politics,neutral,neutral,"The post reports on administrative procedures for passenger registration during the Arbaeen pilgrimage, which falls under public services and government operations.",20.9
qwen3.6:27b,iribnews,353086,https://t.me/iribnews/353086,diplomacy,,diplomacy,threatening,accusatory,"The post features Iranian Foreign Minister Araghchi criticizing US policy and officials, which falls under Iran's foreign relations and diplomatic stance.",22.6
qwen3.6:27b,iribnews,352073,https://t.me/iribnews/352073,military,,military,neutral,neutral,"The post reports on air raid sirens and shelter alerts in Bahrain, which is classified as a military topic because Gulf states are considered directly involved in the war involving Iran, the USA, and Israel.",22.6
qwen3.6:27b,iribnews,327680,https://t.me/iribnews/327680,military,foreign_affairs,military,neutral,neutral,"The post reports on Al Jazeera's characterization of the war as a crime against humanity and genocide, which are classified as descriptive legal terms under the rules, resulting in a neutral tone.",23.2
qwen3.6:27b,iribnews,333345,https://t.me/iribnews/333345,diplomacy,military,military,triumphant,neutral,"The post reports on an analyst's assessment of the war's outcome, focusing on US failure and isolation, which falls under military events involving Iran, USA, and Israel.",26.6
qwen3.6:27b,iribnews,349202,https://t.me/iribnews/349202,mourning_commemoration,,mourning_commemoration,neutral,neutral,"The post describes a funeral ceremony and people paying their last respects to the deceased Supreme Leader, which falls under mourning and commemoration.",18.8
qwen3.6:27b,iribnews,329787,https://t.me/iribnews/329787,diplomacy,,diplomacy,neutral,neutral,"The post reports on a formal diplomatic letter from Iran's Atomic Energy Organization to the IAEA regarding the attack on the Bushehr nuclear plant, which falls under international relations and negotiations with international organizations.",37.0
qwen3.6:27b,irna_1313,390281,https://t.me/irna_1313/390281,other,,other,neutral,neutral,"The post reports on weather forecasts including rain and wind, which falls under the 'other' category for nature and weather.",21.2
qwen3.6:27b,irna_1313,418067,https://t.me/irna_1313/418067,economy,,economy,neutral,neutral,"The post reports on the performance and index growth of the Tehran Stock Exchange, which falls under market developments.",19.3
qwen3.6:27b,irna_1313,420907,https://t.me/irna_1313/420907,other,,other,neutral,neutral,"The post provides religious prayer times and a hadith, which falls under general cultural/religious information not covered by the specific political or military topics.",17.6
qwen3.6:27b,irna_1313,389625,https://t.me/irna_1313/389625,domestic_politics,,domestic_politics,neutral,neutral,"The post discusses government policy regarding family stability and social challenges, which falls under domestic politics.",21.3
qwen3.6:27b,irna_1313,446034,https://t.me/irna_1313/446034,foreign_affairs,,foreign_affairs,neutral,neutral,"The post reports on a naval incident between Turkey and Israel, which are not part of the Iran-US-Israel war axis defined in the military topic, making it a foreign affairs event; the tone is neutral as it reports the event factually without explicit threats, accusations, or emotional language.",27.3
qwen3.6:27b,irna_1313,415696,https://t.me/irna_1313/415696,other,,other,neutral,neutral,"The post describes fans entering a stadium for the World Cup opening ceremony, which falls under sports and culture.",14.3
qwen3.6:27b,irna_1313,389097,https://t.me/irna_1313/389097,ideology_propaganda,,ideology_propaganda,neutral,neutral,"The post describes a commemorative rally for the anniversary of the Islamic Revolution, focusing on the ideological theme of national unity and solidarity, which falls under ideology_propaganda.",22.5
qwen3.6:27b,irna_1313,405007,https://t.me/irna_1313/405007,other,,other,neutral,neutral,"The post is a feature article about the International Red Cross and Red Crescent Day, focusing on humanitarian aid workers rather than military, political, or economic matters.",23.5
qwen3.6:27b,irna_1313,443511,https://t.me/irna_1313/443511,domestic_politics,,domestic_politics,neutral,neutral,"The post reports on the President's directive for government agencies to reduce fuel consumption and vehicle usage, which constitutes an internal government decision and administrative action.",21.7
qwen3.6:27b,irna_1313,443117,https://t.me/irna_1313/443117,domestic_politics,diplomacy,domestic_politics,mobilizing,mobilizing,"The post features a military commander calling for unity and support for officials to achieve future victories, which constitutes a mobilizing tone, while the content focuses on internal social cohesion and political stance rather than specific military operations or foreign policy negotiations.",28.1
qwen3.6:27b,irna_1313,386139,https://t.me/irna_1313/386139,economy,,economy,neutral,neutral,"The post reports on the decline of exchange rates for major currencies in the integrated market, which falls under the economy topic, and presents this information factually without evaluative or emotional language.",25.6
qwen3.6:27b,irna_1313,421393,https://t.me/irna_1313/421393,other,,other,neutral,neutral,"The post provides religious prayer times and a hadith, which falls under general cultural/religious information not covered by the specific political or military topics.",19.9
qwen3.6:27b,irna_1313,404884,https://t.me/irna_1313/404884,other,,other,neutral,neutral,"The post reports on the release of a wild cat into a national park, which falls under nature and wildlife conservation.",16.2
qwen3.6:27b,irna_1313,428159,https://t.me/irna_1313/428159,military,,military,neutral,neutral,"The post reports on military strikes and missile impacts in Iran, which falls under the definition of military events involving Iran.",19.0
qwen3.6:27b,irna_1313,406101,https://t.me/irna_1313/406101,other,,other,neutral,neutral,"The post discusses mental health issues (grief vs. depression) and psychological well-being, which falls under the 'other' category as it is not related to politics, military, or economy.",23.0
qwen3.6:27b,irna_1313,439115,https://t.me/irna_1313/439115,domestic_politics,,domestic_politics,neutral,neutral,"The post details government-provided free healthcare services and insurance coverage for specific groups, which falls under public services and internal government decisions.",20.9
qwen3.6:27b,irna_1313,426137,https://t.me/irna_1313/426137,mourning_commemoration,ideology_propaganda,mourning_commemoration,neutral,neutral,"The post focuses on commemorative events and personal memories of the late Supreme Leader, fitting the mourning_commemoration topic, and uses standard revolutionary labels without explicit grief language, resulting in a neutral tone.",27.4
qwen3.6:27b,irna_1313,412493,https://t.me/irna_1313/412493,resistance_axis,,resistance_axis,neutral,neutral,"The post reports on statements by a Hamas official regarding the situation in Gaza, which falls under the resistance axis topic, and uses neutral reporting tone as it conveys claims without explicit threats, accusations against specific individuals in the text, or mobilizing calls.",25.7
qwen3.6:27b,irna_1313,418220,https://t.me/irna_1313/418220,economy,diplomacy,economy,neutral,neutral,"The post discusses trade volumes, bilateral trade goals, and economic cooperation between Iran and Russia, which falls under the economy topic.",21.4
qwen3.6:27b,irna_1313,403042,https://t.me/irna_1313/403042,domestic_politics,,domestic_politics,neutral,neutral,"The post reports on a meeting between the Minister of Culture and a survivor of the school attack, which is an internal government activity and social interaction rather than a military operation or mourning ceremony.",21.7
qwen3.6:27b,irna_1313,429114,https://t.me/irna_1313/429114,domestic_politics,,domestic_politics,neutral,neutral,"The post reports on the arrest of individuals by judicial authorities for violating privacy, which falls under internal security and legal matters.",16.1
qwen3.6:27b,irna_1313,435287,https://t.me/irna_1313/435287,domestic_politics,,other,neutral,neutral,"The post reports on the organization of a special flight for the Arbaeen pilgrimage, which falls under cultural/religious events and does not fit the specific political or military categories defined.",15.3
qwen3.6:27b,irna_1313,419716,https://t.me/irna_1313/419716,foreign_affairs,,foreign_affairs,neutral,neutral,"The post reports on a statement by the German Defense Minister regarding the Strait of Hormuz and US responsibility, which concerns events between other countries where Iran is not the acting party.",14.4
qwen3.6:27b,irna_1313,398807,https://t.me/irna_1313/398807,mourning_commemoration,,mourning_commemoration,neutral,neutral,"The post announces a mourning ceremony for the late Supreme Leader, focusing on the commemoration of his death.",11.9
qwen3.6:27b,irna_1313,392722,https://t.me/irna_1313/392722,resistance_axis,,resistance_axis,neutral,neutral,"The post reports on military clashes involving Hezbollah in Lebanon, which falls under the resistance_axis topic as Iran is not the acting party.",13.6
qwen3.6:27b,jamarannews,531595,https://t.me/jamarannews/531595,other,,other,neutral,neutral,"The post reports on a football match result, which falls under sports.",10.3
qwen3.6:27b,jamarannews,507221,https://t.me/jamarannews/507221,diplomacy,,diplomacy,neutral,neutral,"The post denies a rumor about a diplomatic trip by an Iranian official, focusing on foreign relations and international negotiations.",13.3
qwen3.6:27b,jamarannews,513999,https://t.me/jamarannews/513999,foreign_affairs,economy,foreign_affairs,neutral,neutral,"The post reports on internal US political opposition to military funding, which constitutes an event inside another country not directly involving Iran as an acting party in the statement itself, fitting the foreign_affairs category.",14.7
qwen3.6:27b,jamarannews,515975,https://t.me/jamarannews/515975,diplomacy,,diplomacy,neutral,neutral,"The post reports on Iran's diplomatic protest to the UN Security Council regarding UAE involvement in the war, which falls under diplomacy, and the tone is neutral as it states a reservation of rights without explicit threats, accusations, or mobilizing language.",18.3
qwen3.6:27b,jamarannews,511569,https://t.me/jamarannews/511569,military,,military,neutral,mournful,"The post reports on the aftermath of a military strike (US missiles) on Iranian soil, which falls under the definition of military events involving Iran.",14.4
qwen3.6:27b,jamarannews,522058,https://t.me/jamarannews/522058,foreign_affairs,,foreign_affairs,neutral,neutral,"The post discusses the potential impact of the war with Iran on US domestic politics and the MAGA coalition, focusing on historical parallels and political analysis rather than military operations or Iranian state actions.",25.4
qwen3.6:27b,jamarannews,523514,https://t.me/jamarannews/523514,economy,,economy,neutral,neutral,"The post reports on market disruptions, shipping delays, and financial costs related to oil trade routes, which falls under economic matters.",14.7
qwen3.6:27b,jamarannews,522334,https://t.me/jamarannews/522334,diplomacy,,diplomacy,neutral,neutral,The post reports on US President Trump's statements regarding nuclear negotiations and the potential for a diplomatic agreement with Iran.,12.1
qwen3.6:27b,jamarannews,538574,https://t.me/jamarannews/538574,mourning_commemoration,,mourning_commemoration,neutral,neutral,"The post details the logistical arrangements for the funeral and burial of the late Supreme Leader, which falls under mourning and commemoration.",12.6
qwen3.6:27b,jamarannews,528098,https://t.me/jamarannews/528098,resistance_axis,,resistance_axis,neutral,neutral,"The post reports on casualties in Gaza, which falls under the resistance axis topic, and uses neutral reporting language without explicit grief, accusation, or mobilization.",12.2
qwen3.6:27b,jamarannews,533201,https://t.me/jamarannews/533201,foreign_affairs,,foreign_affairs,neutral,neutral,"The post reports on statements by a US official regarding US-Israel relations and policy priorities, which constitutes an event between other countries with no direct involvement of Iran.",12.4
qwen3.6:27b,jamarannews,532335,https://t.me/jamarannews/532335,military,,military,neutral,neutral,"The post reports on the relocation of hospital activities in Israel due to the war, which falls under war events in Israel connected to the conflict involving Iran.",10.5
qwen3.6:27b,jamarannews,514081,https://t.me/jamarannews/514081,military,,military,accusatory,neutral,"The post reports on drone attacks by the Iranian Army against Israeli military and government targets, which falls under military operations involving Iran.",18.6
qwen3.6:27b,jamarannews,520315,https://t.me/jamarannews/520315,ideology_propaganda,domestic_politics,ideology_propaganda,neutral,mobilizing,"The post reports on a pro-government rally supporting the armed forces, which constitutes a collective commitment and call for support, fitting the mobilizing tone.",12.5
qwen3.6:27b,jamarannews,528028,https://t.me/jamarannews/528028,military,,military,neutral,neutral,"The post discusses Iran's underground missile capabilities and their impact on US military strategy, which falls under military topics.",13.8
qwen3.6:27b,jamarannews,514167,https://t.me/jamarannews/514167,other,,other,neutral,neutral,"The post announces the restoration of access to the Supreme Leader's official website, which is a factual administrative update without evaluative or emotional language.",13.8
qwen3.6:27b,jamarannews,545230,https://t.me/jamarannews/545230,mourning_commemoration,,mourning_commemoration,mournful,mournful,"The post reports on a condolence message sent by the Minister of Culture regarding the death of a specific individual, which fits the definition of mourning_commemoration, and uses explicit grief language ('sorrow', 'condolences') fitting the mournful tone.",22.0
qwen3.6:27b,jamarannews,521052,https://t.me/jamarannews/521052,diplomacy,foreign_affairs,diplomacy,neutral,neutral,"The post reports on a US official's decision regarding the deportation of an Iranian citizen, which falls under international relations and foreign policy disputes between states.",15.7
qwen3.6:27b,jamarannews,526132,https://t.me/jamarannews/526132,domestic_politics,,domestic_politics,threatening,neutral,"The post reports on the head of the judiciary's statements regarding internal security measures against exploiters and government actions to alleviate economic pressure, which falls under domestic politics.",13.7
qwen3.6:27b,jamarannews,532737,https://t.me/jamarannews/532737,military,,military,neutral,neutral,"The post reports on a New York Times analysis regarding the strategic stalemate and Israel's assessment of Iran's military confidence, which constitutes factual reporting without explicit threats, accusations, or mobilizing calls.",17.1
qwen3.6:27b,jamarannews,513889,https://t.me/jamarannews/513889,military,,military,neutral,triumphant,"The post reports on a military strike by Iran on an Israeli facility and the subsequent military censorship, which falls under war events involving Iran and Israel.",16.3
qwen3.6:27b,jamarannews,528420,https://t.me/jamarannews/528420,other,,other,neutral,neutral,"The post reports on the hospitalization of a cultural figure (actor Akbar Abdi) and expresses well-wishes, which falls under culture/media notices and does not fit the political or military categories.",15.1
qwen3.6:27b,jamarannews,535244,https://t.me/jamarannews/535244,diplomacy,,diplomacy,mobilizing,neutral,"The post reports on the President's statements regarding the conduct and outcomes of negotiations, which falls under diplomacy, and the tone is neutral as it describes the stance without explicit threats, accusations, or mobilizing calls.",18.2
qwen3.6:27b,jamarannews,521326,https://t.me/jamarannews/521326,resistance_axis,,resistance_axis,neutral,neutral,"The post reports on military clashes between the Israeli army and Hezbollah in Lebanon, which falls under the resistance_axis topic as it concerns Lebanon/Hezbollah and Iran is not the acting party.",14.9
qwen3.6:27b,jamarannews,539037,https://t.me/jamarannews/539037,economy,,domestic_politics,neutral,neutral,"The post announces the distribution schedule and amount of electronic food subsidies (Kalabarg), which falls under government decisions on internal public services and subsidies.",14.2
qwen3.6:27b,mehrnews,380498,https://t.me/mehrnews/380498,domestic_politics,,domestic_politics,neutral,neutral,"The post reports on municipal administrative actions regarding the repair of war-damaged infrastructure and compensation for citizens, which falls under domestic politics as it concerns government decisions and public services within Iran.",18.2
qwen3.6:27b,mehrnews,373436,https://t.me/mehrnews/373436,other,,other,neutral,neutral,"The post reports on a cultural ceremony honoring the poet Saadi Shirazi, which falls under culture and does not fit the specific political or military topics defined.",13.0
qwen3.6:27b,mehrnews,394014,https://t.me/mehrnews/394014,mourning_commemoration,,mourning_commemoration,neutral,neutral,"The post describes the atmosphere in Qom shortly before the funeral procession of the late Supreme Leader, focusing on the event of mourning and commemoration.",13.2
qwen3.6:27b,mehrnews,404417,https://t.me/mehrnews/404417,other,,other,neutral,neutral,"The post reports on a crowd of pilgrims at a religious site, which falls under culture/religion and does not fit the specific political or military topic definitions, resulting in 'other'; the tone is factual reporting without evaluative language.",15.9
qwen3.6:27b,mehrnews,357090,https://t.me/mehrnews/357090,diplomacy,military,military,threatening,neutral,"The post features a statement by an Iranian official regarding the conduct and conclusion of the war, asserting Iran's determination to end the conflict, which falls under military matters.",17.4
qwen3.6:27b,mehrnews,354833,https://t.me/mehrnews/354833,military,domestic_politics,military,neutral,neutral,"The post reports on damage to medical infrastructure caused by the ongoing war, which falls under military events in Iran.",11.3
qwen3.6:27b,mehrnews,375451,https://t.me/mehrnews/375451,other,,other,neutral,neutral,"The post reports on an actor's attendance at a religious celebration program, which falls under culture and does not fit the specific political or military topic definitions.",10.9
qwen3.6:27b,mehrnews,378543,https://t.me/mehrnews/378543,mourning_commemoration,ideology_propaganda,mourning_commemoration,neutral,neutral,"The post commemorates a specific deceased martyr (Ghafour Jady Ardabili) and the origin of the tradition of shrouding martyrs in the Iranian flag, focusing on remembrance and tribute.",21.4
qwen3.6:27b,mehrnews,357920,https://t.me/mehrnews/357920,domestic_politics,,military,neutral,triumphant,"The post reports on successful medical outcomes (births) during the war to illustrate resilience and hope, which constitutes a celebratory or triumphant tone regarding the continuity of life amidst conflict.",15.8
qwen3.6:27b,mehrnews,377170,https://t.me/mehrnews/377170,diplomacy,,diplomacy,neutral,neutral,"The post reports on a diplomatic meeting between the Iranian Foreign Minister and the Chinese Foreign Minister, which falls under international relations and negotiations.",12.1
qwen3.6:27b,mehrnews,383801,https://t.me/mehrnews/383801,other,,other,neutral,neutral,"The post reports on a traffic accident and the resulting injuries, which falls under accidents and does not fit the specific political or military categories.",12.4
qwen3.6:27b,mehrnews,383949,https://t.me/mehrnews/383949,ideology_propaganda,,ideology_propaganda,neutral,mobilizing,The post reports on a pro-government rally ('Janfeda' motorcade) which serves as a mobilizing event for support of the regime and armed forces during the war.,16.7
qwen3.6:27b,mehrnews,379683,https://t.me/mehrnews/379683,other,,other,neutral,neutral,"The post reports on a ceremonial event involving the national football team, which falls under sports and culture, not covered by the specific political or military topics.",12.5
qwen3.6:27b,mehrnews,403296,https://t.me/mehrnews/403296,domestic_politics,other,domestic_politics,neutral,neutral,"The post reports on the stabilization and repair of a localized subsidence incident at a metro construction site in Qom, which falls under infrastructure repair and disaster response by local authorities.",16.4
qwen3.6:27b,mehrnews,347818,https://t.me/mehrnews/347818,ideology_propaganda,,ideology_propaganda,neutral,neutral,"The post promotes religious-political slogans and revolutionary values associated with the Islamic Republic's ideology, specifically referencing the 'Fajr decade' style and the Mahdi.",15.6
qwen3.6:27b,mehrnews,396942,https://t.me/mehrnews/396942,military,,military,neutral,neutral,"The post reports on explosions and damage in Kuwait, a Gulf state involved in the conflict, which falls under the military topic definition.",12.6
qwen3.6:27b,mehrnews,352988,https://t.me/mehrnews/352988,military,,military,triumphant,neutral,"The post reports on the sound of sirens in Israel due to Iranian missile strikes, which classifies as war events in Israel connected to the conflict involving Iran, and uses standard hostile labels without explicit new accusations or threats.",17.8
qwen3.6:27b,mehrnews,397436,https://t.me/mehrnews/397436,foreign_affairs,,foreign_affairs,neutral,neutral,"The post reports on a diplomatic meeting between the foreign ministers of China and Pakistan, which falls under foreign affairs as it concerns events between other countries without direct Iranian involvement or connection to the resistance axis.",13.1
qwen3.6:27b,mehrnews,362508,https://t.me/mehrnews/362508,resistance_axis,,resistance_axis,neutral,neutral,"The post reports on a military attack by Hezbollah, which falls under the resistance axis topic as Iran is not the acting party.",13.7
qwen3.6:27b,mehrnews,351503,https://t.me/mehrnews/351503,resistance_axis,,resistance_axis,accusatory,neutral,"The post reports on statements by the leader of the Houthis (Yemen), which falls under the resistance_axis topic, and uses standard descriptive labels for the conflict without explicit accusatory rhetoric directed at a specific opponent in a way that overrides the neutral tone rule for such terms.",19.7
qwen3.6:27b,mehrnews,366305,https://t.me/mehrnews/366305,domestic_politics,,domestic_politics,accusatory,accusatory,"The post reports on the arrest of individuals labeled as traitors by state security forces, which constitutes an internal security matter and uses accusatory language ('traitors') against political opponents without a reported court verdict.",15.5
qwen3.6:27b,mehrnews,363447,https://t.me/mehrnews/363447,military,,military,neutral,accusatory,"The post reports on a military strike by US-Israeli forces on a residential building in Tehran, which falls under war events involving Iran and its adversaries.",14.9
qwen3.6:27b,mehrnews,375792,https://t.me/mehrnews/375792,ideology_propaganda,domestic_politics,domestic_politics,neutral,neutral,"The post reports on the head of the judiciary praising citizens for attending pro-government rallies, which falls under domestic politics as it concerns internal state actions and public order, and the tone is neutral as it is a factual report of an official statement without explicit mobilizing imperatives or triumphant evaluative language.",18.4
qwen3.6:27b,mehrnews,398473,https://t.me/mehrnews/398473,military,,military,neutral,neutral,"The post reports on satellite imagery showing damage to a US airbase in Jordan, which is classified as a military event in the context of the war involving Iran, the USA, and Israel.",14.1
qwen3.6:27b,mehrnews,393172,https://t.me/mehrnews/393172,ideology_propaganda,mourning_commemoration,mourning_commemoration,triumphant,neutral,"The post reports on a former Israeli official's statement praising the power of the Iranian system based on the funeral procession, which falls under mourning/commemoration events and is reported neutrally without explicit celebratory or threatening language from the source itself.",20.9
qwen3.6:35b,Tasnimnews,424439,https://t.me/Tasnimnews/424439,diplomacy,,diplomacy,neutral,neutral,"The post reports on diplomatic negotiations and procedural disagreements between Iranian and American delegations in Geneva, which falls under diplomacy.",23.8
qwen3.6:35b,Tasnimnews,440045,https://t.me/Tasnimnews/440045,domestic_politics,,mourning_commemoration,neutral,mournful,"The post describes the severe psychological trauma of a child survivor and her mother's struggle to access mental health care, focusing on grief and suffering without explicit political blame or calls to action.",7.9
qwen3.6:35b,Tasnimnews,400268,https://t.me/Tasnimnews/400268,ideology_propaganda,domestic_politics,ideology_propaganda,threatening,mobilizing,"The post reports on a pro-government rally ('night gathering') where participants chant slogans, which serves to mobilize support for the regime and armed forces.",4.4
qwen3.6:35b,Tasnimnews,389772,https://t.me/Tasnimnews/389772,mourning_commemoration,,mourning_commemoration,neutral,neutral,"The post is a commemorative tribute to a deceased military commander, focusing on his role and image as a martyr, which fits the mourning_commemoration topic; the tone is neutral as it lacks explicit grief language or evaluative celebration.",4.9
qwen3.6:35b,Tasnimnews,409301,https://t.me/Tasnimnews/409301,resistance_axis,,resistance_axis,neutral,neutral,"The post analyzes a military project ('Yellow Line') in Lebanon, which falls under the resistance_axis topic as it concerns events involving Hezbollah/Lebanon.",4.8
qwen3.6:35b,Tasnimnews,387209,https://t.me/Tasnimnews/387209,foreign_affairs,,foreign_affairs,neutral,neutral,"The post reports a factual announcement regarding an upcoming official visit by the Chinese President to the US, which falls under international relations.",5.3
qwen3.6:35b,Tasnimnews,385717,https://t.me/Tasnimnews/385717,domestic_politics,economy,economy,neutral,neutral,"The post discusses the delay in urea barter agreements and their impact on essential goods imports, which is a core economic issue regarding trade and supply chains.",5.1
qwen3.6:35b,Tasnimnews,385217,https://t.me/Tasnimnews/385217,domestic_politics,,domestic_politics,accusatory,accusatory,"The post reports on the trial of individuals accused of killing a police officer during protests, using accusatory language like 'rioters' and 'bloodshed crimes' to condemn the attackers without a final verdict being reported.",5.4
qwen3.6:35b,Tasnimnews,411339,https://t.me/Tasnimnews/411339,mourning_commemoration,,mourning_commemoration,neutral,neutral,"The post commemorates the death anniversary of a specific individual (Shiroudi) with images and audio, focusing on remembrance rather than political ideology or military action.",4.5
qwen3.6:35b,Tasnimnews,439631,https://t.me/Tasnimnews/439631,diplomacy,domestic_politics,domestic_politics,neutral,neutral,"The post reports on President Pezeshkian's speech regarding the government's efforts and criticism of opponents, which is a domestic political statement.",4.8
qwen3.6:35b,Tasnimnews,408140,https://t.me/Tasnimnews/408140,other,,other,neutral,neutral,"The post reports FIFA President's statement regarding Iran's participation in the World Cup, which is a sports event.",4.2
qwen3.6:35b,Tasnimnews,415257,https://t.me/Tasnimnews/415257,diplomacy,,foreign_affairs,neutral,neutral,"The post reports on a diplomatic meeting between Iranian and Kyrgyz officials regarding SCO events, which falls under foreign relations.",3.9
qwen3.6:35b,Tasnimnews,436718,https://t.me/Tasnimnews/436718,domestic_politics,diplomacy,economy,neutral,neutral,"The post reports on the President's statement regarding external pressure and sanctions, which is a factual account of government actions and economic conditions.",5.1
qwen3.6:35b,Tasnimnews,424689,https://t.me/Tasnimnews/424689,resistance_axis,,resistance_axis,neutral,neutral,"The post reports on an attack by Hezbollah, which falls under the resistance_axis topic, and uses neutral language to describe the event without explicit grief or triumph.",4.8
qwen3.6:35b,Tasnimnews,391479,https://t.me/Tasnimnews/391479,foreign_affairs,,mourning_commemoration,neutral,neutral,"The post reports on the killing of mourners by Pakistani security forces, focusing on the event of their death and martyrdom rather than diplomatic relations or military strategy.",4.6
qwen3.6:35b,Tasnimnews,438176,https://t.me/Tasnimnews/438176,resistance_axis,,resistance_axis,mobilizing,neutral,"The post reports on a statement by Hezbollah's Secretary-General regarding the war in Lebanon and calls for reliance on the 'axis of resistance', which falls under the resistance_axis topic.",4.8
qwen3.6:35b,Tasnimnews,441571,https://t.me/Tasnimnews/441571,foreign_affairs,resistance_axis,resistance_axis,neutral,neutral,"The post reports on a provocative action by an Israeli official at Al-Aqsa, which falls under the resistance axis topic as it concerns events in Gaza/Lebanon/Syria/Iraq contexts involving the conflict with Israel.",5.4
qwen3.6:35b,Tasnimnews,386587,https://t.me/Tasnimnews/386587,ideology_propaganda,,ideology_propaganda,triumphant,triumphant,"The post frames athletes' participation in sports as a successful counter to enemy plots and celebrates the enduring strength of the Islamic Republic, which aligns with triumphant tone and ideology_propaganda topic.",5.0
qwen3.6:35b,Tasnimnews,387726,https://t.me/Tasnimnews/387726,ideology_propaganda,,military,accusatory,accusatory,"The post explicitly labels the US President and Netanyahu as 'real terrorists' and uses aggressive language ('draw your own line'), which constitutes an explicit negative claim blaming them with criminal terms.",5.0
qwen3.6:35b,Tasnimnews,415143,https://t.me/Tasnimnews/415143,military,,military,accusatory,accusatory,"The post reports on the involvement of Saudi Arabia and Kuwait in the war against Iran, which falls under military events involving Gulf states.",5.1
qwen3.6:35b,Tasnimnews,396631,https://t.me/Tasnimnews/396631,military,,military,triumphant,neutral,"The post reports the interception and destruction of enemy drones by Iran's armed forces, which falls under military operations.",4.7
qwen3.6:35b,Tasnimnews,420787,https://t.me/Tasnimnews/420787,other,,mourning_commemoration,neutral,neutral,"The post describes the cleaning of a shrine in preparation for the month of Muharram, which is a religious ritual and commemoration activity.",4.5
qwen3.6:35b,Tasnimnews,410500,https://t.me/Tasnimnews/410500,diplomacy,,diplomacy,neutral,neutral,"The post analyzes Trump's negotiation tactics and the lack of trust in US-Iran relations, which falls under diplomacy; the tone is neutral as it offers analytical commentary without explicit threats, accusations, or calls to action.",5.3
qwen3.6:35b,Tasnimnews,387118,https://t.me/Tasnimnews/387118,military,,military,neutral,neutral,"The post reports on the analysis of American experts regarding Iran's missile capabilities, which falls under military topics.",4.0
qwen3.6:35b,Tasnimnews,440199,https://t.me/Tasnimnews/440199,economy,diplomacy,economy,neutral,neutral,"The post discusses the Central Bank Governor's response to economic sanctions and currency supply, focusing on financial stability and market capabilities.",4.9
qwen3.6:35b,farsna,450860,https://t.me/farsna/450860,domestic_politics,,ideology_propaganda,neutral,triumphant,"The post praises the unprecedented unity among Iran's executive, judicial, and legislative branches for pursuing national rights, which aligns with promoting regime cohesion and ideology.",5.6
qwen3.6:35b,farsna,426845,https://t.me/farsna/426845,diplomacy,foreign_affairs,foreign_affairs,neutral,neutral,"The post reports on contradictory statements by Trump regarding the Strait of Hormuz, which is a factual news item about foreign affairs and economic/strategic implications.",4.7
qwen3.6:35b,farsna,443732,https://t.me/farsna/443732,resistance_axis,,resistance_axis,neutral,neutral,"The post reports on casualties in Lebanon caused by Israeli attacks, which falls under the resistance_axis topic as it concerns events involving Hezbollah/Gaza/Palestinian groups/Iraqi militias/Syria/Houthis/Lebanon.",5.3
qwen3.6:35b,farsna,453577,https://t.me/farsna/453577,military,,military,neutral,neutral,"The post reports on military damage inflicted on US bases in Iraq, which falls under the definition of war events involving Iran and its allies.",4.5
qwen3.6:35b,farsna,418311,https://t.me/farsna/418311,military,,military,neutral,neutral,"The post reports on a missile strike in Abu Dhabi and the failure of Patriot defenses, which constitutes a military event involving Gulf states directly or indirectly involved in the war.",4.5
qwen3.6:35b,farsna,449806,https://t.me/farsna/449806,economy,foreign_affairs,economy,accusatory,neutral,"The post reports on Brazilian President's warning about food prices resulting from the war, which is a market/economic development.",4.3
qwen3.6:35b,farsna,408369,https://t.me/farsna/408369,domestic_politics,,domestic_politics,neutral,neutral,"The post reports on the status of Babak Zanjani's debt repayment deadline and the uncertainty surrounding its fate, which is a matter of legal proceedings and government/judicial action.",4.8
qwen3.6:35b,farsna,431084,https://t.me/farsna/431084,ideology_propaganda,,ideology_propaganda,triumphant,triumphant,"The post celebrates the 'victorious nation' and references a narrative of victory associated with martyrs, which fits the triumphant tone criteria.",4.9
qwen3.6:35b,farsna,448815,https://t.me/farsna/448815,other,,other,neutral,mournful,"The post contains poetic verses expressing longing and sorrow for a separated individual, which aligns with the mournful tone definition regarding expressions of grief or pain.",5.0
qwen3.6:35b,farsna,430121,https://t.me/farsna/430121,foreign_affairs,,foreign_affairs,neutral,neutral,"The post reports on a shooting incident in the United States, which is an event in another country with no direct involvement of Iran or the resistance axis.",4.5
qwen3.6:35b,farsna,421766,https://t.me/farsna/421766,mourning_commemoration,,mourning_commemoration,neutral,neutral,"The post reports on a public ceremony honoring two martyrs, which falls under the topic of mourning and commemoration.",4.4
qwen3.6:35b,farsna,447376,https://t.me/farsna/447376,mourning_commemoration,,mourning_commemoration,neutral,neutral,"The post provides logistical details regarding the funeral procession of the late Supreme Leader, which falls under mourning and commemoration.",4.1
qwen3.6:35b,farsna,443069,https://t.me/farsna/443069,foreign_affairs,,foreign_affairs,neutral,neutral,"The post reports a statement by the US Vice President regarding the origin of weapons used by Israel, which is factual reporting on international relations and military supply chains.",4.6
qwen3.6:35b,farsna,440606,https://t.me/farsna/440606,military,,military,neutral,neutral,"The post reports a directive from the Israeli Home Front Command regarding sheltering and avoiding gatherings, which is a factual report of military/civil defense measures in Israel related to the ongoing war.",4.7
qwen3.6:35b,farsna,452509,https://t.me/farsna/452509,domestic_politics,,domestic_politics,neutral,neutral,"The post reports on the operational adjustment of border gates for pilgrims, which is a factual announcement regarding public services and infrastructure management.",4.3
qwen3.6:35b,farsna,414654,https://t.me/farsna/414654,foreign_affairs,military,military,accusatory,accusatory,"The post claims that Israeli agents are secretly conducting bombing operations in Gulf states, explicitly accusing them of deception and aggression against their supposed allies.",5.4
qwen3.6:35b,farsna,412101,https://t.me/farsna/412101,domestic_politics,,domestic_politics,accusatory,accusatory,"The post reports the arrest of individuals labeled as 'monarchists' and 'terrorist elements' by IRGC sources, which fits the definition of accusatory tone regarding political opponents without a final court verdict.",5.2
qwen3.6:35b,farsna,426266,https://t.me/farsna/426266,military,,military,neutral,neutral,"The post reports on a US military aircraft being shot down in the Middle East, which falls under war events involving Iran's adversaries and is classified as military; the tone is neutral factual reporting.",5.1
qwen3.6:35b,farsna,442395,https://t.me/farsna/442395,military,resistance_axis,military,threatening,neutral,"The post discusses the strategic control of the Bab el-Mandeb strait by the 'resistance' and implies future operational capability, which falls under military cooperation within the context of the war involving Iran.",4.8
qwen3.6:35b,farsna,454547,https://t.me/farsna/454547,foreign_affairs,,foreign_affairs,neutral,neutral,"The post reports on Russian missile attacks in Kyiv, which are events inside another country with no direct involvement from Iran or the resistance axis.",4.2
qwen3.6:35b,farsna,432280,https://t.me/farsna/432280,economy,,economy,neutral,neutral,"The post reports on financial losses of US pension funds and market drops caused by the war, focusing on monetary amounts and market developments.",4.6
qwen3.6:35b,farsna,416887,https://t.me/farsna/416887,military,diplomacy,foreign_affairs,accusatory,accusatory,"The post reports on Trump's statements and explicitly condemns them using strong negative language ('insulting remarks', 'worst people on earth'), which fits the definition of accusatory tone.",5.9
qwen3.6:35b,farsna,428494,https://t.me/farsna/428494,military,foreign_affairs,military,accusatory,mobilizing,"The post quotes Alex Jones claiming that Iran will resist and not fall, which constitutes a 'we' statement of determination or collective commitment to stand firm.",4.6
qwen3.6:35b,farsna,458129,https://t.me/farsna/458129,economy,,economy,neutral,neutral,"The post reports on the depletion of US strategic oil reserves, focusing on specific quantities and market implications, which classifies as economy; the tone is factual reporting without explicit emotional or evaluative language.",4.9
qwen3.6:35b,farsna,424058,https://t.me/farsna/424058,domestic_politics,,domestic_politics,neutral,neutral,"The post reports a government decision by the Ministry of Sports to ban travel for sports teams to hostile countries, which falls under domestic politics as it concerns state authority acting within Iran.",4.8
qwen3.6:35b,iribnews,356242,https://t.me/iribnews/356242,domestic_politics,economy,domestic_politics,neutral,neutral,"The post reports on the Ministry of Defense's statement regarding the daily need for explosives for mines and the facilitation of their import, which concerns government decisions and internal infrastructure support.",5.3
qwen3.6:35b,iribnews,318585,https://t.me/iribnews/318585,military,,military,neutral,neutral,"The post reports factual data from US CENTCOM regarding the number of Iranian missiles and drones launched, which constitutes a neutral report on military operations.",4.9
qwen3.6:35b,iribnews,329247,https://t.me/iribnews/329247,military,,military,triumphant,neutral,"The post reports on US officials' claims regarding air superiority before an Iranian military action, which falls under the topic of armed force and military events.",4.2
qwen3.6:35b,iribnews,339084,https://t.me/iribnews/339084,diplomacy,,diplomacy,neutral,neutral,"The post reports on the Foreign Minister's statement regarding the management of the Strait of Hormuz and ongoing consultations with Oman, which constitutes a foreign-policy position and diplomatic engagement.",6.0
qwen3.6:35b,iribnews,320271,https://t.me/iribnews/320271,domestic_politics,,other,neutral,neutral,"The post provides safety instructions regarding toxic effects of fuel tank explosions, which falls under the 'other' topic as it concerns accidents and public safety rather than political or military events.",5.0
qwen3.6:35b,iribnews,353675,https://t.me/iribnews/353675,economy,diplomacy,economy,threatening,neutral,"The post reports on US actions and plans regarding oil revenues from Venezuela and Iran, which falls under the topic of economy due to the focus on money and markets.",4.6
qwen3.6:35b,iribnews,313750,https://t.me/iribnews/313750,domestic_politics,,domestic_politics,neutral,neutral,"The post announces the resumption of commercial flights, which is a factual report on public services and transportation logistics.",4.1
qwen3.6:35b,iribnews,350290,https://t.me/iribnews/350290,mourning_commemoration,,mourning_commemoration,neutral,neutral,"The post reports the arrival of the late Supreme Leader's body at the Imam Hussein shrine, which is a specific event related to mourning and commemoration.",4.9
qwen3.6:35b,iribnews,337487,https://t.me/iribnews/337487,economy,,economy,neutral,neutral,"The post discusses the disruption of trade routes, shipping lines, and oil exporters due to the Strait of Hormuz crisis, focusing on economic impacts like insurance costs and capacity challenges.",5.1
qwen3.6:35b,iribnews,329525,https://t.me/iribnews/329525,other,economy,other,neutral,neutral,"The post reports factual statistics about tourism numbers in West Azerbaijan province, which falls under culture and general information.",3.8
qwen3.6:35b,iribnews,344063,https://t.me/iribnews/344063,other,,ideology_propaganda,neutral,neutral,"The post announces a maintenance activity (washing the dome of a shrine) in preparation for the month of Muharram, which is a factual report about religious infrastructure and events.",5.9
qwen3.6:35b,iribnews,329437,https://t.me/iribnews/329437,military,,military,triumphant,triumphant,"The post explicitly celebrates the 'heroic operation' and 'certain victory' of Iranian forces while describing the enemy's defeat as 'humiliating', which fits the triumphant tone definition.",5.3
qwen3.6:35b,iribnews,357781,https://t.me/iribnews/357781,economy,,economy,neutral,neutral,"The post reports on trade statistics (imports and exports) stated by the Minister of Industry, Mine and Trade, which falls under economic indicators.",4.1
qwen3.6:35b,iribnews,358956,https://t.me/iribnews/358956,foreign_affairs,,economy,neutral,neutral,"The post reports on a specific financial transaction (a 3 billion euro arms deal) between Greece and Israel, focusing on the monetary value and trade agreement rather than military operations or diplomatic negotiations.",4.8
qwen3.6:35b,iribnews,347981,https://t.me/iribnews/347981,mourning_commemoration,,mourning_commemoration,neutral,neutral,"The post announces the schedule and organizational details for the funeral procession of the late Supreme Leader, which is a commemoration event.",4.9
qwen3.6:35b,iribnews,315925,https://t.me/iribnews/315925,domestic_politics,,domestic_politics,neutral,neutral,"The post reports on a court sentencing of an individual, which falls under the domain of judicial actions and internal security.",4.2
qwen3.6:35b,iribnews,357169,https://t.me/iribnews/357169,other,,other,neutral,neutral,The post reports a natural event (earthquake) without political or military context.,4.0
qwen3.6:35b,iribnews,335302,https://t.me/iribnews/335302,foreign_affairs,,foreign_affairs,neutral,neutral,"The post reports a statement by the UK Prime Minister regarding his country's foreign policy and stance on war, which falls under international relations.",5.0
qwen3.6:35b,iribnews,354020,https://t.me/iribnews/354020,domestic_politics,,domestic_politics,neutral,neutral,"The post announces a logistical improvement (online passenger status tracking) for the Arbaeen pilgrimage, which is an administrative service announcement rather than a political or ideological statement.",4.6
qwen3.6:35b,iribnews,353086,https://t.me/iribnews/353086,diplomacy,,diplomacy,threatening,threatening,"The post reports on the Foreign Minister's criticism of US policy and officials, which falls under diplomacy, and contains a warning that the US President will 'pay a heavy price' if he seeks a deal, which constitutes a threatening tone.",5.3
qwen3.6:35b,iribnews,352073,https://t.me/iribnews/352073,military,,military,neutral,neutral,"The post reports on the activation of air raid sirens and shelter instructions in Bahrain, which is a Gulf state directly involved in the war involving Iran; such events fall under the military topic definition.",4.6
qwen3.6:35b,iribnews,327680,https://t.me/iribnews/327680,military,foreign_affairs,military,neutral,neutral,"The post describes the US-Israel war as 'genocide' and 'aggression', but per rule 8, these are descriptive terms that do not constitute an accusatory tone on their own.",4.4
qwen3.6:35b,iribnews,333345,https://t.me/iribnews/333345,diplomacy,military,military,triumphant,triumphant,"The post explicitly states that the US failed in its war objectives and could not protect its bases, which constitutes a claim of enemy failure/humiliation.",350.7
qwen3.6:35b,iribnews,349202,https://t.me/iribnews/349202,mourning_commemoration,,mourning_commemoration,neutral,mournful,"The post describes a public mourning event (visiting the body of the deceased Supreme Leader) and uses language ('first and last meeting') that emphasizes grief and remembrance, fitting the mournful tone.",6.8
qwen3.6:35b,iribnews,329787,https://t.me/iribnews/329787,diplomacy,,diplomacy,neutral,neutral,"The post reports on a diplomatic letter from Iran's Atomic Energy Organization to the IAEA regarding an attack on the Bushehr nuclear plant, focusing on the formal complaint and legal arguments rather than military operations or threats.",7.8
qwen3.6:35b,irna_1313,390281,https://t.me/irna_1313/390281,other,,other,neutral,neutral,"The post is a weather forecast providing meteorological information, which falls under the 'other' topic category.",3.7
qwen3.6:35b,irna_1313,418067,https://t.me/irna_1313/418067,economy,,economy,neutral,neutral,"The post reports specific numerical data regarding the rise of the Tehran Stock Market index, which falls under the definition of economy.",3.7
qwen3.6:35b,irna_1313,420907,https://t.me/irna_1313/420907,other,,other,neutral,neutral,"The post provides religious prayer times and a quote, which falls under the 'other' category as it does not fit the specific political or social topics defined.",3.9
qwen3.6:35b,irna_1313,389625,https://t.me/irna_1313/389625,domestic_politics,,domestic_politics,neutral,neutral,"The post reports on a statement by a government official regarding family policies and social challenges, which falls under domestic governance.",4.4
qwen3.6:35b,irna_1313,446034,https://t.me/irna_1313/446034,foreign_affairs,,foreign_affairs,neutral,neutral,"The post reports on a geopolitical incident involving Turkey and Israel in the Mediterranean, which is an event between other countries with no direct involvement from Iran.",4.4
qwen3.6:35b,irna_1313,415696,https://t.me/irna_1313/415696,other,,other,neutral,neutral,"The post reports on fans entering a stadium for the World Cup opening ceremony, which falls under sports and culture.",4.2
qwen3.6:35b,irna_1313,389097,https://t.me/irna_1313/389097,ideology_propaganda,,ideology_propaganda,neutral,neutral,"The post reports on a pro-government rally commemorating the anniversary of the Islamic Revolution, which aligns with the definition of ideology_propaganda.",4.5
qwen3.6:35b,irna_1313,405007,https://t.me/irna_1313/405007,other,,other,neutral,neutral,"The post commemorates the Red Crescent and Red Cross Day, focusing on the humanitarian work of volunteers during crises without using mournful or triumphant language.",4.4
qwen3.6:35b,irna_1313,443511,https://t.me/irna_1313/443511,domestic_politics,,domestic_politics,neutral,neutral,"The post reports on the President's directive to government officials to reduce fuel consumption and cut back on official vehicles, which is a government decision regarding internal resource management.",4.0
qwen3.6:35b,irna_1313,443117,https://t.me/irna_1313/443117,domestic_politics,diplomacy,ideology_propaganda,mobilizing,mobilizing,"The post contains a direct call to 'all podium holders and pen-wielders' to support officials and preserve unity, which fits the definition of mobilizing tone.",4.7
qwen3.6:35b,irna_1313,386139,https://t.me/irna_1313/386139,economy,,economy,neutral,neutral,"The post reports specific exchange rate changes for major currencies, which falls under the definition of economy.",4.2
qwen3.6:35b,irna_1313,421393,https://t.me/irna_1313/421393,other,,other,neutral,neutral,"The post provides religious prayer times and a quote from Imam Jawad, which falls under the 'other' category as it is not primarily about politics, economy, or military events.",4.1
qwen3.6:35b,irna_1313,404884,https://t.me/irna_1313/404884,other,,other,neutral,neutral,"The post reports on the successful capture and release of a wild cat in a national park, which falls under nature/wildlife conservation.",4.1
qwen3.6:35b,irna_1313,428159,https://t.me/irna_1313/428159,military,,military,neutral,neutral,"The post reports on enemy missile strikes hitting specific locations in Bushehr, which falls under the definition of military events involving attacks and damage.",5.2
qwen3.6:35b,irna_1313,406101,https://t.me/irna_1313/406101,other,,other,neutral,neutral,"The post provides general health information about distinguishing between grief and depression, which falls under science/health rather than political or military topics.",4.3
qwen3.6:35b,irna_1313,439115,https://t.me/irna_1313/439115,domestic_politics,,domestic_politics,neutral,neutral,"The post reports on government-provided free healthcare services and insurance coverage for specific groups, which falls under public services and internal government actions.",4.5
qwen3.6:35b,irna_1313,426137,https://t.me/irna_1313/426137,mourning_commemoration,ideology_propaganda,mourning_commemoration,neutral,neutral,"The post reports on a commemorative event and shares anecdotes about the late Supreme Leader during his funeral ceremonies, focusing on remembrance rather than political action or ideology.",4.3
qwen3.6:35b,irna_1313,412493,https://t.me/irna_1313/412493,resistance_axis,,resistance_axis,neutral,neutral,"The post reports on Hamas's statement regarding the failure of international efforts to stop killings in Gaza, which falls under the resistance_axis topic; the tone is neutral as it describes a political assessment without explicit grief, threats, or mobilization calls.",4.8
qwen3.6:35b,irna_1313,418220,https://t.me/irna_1313/418220,economy,diplomacy,economy,neutral,neutral,"The post reports on statements by the Central Bank Governor regarding trade volumes and economic cooperation with Russia, which falls under economy.",3.8
qwen3.6:35b,irna_1313,403042,https://t.me/irna_1313/403042,domestic_politics,,domestic_politics,neutral,neutral,"The post reports on a meeting between the Minister of Culture and a war veteran, which is an official government activity regarding internal social or welfare matters.",4.9
qwen3.6:35b,irna_1313,429114,https://t.me/irna_1313/429114,domestic_politics,,domestic_politics,neutral,neutral,"The post reports on the arrest of individuals by prosecutors for violating public decency, which falls under domestic politics and internal security.",4.5
qwen3.6:35b,irna_1313,435287,https://t.me/irna_1313/435287,domestic_politics,,domestic_politics,neutral,neutral,"The post reports on the arrangement of a special flight for the Arbaeen pilgrimage, which is a public service announcement regarding religious travel logistics.",4.5
qwen3.6:35b,irna_1313,419716,https://t.me/irna_1313/419716,foreign_affairs,,foreign_affairs,neutral,neutral,"The post reports on the German Defense Minister's statement blaming Trump for the Strait of Hormuz closure, which is a factual report of a foreign official's comment rather than an explicit threat or accusation by Iran.",5.1
qwen3.6:35b,irna_1313,398807,https://t.me/irna_1313/398807,mourning_commemoration,,mourning_commemoration,neutral,neutral,"The post announces a ceremony for the 40th day of the martyrdom of the late Supreme Leader, which falls under mourning and commemoration.",3.9
qwen3.6:35b,irna_1313,392722,https://t.me/irna_1313/392722,resistance_axis,,resistance_axis,neutral,neutral,"The post reports on direct combat between Lebanese resistance forces and Israeli soldiers in Khayyam, which falls under the resistance_axis topic as it concerns Hezbollah/Lebanon without Iran being the acting party.",4.8
qwen3.6:35b,jamarannews,531595,https://t.me/jamarannews/531595,other,,other,neutral,neutral,"The post reports on a football match score, which falls under the sports category.",3.4
qwen3.6:35b,jamarannews,507221,https://t.me/jamarannews/507221,diplomacy,,foreign_affairs,neutral,neutral,"The post explicitly denies the accuracy of a report regarding Ali Larijani's travel to Muscat, which is a matter of foreign relations and diplomatic movements.",4.5
qwen3.6:35b,jamarannews,513999,https://t.me/jamarannews/513999,foreign_affairs,economy,foreign_affairs,neutral,neutral,"The post reports on the US Congress's opposition to a Pentagon budget request, which is an event inside another country with no direct involvement from Iran.",4.0
qwen3.6:35b,jamarannews,515975,https://t.me/jamarannews/515975,diplomacy,,diplomacy,neutral,threatening,"The post reports Iran's diplomatic protest to the UN Security Council regarding the UAE, which falls under diplomacy, and includes a statement reserving the right to self-defense, which constitutes a threat of retaliation.",5.7
qwen3.6:35b,jamarannews,511569,https://t.me/jamarannews/511569,military,,military,neutral,neutral,"The post reports on the death of a child due to missile strikes, focusing on the tragic imagery and the event itself rather than mourning rituals or political blame.",4.1
qwen3.6:35b,jamarannews,522058,https://t.me/jamarannews/522058,foreign_affairs,,foreign_affairs,neutral,accusatory,"The post analyzes a Foreign Policy article arguing that war with Iran could destroy the MAGA coalition, using historical parallels to suggest a negative outcome for US Republicans, which fits the accusatory tone of blaming or condemning an opponent's vulnerability.",7.4
qwen3.6:35b,jamarannews,523514,https://t.me/jamarannews/523514,economy,,economy,neutral,neutral,"The post reports on market disruptions, shipping delays in the Panama Canal, and oil trade shifts caused by the Strait of Hormuz closure, which are core economic topics.",4.9
qwen3.6:35b,jamarannews,522334,https://t.me/jamarannews/522334,diplomacy,,diplomacy,neutral,neutral,"The post reports on Trump's claims regarding nuclear negotiations and potential agreements, which falls under diplomacy.",5.3
qwen3.6:35b,jamarannews,538574,https://t.me/jamarannews/538574,mourning_commemoration,,mourning_commemoration,neutral,neutral,"The post provides logistical details regarding the funeral procession and burial of the late Supreme Leader, which falls under mourning and commemoration.",4.2
qwen3.6:35b,jamarannews,528098,https://t.me/jamarannews/528098,resistance_axis,,resistance_axis,neutral,neutral,"The post reports on casualties from an attack in Gaza, which falls under the resistance_axis topic, and uses the standard term 'martyr' without explicit grief language or other qualifying tones.",4.0
qwen3.6:35b,jamarannews,533201,https://t.me/jamarannews/533201,foreign_affairs,,foreign_affairs,neutral,neutral,"The post reports on statements by the US Vice President regarding diplomatic relations and interests with Iran, Israel, and the USA, which falls under foreign affairs.",4.7
qwen3.6:35b,jamarannews,532335,https://t.me/jamarannews/532335,military,,military,neutral,neutral,"The post reports a factual development regarding the relocation of hospital services in Israel, which falls under war events involving the resistance axis.",3.4
qwen3.6:35b,jamarannews,514081,https://t.me/jamarannews/514081,military,,military,accusatory,neutral,"The post reports on military strikes by the Iranian army against Israeli targets, which falls under the military topic definition.",4.7
qwen3.6:35b,jamarannews,520315,https://t.me/jamarannews/520315,ideology_propaganda,domestic_politics,domestic_politics,neutral,neutral,"The post reports on a pro-government rally ('social gathering') supporting the armed forces against the enemy, which is a factual announcement of a domestic event without explicit mobilizing imperatives or mournful language.",4.7
qwen3.6:35b,jamarannews,528028,https://t.me/jamarannews/528028,military,,military,neutral,neutral,"The post reports on US intelligence assessments regarding Iran's underground missile capabilities, which falls under military readiness and armed force topics.",4.6
qwen3.6:35b,jamarannews,514167,https://t.me/jamarannews/514167,other,,domestic_politics,neutral,neutral,"The post announces the restoration of access to a website and lists available services, which is factual reporting without emotional or political tone.",3.8
qwen3.6:35b,jamarannews,545230,https://t.me/jamarannews/545230,mourning_commemoration,,mourning_commemoration,mournful,mournful,"The post is a condolence message regarding the death of an individual, which falls under mourning and remembrance.",3.8
qwen3.6:35b,jamarannews,521052,https://t.me/jamarannews/521052,diplomacy,foreign_affairs,diplomacy,neutral,neutral,"The post reports on a US official revoking a visa and detaining an Iranian national, which is a diplomatic action involving Iran's relations with the USA.",5.3
qwen3.6:35b,jamarannews,526132,https://t.me/jamarannews/526132,domestic_politics,,domestic_politics,threatening,neutral,"The post focuses on the judiciary's stance against economic exploitation and the government's need to alleviate living costs, which falls under domestic politics; the tone is neutral as it reports official statements without explicit threats, accusations, or mobilization calls.",4.9
qwen3.6:35b,jamarannews,532737,https://t.me/jamarannews/532737,military,,military,neutral,neutral,"The post reports on a New York Times analysis of the military balance and Iran's deterrent capability, which is factual reporting without explicit threats, accusations, or emotional language.",4.0
qwen3.6:35b,jamarannews,513889,https://t.me/jamarannews/513889,military,,military,neutral,neutral,"The post reports on Israeli military censorship regarding images of a refinery fire caused by an Iranian missile strike, which is a detail of the ongoing war involving Iran.",4.2
qwen3.6:35b,jamarannews,528420,https://t.me/jamarannews/528420,other,,other,neutral,neutral,"The post reports on a celebrity's hospitalization and offers well-wishes, which falls under culture/other news without fitting specific political or emotional tone categories.",4.7
qwen3.6:35b,jamarannews,535244,https://t.me/jamarannews/535244,diplomacy,,diplomacy,mobilizing,neutral,"The post reports on President Pezeshkian's statements regarding ongoing nuclear negotiations with foreign states, which falls under diplomacy; the tone is neutral as it describes the government's stance without explicit threats, accusations, or calls to action.",4.9
qwen3.6:35b,jamarannews,521326,https://t.me/jamarannews/521326,resistance_axis,,military,neutral,neutral,"The post reports on the status of military operations in Lebanon, specifically Israel's failure to occupy Bint Jbeil, which falls under war events involving the resistance axis.",3.9
qwen3.6:35b,jamarannews,539037,https://t.me/jamarannews/539037,economy,,economy,neutral,neutral,"The post announces the recharge of electronic food-coupon subsidies for specific national ID groups, which concerns government financial support and market mechanisms.",3.8
qwen3.6:35b,mehrnews,380498,https://t.me/mehrnews/380498,domestic_politics,,domestic_politics,neutral,neutral,"The post reports on the status of compensation and reconstruction efforts for war damages in Tehran, which falls under government actions regarding internal infrastructure and public services.",5.5
qwen3.6:35b,mehrnews,373436,https://t.me/mehrnews/373436,other,,other,neutral,neutral,"The post reports on a cultural ceremony honoring the poet Saadi Shirazi, which falls under culture and does not fit any specific political or emotional tone categories.",3.7
qwen3.6:35b,mehrnews,394014,https://t.me/mehrnews/394014,mourning_commemoration,,mourning_commemoration,neutral,neutral,"The post describes the atmosphere surrounding the funeral procession of the late Supreme Leader, focusing on mourning and remembrance.",3.2
qwen3.6:35b,mehrnews,404417,https://t.me/mehrnews/404417,other,,other,neutral,neutral,"The post describes a crowd of pilgrims in a street, which is a factual report of a religious gathering without specific ideological, mourning, or political content.",4.1
qwen3.6:35b,mehrnews,357090,https://t.me/mehrnews/357090,diplomacy,military,military,threatening,mobilizing,"The post contains a direct statement by the Parliament Speaker that 'the Islamic Republic will end this war,' which constitutes a collective commitment and determination to conclude the conflict, fitting the mobilizing tone.",4.9
qwen3.6:35b,mehrnews,354833,https://t.me/mehrnews/354833,military,domestic_politics,military,neutral,neutral,"The post reports on the damage to medical centers, which is a factual statement about infrastructure and casualties resulting from attacks, falling under military events.",3.9
qwen3.6:35b,mehrnews,375451,https://t.me/mehrnews/375451,other,,ideology_propaganda,neutral,triumphant,"The post celebrates the victory of an Iranian athlete and attributes it to religious devotion, which aligns with promoting revolutionary or religious values.",3.6
qwen3.6:35b,mehrnews,378543,https://t.me/mehrnews/378543,mourning_commemoration,ideology_propaganda,mourning_commemoration,neutral,neutral,"The post commemorates a specific martyr (Ghafour Jaddi Ardabili) and his wish to be wrapped in the Iranian flag, focusing on remembrance and tribute.",5.5
qwen3.6:35b,mehrnews,357920,https://t.me/mehrnews/357920,domestic_politics,,domestic_politics,neutral,neutral,"The post reports on successful medical procedures (births) in northern provinces during the war, focusing on the continuity of life and hope rather than military action or political policy.",4.6
qwen3.6:35b,mehrnews,377170,https://t.me/mehrnews/377170,diplomacy,,diplomacy,neutral,neutral,"The post reports on a diplomatic meeting between Iranian and Chinese officials, which falls under foreign relations.",3.4
qwen3.6:35b,mehrnews,383801,https://t.me/mehrnews/383801,other,,other,neutral,neutral,"The post reports on a traffic accident resulting in injuries, which falls under the 'other' topic category as it is not related to politics, military, or economy.",4.0
qwen3.6:35b,mehrnews,383949,https://t.me/mehrnews/383949,ideology_propaganda,,domestic_politics,neutral,neutral,"The post reports on a pro-government parade ('Jan Fada') which is a mobilizing event, but the text itself is a factual announcement without explicit imperative calls or evaluative language.",4.1
qwen3.6:35b,mehrnews,379683,https://t.me/mehrnews/379683,other,,other,neutral,neutral,"The post reports on the ceremonial donation of a flag to a football coach, which falls under culture or general news.",3.5
qwen3.6:35b,mehrnews,403296,https://t.me/mehrnews/403296,domestic_politics,other,domestic_politics,neutral,neutral,"The post reports on the stabilization and repair of a local infrastructure incident (subway station collapse) by municipal authorities, which falls under domestic politics regarding public services and infrastructure repair.",4.7
qwen3.6:35b,mehrnews,347818,https://t.me/mehrnews/347818,ideology_propaganda,,ideology_propaganda,neutral,neutral,"The post shares a religious song celebrating the birth of Imam Mahdi, which promotes revolutionary and religious values.",3.4
qwen3.6:35b,mehrnews,396942,https://t.me/mehrnews/396942,military,,military,neutral,neutral,"The post reports explosions in Kuwait, a Gulf state directly involved in the war involving Iran, which falls under the military topic definition.",3.4
qwen3.6:35b,mehrnews,352988,https://t.me/mehrnews/352988,military,,military,triumphant,neutral,"The post reports on the sound of air raid sirens in Israel due to Iranian missile attacks, which falls under military events involving Iran and Israel; the tone is neutral as it describes a factual event without explicit threats, accusations, or celebratory language.",5.3
qwen3.6:35b,mehrnews,397436,https://t.me/mehrnews/397436,foreign_affairs,,diplomacy,neutral,neutral,"The post reports on a diplomatic meeting between the foreign ministers of China and Pakistan, which falls under Iran's relations with international actors.",3.7
qwen3.6:35b,mehrnews,362508,https://t.me/mehrnews/362508,resistance_axis,,resistance_axis,neutral,neutral,"The post reports a military strike by Hezbollah on an Israeli base, which falls under the resistance_axis topic as it concerns Lebanon/Hezbollah and Iran is not the acting party.",4.2
qwen3.6:35b,mehrnews,351503,https://t.me/mehrnews/351503,resistance_axis,,resistance_axis,accusatory,accusatory,"The post reports statements by the leader of the Houthis (a resistance axis actor) regarding Gaza and the US, which falls under the resistance_axis topic; the tone is accusatory as it explicitly labels the US as a partner in crimes.",4.9
qwen3.6:35b,mehrnews,366305,https://t.me/mehrnews/366305,domestic_politics,,domestic_politics,accusatory,accusatory,"The post reports on the arrest of individuals labeled as traitors by security forces, which falls under domestic internal security actions.",3.4
qwen3.6:35b,mehrnews,363447,https://t.me/mehrnews/363447,military,,military,neutral,neutral,"The post reports on a US/Israeli airstrike in Tehran causing civilian casualties and property damage, which falls under the definition of military events involving Iran.",4.2
qwen3.6:35b,mehrnews,375792,https://t.me/mehrnews/375792,ideology_propaganda,domestic_politics,domestic_politics,neutral,neutral,"The post reports on a statement by the head of the judiciary praising citizens for attending pro-government rallies, which is an internal government action regarding domestic public events.",4.3
qwen3.6:35b,mehrnews,398473,https://t.me/mehrnews/398473,military,,military,neutral,neutral,"The post reports on satellite images showing damage to a US airbase in Jordan, which is classified as a war event involving the Gulf states and US forces in the conflict with Iran.",4.0
qwen3.6:35b,mehrnews,393172,https://t.me/mehrnews/393172,ideology_propaganda,mourning_commemoration,military,triumphant,neutral,"The post reports on a former Israeli official's analysis that the funeral procession demonstrates Iran's power and control, which is a factual report of an event and its interpretation without explicit emotional or evaluative language from the publisher.",5.3
qwen2.5:32b,Tasnimnews,424439,https://t.me/Tasnimnews/424439,diplomacy,,diplomacy,neutral,neutral,The post discusses the disagreement of the Iranian team with the joint photo session planned by the American team during the negotiations.,86.3
qwen2.5:32b,Tasnimnews,440045,https://t.me/Tasnimnews/440045,domestic_politics,,military,neutral,neutral,The post focuses on the psychological trauma of surviving students from a school that was hit by a missile strike.,28.1
qwen2.5:32b,Tasnimnews,400268,https://t.me/Tasnimnews/400268,ideology_propaganda,domestic_politics,military,threatening,neutral,The post is about nightly government-supported rallies in support of the system during the war.,14.0
qwen2.5:32b,Tasnimnews,389772,https://t.me/Tasnimnews/389772,mourning_commemoration,,mourning_commemoration,neutral,neutral,The post is primarily about commemorating a deceased military engineer.,13.7
qwen2.5:32b,Tasnimnews,409301,https://t.me/Tasnimnews/409301,resistance_axis,,resistance_axis,neutral,neutral,"The post discusses Israel's project in southern Lebanon in the context of the war, which is related to the resistance axis.",19.1
qwen2.5:32b,Tasnimnews,387209,https://t.me/Tasnimnews/387209,foreign_affairs,,diplomacy,neutral,neutral,The post is about a diplomatic visit between the US and China.,14.7
qwen2.5:32b,Tasnimnews,385717,https://t.me/Tasnimnews/385717,domestic_politics,economy,economy,neutral,neutral,The post is questioning the minister about economic policies and decisions.,18.4
qwen2.5:32b,Tasnimnews,385217,https://t.me/Tasnimnews/385217,domestic_politics,,domestic_politics,accusatory,neutral,"The post discusses a court session for those accused of killing a police officer during protests, focusing on the actions of the accused.",20.8
qwen2.5:32b,Tasnimnews,411339,https://t.me/Tasnimnews/411339,mourning_commemoration,,mourning_commemoration,neutral,neutral,The post is primarily about commemorating a deceased person with images and sounds.,12.8
qwen2.5:32b,Tasnimnews,439631,https://t.me/Tasnimnews/439631,diplomacy,domestic_politics,domestic_politics,neutral,neutral,The post discusses internal matters related to government decisions and interactions with medical professionals.,18.8
qwen2.5:32b,Tasnimnews,408140,https://t.me/Tasnimnews/408140,other,,other,neutral,neutral,"The post is about Iran's participation in the World Cup despite the war, which is not directly related to military operations, diplomacy, internal politics, economy, ideology, mourning, resistance axis, or foreign affairs.",23.6
qwen2.5:32b,Tasnimnews,415257,https://t.me/Tasnimnews/415257,diplomacy,,diplomacy,neutral,neutral,"The post is about a meeting between Iranian and Kyrgyz officials, focusing on diplomatic relations.",14.7
qwen2.5:32b,Tasnimnews,436718,https://t.me/Tasnimnews/436718,domestic_politics,diplomacy,domestic_politics,neutral,neutral,The post discusses external pressure and sanctions on Iran under the current government.,13.3
qwen2.5:32b,Tasnimnews,424689,https://t.me/Tasnimnews/424689,resistance_axis,,military,neutral,neutral,"The post is primarily about Hezbollah's attack on an Israeli military command center, which falls under the broader conflict involving Iran and its allies.",15.7
qwen2.5:32b,Tasnimnews,391479,https://t.me/Tasnimnews/391479,foreign_affairs,,mourning_commemoration,neutral,neutral,The post is about the shooting of mourners by Pakistani security forces during a mourning ceremony for the late Supreme Leader Ali Khamenei.,16.4
qwen2.5:32b,Tasnimnews,438176,https://t.me/Tasnimnews/438176,resistance_axis,,resistance_axis,mobilizing,mobilizing,"The post discusses Lebanon's reliance on resistance power and criticizes the US and Israel, aligning with the resistance_axis topic.",20.9
qwen2.5:32b,Tasnimnews,441571,https://t.me/Tasnimnews/441571,foreign_affairs,resistance_axis,foreign_affairs,neutral,neutral,The post discusses Israeli minister Itamar Ben-Gvir's provocative actions and statements at Al-Aqsa Mosque.,16.0
qwen2.5:32b,Tasnimnews,386587,https://t.me/Tasnimnews/386587,ideology_propaganda,,ideology_propaganda,triumphant,neutral,"The post discusses the impact of Iranian athletes on neutralizing enemies' plots and the deepening roots of the Islamic Republic, which is related to ideology and propaganda.",18.3
qwen2.5:32b,Tasnimnews,387726,https://t.me/Tasnimnews/387726,ideology_propaganda,,diplomacy,accusatory,accusatory,The post accuses the USA and Israel of being the real terrorists.,12.1
qwen2.5:32b,Tasnimnews,415143,https://t.me/Tasnimnews/415143,military,,military,accusatory,accusatory,The post accuses Saudi Arabia and Kuwait of aiding the US and Zionist regime in military aggression against Iraq.,14.6
qwen2.5:32b,Tasnimnews,396631,https://t.me/Tasnimnews/396631,military,,military,triumphant,neutral,"The post reports on the interception and destruction of enemy drones by Iran's advanced defense system, focusing on military operations.",18.5
qwen2.5:32b,Tasnimnews,420787,https://t.me/Tasnimnews/420787,other,,other,neutral,neutral,The post is about a religious ceremony and does not fit into any of the defined topics.,12.0
qwen2.5:32b,Tasnimnews,410500,https://t.me/Tasnimnews/410500,diplomacy,,foreign_affairs,neutral,neutral,"The post critically analyzes Trump's negotiation tactics and social media behavior during the war, without taking a threatening, accusatory, mobilizing, triumphant, or mournful tone.",26.5
qwen2.5:32b,Tasnimnews,387118,https://t.me/Tasnimnews/387118,military,,military,neutral,neutral,The post discusses the advanced missile capability of Iran as viewed by American analysts.,11.8
qwen2.5:32b,Tasnimnews,440199,https://t.me/Tasnimnews/440199,economy,diplomacy,economy,neutral,neutral,The post discusses economic sanctions and Iran's response to them.,17.0
qwen2.5:32b,farsna,450860,https://t.me/farsna/450860,domestic_politics,,domestic_politics,neutral,neutral,"The post discusses the unprecedented coordination among Iran's executive, judicial, and legislative powers in pursuing Iran's rights.",16.1
qwen2.5:32b,farsna,426845,https://t.me/farsna/426845,diplomacy,foreign_affairs,military,neutral,neutral,The post discusses Trump's contradictory statements regarding the Strait of Hormuz.,11.4
qwen2.5:32b,farsna,443732,https://t.me/farsna/443732,resistance_axis,,military,neutral,neutral,"The post reports on casualties in Lebanon despite a claimed ceasefire, focusing on attacks and casualties.",13.2
qwen2.5:32b,farsna,453577,https://t.me/farsna/453577,military,,military,neutral,neutral,The post describes attacks on military facilities.,8.9
qwen2.5:32b,farsna,418311,https://t.me/farsna/418311,military,,military,neutral,neutral,"The post reports on missile strikes on Abu Dhabi, which is part of the military conflict involving Iran and the Gulf states.",14.9
qwen2.5:32b,farsna,449806,https://t.me/farsna/449806,economy,foreign_affairs,economy,accusatory,neutral,The post discusses the economic impact of the war on food prices and criticizes Trump's actions regarding the Strait of Hormuz.,17.0
qwen2.5:32b,farsna,408369,https://t.me/farsna/408369,domestic_politics,,economy,neutral,neutral,"The post discusses the unresolved debt of Babak Zanjani, which is a financial matter.",15.6
qwen2.5:32b,farsna,431084,https://t.me/farsna/431084,ideology_propaganda,,ideology_propaganda,triumphant,triumphant,"The post is celebrating the victory of the Iranian people, referencing martyrs and the late Supreme Leader.",14.4
qwen2.5:32b,farsna,448815,https://t.me/farsna/448815,other,,other,neutral,neutral,The post is a poem and does not fit into any of the defined topics.,11.0
qwen2.5:32b,farsna,430121,https://t.me/farsna/430121,foreign_affairs,,foreign_affairs,neutral,neutral,The post reports on a shooting incident in the US without taking a stance or attributing blame.,17.6
qwen2.5:32b,farsna,421766,https://t.me/farsna/421766,mourning_commemoration,,mourning_commemoration,neutral,neutral,The post is about a mourning ceremony for martyrs.,10.6
qwen2.5:32b,farsna,447376,https://t.me/farsna/447376,mourning_commemoration,,mourning_commemoration,neutral,neutral,The post is primarily about the funeral procession route for the late Supreme Leader.,13.7
qwen2.5:32b,farsna,443069,https://t.me/farsna/443069,foreign_affairs,,diplomacy,neutral,accusatory,"The post accuses the US of supporting Israel with weapons and funding, blaming it for Israel's actions.",16.5
qwen2.5:32b,farsna,440606,https://t.me/farsna/440606,military,,military,neutral,threatening,The post threatens Israelis to stay near shelters and avoid gatherings.,12.2
qwen2.5:32b,farsna,452509,https://t.me/farsna/452509,domestic_politics,,domestic_politics,neutral,neutral,The post discusses the management of border crossings during a religious pilgrimage.,11.8
qwen2.5:32b,farsna,414654,https://t.me/farsna/414654,foreign_affairs,military,military,accusatory,accusatory,"The post discusses Israel's actions against multiple countries in the Gulf region, which are involved in the war.",16.8
qwen2.5:32b,farsna,412101,https://t.me/farsna/412101,domestic_politics,,domestic_politics,accusatory,accusatory,"The post reports on the arrest of individuals labeled as monarchists, which is considered accusatory.",278.8
qwen2.5:32b,farsna,426266,https://t.me/farsna/426266,military,,military,neutral,neutral,The post reports on an American jet being shot down in the Middle East without providing details.,14.8
qwen2.5:32b,farsna,442395,https://t.me/farsna/442395,military,resistance_axis,resistance_axis,threatening,neutral,"The post discusses strategic points under the control of the resistance, focusing on Bab al-Mandeb.",15.7
qwen2.5:32b,farsna,454547,https://t.me/farsna/454547,foreign_affairs,,foreign_affairs,neutral,neutral,"The post is about missile strikes in another country, which does not involve Iran directly and is not part of the resistance axis.",16.8
qwen2.5:32b,farsna,432280,https://t.me/farsna/432280,economy,,economy,neutral,neutral,The post discusses the financial impact of the war on American pension funds.,20.0
qwen2.5:32b,farsna,416887,https://t.me/farsna/416887,military,diplomacy,military,accusatory,accusatory,The post focuses on Trump's justifications and derogatory statements about Iran after an attack on a desalination plant.,22.0
qwen2.5:32b,farsna,428494,https://t.me/farsna/428494,military,foreign_affairs,military,accusatory,neutral,"The post discusses the strategic situation regarding the Strait of Hormuz and Iran's resistance, with an analysis suggesting the US should wake up.",18.7
qwen2.5:32b,farsna,458129,https://t.me/farsna/458129,economy,,economy,neutral,neutral,The post discusses the decrease in America's strategic oil reserves in response to its attack on Iran.,18.6
qwen2.5:32b,farsna,424058,https://t.me/farsna/424058,domestic_politics,,domestic_politics,neutral,neutral,"The post is about a government decision affecting sports teams traveling to a specific country, which falls under internal policy decisions.",19.6
qwen2.5:32b,iribnews,356242,https://t.me/iribnews/356242,domestic_politics,economy,military,neutral,neutral,"The post discusses the daily need for explosives for mines and the readiness to import them, which is related to military supplies.",21.1
qwen2.5:32b,iribnews,318585,https://t.me/iribnews/318585,military,,military,neutral,neutral,"The post reports on missile and drone strikes by Iran, which falls under military actions.",16.6
qwen2.5:32b,iribnews,329247,https://t.me/iribnews/329247,military,,military,triumphant,neutral,The post discusses the claims made by US officials before an American fighter was shot down by Iran's air defense.,17.6
qwen2.5:32b,iribnews,339084,https://t.me/iribnews/339084,diplomacy,,diplomacy,neutral,neutral,"The post discusses the management and territorial claims of the Strait of Hormuz, involving Iran and Oman.",18.5
qwen2.5:32b,iribnews,320271,https://t.me/iribnews/320271,domestic_politics,,other,neutral,neutral,The post provides information on how to protect oneself from toxic acid rain resulting from explosions.,16.7
qwen2.5:32b,iribnews,353675,https://t.me/iribnews/353675,economy,diplomacy,economy,threatening,threatening,The post contains a quoted threat from Trump regarding Iran's oil.,13.5
qwen2.5:32b,iribnews,313750,https://t.me/iribnews/313750,domestic_politics,,diplomacy,neutral,neutral,"The post mainly discusses the resumption of flights between Tehran and Istanbul after a two-month pause, which is related to international relations and travel agreements.",21.5
qwen2.5:32b,iribnews,350290,https://t.me/iribnews/350290,mourning_commemoration,,mourning_commemoration,neutral,neutral,"The post is primarily about the mourning and burial of a deceased person, specifically the late Supreme Leader Ali Khamenei.",19.1
qwen2.5:32b,iribnews,337487,https://t.me/iribnews/337487,economy,,foreign_affairs,neutral,neutral,The post discusses the impact of shipping disruptions in the Strait of Hormuz and alternative routes.,18.8
qwen2.5:32b,iribnews,329525,https://t.me/iribnews/329525,other,economy,other,neutral,neutral,"The post is about tourism in Western Azerbaijan, which does not fit into any of the defined categories closely related to politics, military, or economy.",19.6
qwen2.5:32b,iribnews,344063,https://t.me/iribnews/344063,other,,other,neutral,neutral,"The post is about the cleaning of a religious site, which does not fit into any of the defined topics.",14.4
qwen2.5:32b,iribnews,329437,https://t.me/iribnews/329437,military,,military,triumphant,triumphant,"The post discusses military operations and the defeat of American forces, with statements from a central military headquarters.",19.6
qwen2.5:32b,iribnews,357781,https://t.me/iribnews/357781,economy,,economy,neutral,neutral,"The post discusses the status of imports and exports, which are economic activities.",12.5
qwen2.5:32b,iribnews,358956,https://t.me/iribnews/358956,foreign_affairs,,military,neutral,neutral,The post discusses a weapons contract between Israel and Greece.,14.3
qwen2.5:32b,iribnews,347981,https://t.me/iribnews/347981,mourning_commemoration,,mourning_commemoration,neutral,neutral,The post is primarily about the organization and planning of mourning ceremonies for the late Supreme Leader.,21.4
qwen2.5:32b,iribnews,315925,https://t.me/iribnews/315925,domestic_politics,,other,neutral,neutral,"The post is about a football match fixer being sentenced, which is unrelated to the defined topics.",14.4
qwen2.5:32b,iribnews,357169,https://t.me/iribnews/357169,other,,other,neutral,neutral,"The post is about a natural event, which does not fit into any of the defined topics.",13.5
qwen2.5:32b,iribnews,335302,https://t.me/iribnews/335302,foreign_affairs,,foreign_affairs,neutral,neutral,The post is about the UK Prime Minister's statement on not allowing the country to be drawn into a war that does not serve its interests.,17.5
qwen2.5:32b,iribnews,354020,https://t.me/iribnews/354020,domestic_politics,,other,neutral,neutral,"The post is about the management of pilgrims' return from the Arba'een pilgrimage, which is a cultural and religious event.",17.0
qwen2.5:32b,iribnews,353086,https://t.me/iribnews/353086,diplomacy,,diplomacy,threatening,threatening,The post accuses American elements influenced by Israel of reckless policies and warns of consequences.,18.1
qwen2.5:32b,iribnews,352073,https://t.me/iribnews/352073,military,,military,neutral,neutral,"The post is about sirens and shelters, which are part of the war involving Iran, the USA, and Israel.",16.2
qwen2.5:32b,iribnews,327680,https://t.me/iribnews/327680,military,foreign_affairs,foreign_affairs,neutral,accusatory,The post accuses the US and Israel of violating humanity and international systems through coordinated attacks.,16.5
qwen2.5:32b,iribnews,333345,https://t.me/iribnews/333345,diplomacy,military,military,triumphant,triumphant,"The post analyzes America's failure and inability to protect bases in the war, which is a celebratory tone towards Iran's successes.",19.7
qwen2.5:32b,iribnews,349202,https://t.me/iribnews/349202,mourning_commemoration,,mourning_commemoration,neutral,neutral,The post focuses on the mourning ceremony for the late Supreme Leader.,13.5
qwen2.5:32b,iribnews,329787,https://t.me/iribnews/329787,diplomacy,,diplomacy,neutral,neutral,The post is primarily about Iran's diplomatic communication regarding an attack on its nuclear facility.,31.3
qwen2.5:32b,irna_1313,390281,https://t.me/irna_1313/390281,other,,other,neutral,neutral,"The post is about weather predictions and conditions, which does not fit into any of the defined topics and tones.",19.6
qwen2.5:32b,irna_1313,418067,https://t.me/irna_1313/418067,economy,,economy,neutral,neutral,"The post mainly discusses the growth of the stock exchange index, which is related to market developments.",17.1
qwen2.5:32b,irna_1313,420907,https://t.me/irna_1313/420907,other,,other,neutral,neutral,"The post is about religious times and a quote, which does not fit into any of the defined topics.",15.6
qwen2.5:32b,irna_1313,389625,https://t.me/irna_1313/389625,domestic_politics,,domestic_politics,neutral,neutral,The post discusses the importance of parental communication and educational skills for family stability.,21.3
qwen2.5:32b,irna_1313,446034,https://t.me/irna_1313/446034,foreign_affairs,,foreign_affairs,neutral,neutral,The post discusses a tension between Turkey and the Israeli regime in the Mediterranean.,15.4
qwen2.5:32b,irna_1313,415696,https://t.me/irna_1313/415696,other,,other,neutral,neutral,"The post is about a sporting event, which does not fit into any of the defined topics.",13.8
qwen2.5:32b,irna_1313,389097,https://t.me/irna_1313/389097,ideology_propaganda,,ideology_propaganda,neutral,neutral,"The post reports on a gathering in Tehran to commemorate the Islamic Revolution's victory, focusing on unity and solidarity.",17.6
qwen2.5:32b,irna_1313,405007,https://t.me/irna_1313/405007,other,,other,neutral,neutral,"The post is about the Red Crescent and its role during crises, which does not fit into the defined categories closely.",22.9
qwen2.5:32b,irna_1313,443511,https://t.me/irna_1313/443511,domestic_politics,,domestic_politics,neutral,neutral,The post discusses government plans to reduce gasoline consumption by decreasing the use of government vehicles.,17.5
qwen2.5:32b,irna_1313,443117,https://t.me/irna_1313/443117,domestic_politics,diplomacy,domestic_politics,mobilizing,mobilizing,The post discusses internal political matters and calls for unity among critics and officials.,20.3
qwen2.5:32b,irna_1313,386139,https://t.me/irna_1313/386139,economy,,economy,neutral,neutral,The post mainly discusses changes in currency exchange rates and policies.,18.5
qwen2.5:32b,irna_1313,421393,https://t.me/irna_1313/421393,other,,other,neutral,neutral,"The post is about religious times and a quote, which does not fit into any of the defined topics.",13.4
qwen2.5:32b,irna_1313,404884,https://t.me/irna_1313/404884,other,,other,neutral,neutral,"The post is about the rescue and release of a wildcat in a national park, which does not fit into any of the defined topics related to military, politics, economy, ideology, mourning, foreign affairs, or resistance axis.",23.2
qwen2.5:32b,irna_1313,428159,https://t.me/irna_1313/428159,military,,military,neutral,neutral,"The post discusses enemy attacks on specific areas in Bushehr, which falls under military operations.",16.3
qwen2.5:32b,irna_1313,406101,https://t.me/irna_1313/406101,other,,other,neutral,neutral,"The post discusses the distinction between normal grief and depression, which does not fit into any of the defined topics.",18.8
qwen2.5:32b,irna_1313,439115,https://t.me/irna_1313/439115,domestic_politics,,domestic_politics,neutral,neutral,The post mainly discusses internal health policies and services provided by the Iranian government.,17.3
qwen2.5:32b,irna_1313,426137,https://t.me/irna_1313/426137,mourning_commemoration,ideology_propaganda,mourning_commemoration,neutral,neutral,The post is primarily about the remembrance and funeral ceremonies of the late Supreme Leader and recounts memories related to him.,18.7
qwen2.5:32b,irna_1313,412493,https://t.me/irna_1313/412493,resistance_axis,,resistance_axis,neutral,neutral,The post discusses the failure of global efforts to stop Israel's killing in Gaza.,14.9
qwen2.5:32b,irna_1313,418220,https://t.me/irna_1313/418220,economy,diplomacy,diplomacy,neutral,neutral,The post discusses Iran's policy to strengthen relations with Russia and increase bilateral trade.,17.8
qwen2.5:32b,irna_1313,403042,https://t.me/irna_1313/403042,domestic_politics,,mourning_commemoration,neutral,neutral,The post is about mourning the victims of an attack on a school.,12.3
qwen2.5:32b,irna_1313,429114,https://t.me/irna_1313/429114,domestic_politics,,domestic_politics,neutral,neutral,The post is about the arrest of individuals accused of violating the privacy of young people in Lorestan province.,16.0
qwen2.5:32b,irna_1313,435287,https://t.me/irna_1313/435287,domestic_politics,,other,neutral,neutral,The post is about a special flight for the Arbaeen pilgrimage from Ramsar to Najaf.,13.3
qwen2.5:32b,irna_1313,419716,https://t.me/irna_1313/419716,foreign_affairs,,diplomacy,neutral,neutral,"The post discusses Germany's view on the responsibility for the closure of the Strait of Hormuz and its reopening, which is related to international relations and disputes.",18.9
qwen2.5:32b,irna_1313,398807,https://t.me/irna_1313/398807,mourning_commemoration,,mourning_commemoration,neutral,neutral,The post is about a commemoration ceremony for a deceased leader.,12.0
qwen2.5:32b,irna_1313,392722,https://t.me/irna_1313/392722,resistance_axis,,resistance_axis,neutral,neutral,The post discusses direct confrontations between Lebanese resistance forces and Israeli forces in the city of Khiam.,17.1
qwen2.5:32b,jamarannews,531595,https://t.me/jamarannews/531595,other,,other,neutral,neutral,"The post is about a soccer match, which falls outside the defined topics.",11.5
qwen2.5:32b,jamarannews,507221,https://t.me/jamarannews/507221,diplomacy,,diplomacy,neutral,neutral,"The post is fact-checking a diplomatic claim about Ali Larijani's trip to Oman, which is not true.",16.6
qwen2.5:32b,jamarannews,513999,https://t.me/jamarannews/513999,foreign_affairs,economy,foreign_affairs,neutral,neutral,The post discusses opposition in Congress to the Pentagon's budget request for the war against Iran.,13.7
qwen2.5:32b,jamarannews,515975,https://t.me/jamarannews/515975,diplomacy,,diplomacy,neutral,neutral,The post is primarily about Iran's diplomatic action in protesting the UAE's involvement in attacks against Iran.,15.5
qwen2.5:32b,jamarannews,511569,https://t.me/jamarannews/511569,military,,military,neutral,neutral,"The post focuses on the tragic aftermath of a missile strike, showing a dead child.",13.2
qwen2.5:32b,jamarannews,522058,https://t.me/jamarannews/522058,foreign_affairs,,diplomacy,neutral,neutral,"The post discusses the potential impact of Iran on US politics, particularly in relation to Trump and the Republican coalition.",30.6
qwen2.5:32b,jamarannews,523514,https://t.me/jamarannews/523514,economy,,economy,neutral,neutral,The post discusses the economic impact of the closure of the Strait of Hormuz on global oil traffic and shipping.,15.3
qwen2.5:32b,jamarannews,522334,https://t.me/jamarannews/522334,diplomacy,,diplomacy,neutral,neutral,"The post discusses Trump's claims about Iran's agreement to not possess nuclear weapons, which relates to diplomatic negotiations.",18.0
qwen2.5:32b,jamarannews,538574,https://t.me/jamarannews/538574,mourning_commemoration,,mourning_commemoration,neutral,neutral,The post is primarily about the funeral arrangements for the late Supreme Leader Ali Khamenei.,17.0
qwen2.5:32b,jamarannews,528098,https://t.me/jamarannews/528098,resistance_axis,,resistance_axis,neutral,neutral,"The post reports on an attack in Gaza, which is part of the resistance axis.",12.3
qwen2.5:32b,jamarannews,533201,https://t.me/jamarannews/533201,foreign_affairs,,diplomacy,neutral,neutral,"The post discusses the relationship and disagreements between the US and Israel regarding Iran, without focusing on military actions or internal Iranian affairs.",17.9
qwen2.5:32b,jamarannews,532335,https://t.me/jamarannews/532335,military,,military,neutral,neutral,"The post reports on Israeli hospitals moving operations underground, which is a war event connected to the conflict involving Iran.",13.2
qwen2.5:32b,jamarannews,514081,https://t.me/jamarannews/514081,military,,military,accusatory,neutral,The post primarily discusses missile strikes on Israeli targets by Iran's armed forces.,431.6
qwen2.5:32b,jamarannews,520315,https://t.me/jamarannews/520315,ideology_propaganda,domestic_politics,military,neutral,neutral,The post is about nightly pro-government rallies in support of the armed forces.,14.3
qwen2.5:32b,jamarannews,528028,https://t.me/jamarannews/528028,military,,military,neutral,neutral,The post discusses the capabilities of Iran's underground missile networks and their impact on US assessments.,18.8
qwen2.5:32b,jamarannews,514167,https://t.me/jamarannews/514167,other,,domestic_politics,neutral,neutral,The post is about the restoration of an official website related to the leadership of Iran.,17.1
qwen2.5:32b,jamarannews,545230,https://t.me/jamarannews/545230,mourning_commemoration,,mourning_commemoration,mournful,mournful,"The post is about condolences for the death of a family member, focusing on mourning and condolences.",21.6
qwen2.5:32b,jamarannews,521052,https://t.me/jamarannews/521052,diplomacy,foreign_affairs,diplomacy,neutral,neutral,The post is about a diplomatic action by the US against a family member of an Iranian official.,21.3
qwen2.5:32b,jamarannews,526132,https://t.me/jamarannews/526132,domestic_politics,,domestic_politics,threatening,neutral,The post discusses measures to address economic pressures and counter the enemy's economic warfare.,16.8
qwen2.5:32b,jamarannews,532737,https://t.me/jamarannews/532737,military,,military,neutral,neutral,The post discusses the implications of Iran's military response on Israel's strategic considerations.,16.8
qwen2.5:32b,jamarannews,513889,https://t.me/jamarannews/513889,military,,military,neutral,neutral,The post discusses the Israeli military censorship of images and reports related to the burning of Haifa's refinery after an Iranian missile strike.,22.9
qwen2.5:32b,jamarannews,528420,https://t.me/jamarannews/528420,other,,other,neutral,neutral,The post is about an artist's hospitalization and wishes for his recovery.,13.4
qwen2.5:32b,jamarannews,535244,https://t.me/jamarannews/535244,diplomacy,,diplomacy,mobilizing,neutral,The post discusses negotiations and Iran's stance in talks without concessions.,15.9
qwen2.5:32b,jamarannews,521326,https://t.me/jamarannews/521326,resistance_axis,,military,neutral,neutral,The post reports on military engagements between Israel and Hezbollah in Lebanon.,14.0
qwen2.5:32b,jamarannews,539037,https://t.me/jamarannews/539037,economy,,economy,neutral,neutral,The post mainly discusses the charging of food-coupon subsidies for certain national ID codes.,16.8
qwen2.5:32b,mehrnews,380498,https://t.me/mehrnews/380498,domestic_politics,,domestic_politics,neutral,neutral,The post mainly discusses the progress of compensation and reconstruction efforts for damages caused by the war in Tehran.,24.5
qwen2.5:32b,mehrnews,373436,https://t.me/mehrnews/373436,other,,mourning_commemoration,neutral,neutral,The post is about a commemoration ceremony for a deceased person.,14.8
qwen2.5:32b,mehrnews,394014,https://t.me/mehrnews/394014,mourning_commemoration,,mourning_commemoration,neutral,neutral,The post is about the weather and time leading up to a mourning ceremony for the late Supreme Leader.,15.4
qwen2.5:32b,mehrnews,404417,https://t.me/mehrnews/404417,other,,other,neutral,neutral,"The post is about a crowd of visitors in a street, which does not fit into any of the defined topics.",15.3
qwen2.5:32b,mehrnews,357090,https://t.me/mehrnews/357090,diplomacy,military,military,threatening,mobilizing,The post is a statement by a high-ranking Iranian official criticizing the US and asserting Iran's resolve to end the war.,20.1
qwen2.5:32b,mehrnews,354833,https://t.me/mehrnews/354833,military,domestic_politics,military,neutral,neutral,"The post discusses medical centers, hospitals, and aid bases that have been targeted.",14.0
qwen2.5:32b,mehrnews,375451,https://t.me/mehrnews/375451,other,,other,neutral,neutral,The post is about a celebration and does not fit into any of the defined topics.,12.6
qwen2.5:32b,mehrnews,378543,https://t.me/mehrnews/378543,mourning_commemoration,ideology_propaganda,mourning_commemoration,neutral,neutral,The post is primarily about the commemoration of martyrs and their burial with the Iranian flag as a shroud.,28.1
qwen2.5:32b,mehrnews,357920,https://t.me/mehrnews/357920,domestic_politics,,domestic_politics,neutral,neutral,"The post discusses successful births in northern provinces during the war, indicating life and hope in wartime conditions.",15.0
qwen2.5:32b,mehrnews,377170,https://t.me/mehrnews/377170,diplomacy,,diplomacy,neutral,neutral,"The post is about a meeting between Iranian and Chinese officials, which is a diplomatic event.",16.1
qwen2.5:32b,mehrnews,383801,https://t.me/mehrnews/383801,other,,other,neutral,neutral,The post is about a car accident and its casualties.,10.5
qwen2.5:32b,mehrnews,383949,https://t.me/mehrnews/383949,ideology_propaganda,,resistance_axis,neutral,neutral,The post is about a pro-government campaign parade during the war.,11.7
qwen2.5:32b,mehrnews,379683,https://t.me/mehrnews/379683,other,,other,neutral,neutral,"The post is about a ceremonial event unrelated to military, politics, economy, or other defined topics.",14.5
qwen2.5:32b,mehrnews,403296,https://t.me/mehrnews/403296,domestic_politics,other,domestic_politics,neutral,neutral,"The post is about the containment and stabilization of a localized collapse at a metro station under construction, which is an internal matter of infrastructure repair.",19.4
qwen2.5:32b,mehrnews,347818,https://t.me/mehrnews/347818,ideology_propaganda,,other,neutral,neutral,"The post is about a cultural event, specifically a song.",11.8
qwen2.5:32b,mehrnews,396942,https://t.me/mehrnews/396942,military,,foreign_affairs,neutral,neutral,The post reports explosions and fires in Kuwait without taking a stance or providing additional commentary.,13.7
qwen2.5:32b,mehrnews,352988,https://t.me/mehrnews/352988,military,,military,triumphant,neutral,The post describes the sound of Iranian missile attacks being broadcast live on an Israeli television network.,14.3
qwen2.5:32b,mehrnews,397436,https://t.me/mehrnews/397436,foreign_affairs,,foreign_affairs,neutral,neutral,The post is about a meeting between foreign ministers of China and Pakistan.,13.7
qwen2.5:32b,mehrnews,362508,https://t.me/mehrnews/362508,resistance_axis,,military,neutral,neutral,"The post is primarily about Hezbollah's missile attack on an Israeli base, which falls under the broader conflict involving Iran and its allies.",17.6
qwen2.5:32b,mehrnews,351503,https://t.me/mehrnews/351503,resistance_axis,,resistance_axis,accusatory,accusatory,The post discusses the involvement of America in the crimes of the Zionist enemy in relation to Yemen and Palestine.,18.3
qwen2.5:32b,mehrnews,366305,https://t.me/mehrnews/366305,domestic_politics,,military,accusatory,accusatory,The post accuses traitors of leaking information about the IRGC Hormuz force.,13.8
qwen2.5:32b,mehrnews,363447,https://t.me/mehrnews/363447,military,,military,neutral,neutral,The post reports on an attack on residential areas in Tehran.,12.8
qwen2.5:32b,mehrnews,375792,https://t.me/mehrnews/375792,ideology_propaganda,domestic_politics,ideology_propaganda,neutral,neutral,The post is about a judicial figure's appreciation for public participation in a regime rally.,14.8
qwen2.5:32b,mehrnews,398473,https://t.me/mehrnews/398473,military,,military,neutral,neutral,"The post shows satellite images of strikes on a Jordanian airbase used by the US, which is part of the war involving Iran, the USA, and Israel.",19.8
qwen2.5:32b,mehrnews,393172,https://t.me/mehrnews/393172,ideology_propaganda,mourning_commemoration,mourning_commemoration,triumphant,neutral,"The post discusses the funeral of the late Supreme Leader as a demonstration of Iran's power and control, with a critical view of Trump's understanding of Iran.",24.0
aya-expanse:32b,Tasnimnews,424439,https://t.me/Tasnimnews/424439,diplomacy,,diplomacy,neutral,neutral,The post reports on Iran's refusal to participate in a joint photo ceremony with the US during nuclear talks.,76.5
aya-expanse:32b,Tasnimnews,440045,https://t.me/Tasnimnews/440045,domestic_politics,,mourning_commemoration,neutral,neutral,"The post discusses the psychological trauma experienced by survivors of the Shajareh Tayyebeh school attack, with a focus on the needs of the victims and the lack of support from authorities.",25.4
aya-expanse:32b,Tasnimnews,400268,https://t.me/Tasnimnews/400268,ideology_propaganda,domestic_politics,domestic_politics,threatening,neutral,"The post reports on a pro-government rally with a specific reference to a speaker, indicating a domestic political focus.",12.6
aya-expanse:32b,Tasnimnews,389772,https://t.me/Tasnimnews/389772,mourning_commemoration,,military,neutral,neutral,"The post highlights a fallen IRGC missile commander, emphasizing his military role and expertise.",10.8
aya-expanse:32b,Tasnimnews,409301,https://t.me/Tasnimnews/409301,resistance_axis,,resistance_axis,neutral,neutral,"The post discusses Israel's plan to create a buffer zone in South Lebanon, similar to its policy in Gaza, and analyzes its potential success.",16.2
aya-expanse:32b,Tasnimnews,387209,https://t.me/Tasnimnews/387209,foreign_affairs,,diplomacy,neutral,neutral,The post reports on a planned official visit by the Chinese President to the US.,10.7
aya-expanse:32b,Tasnimnews,385717,https://t.me/Tasnimnews/385717,domestic_politics,economy,economy,neutral,neutral,"The post discusses questions raised by a member of the economic commission regarding the Minister of Industry, Mine, and Trade's decision on the use of urea for stabilizing the import of essential goods.",20.4
aya-expanse:32b,Tasnimnews,385217,https://t.me/Tasnimnews/385217,domestic_politics,,domestic_politics,accusatory,neutral,"The post reports on a court case regarding the murder of a police officer during the protests, focusing on the details of the attack.",16.6
aya-expanse:32b,Tasnimnews,411339,https://t.me/Tasnimnews/411339,mourning_commemoration,,resistance_axis,neutral,mournful,"The post shares images and audio of a fallen IRGC commander pursuing enemy helicopters, commemorating his martyrdom.",13.2
aya-expanse:32b,Tasnimnews,439631,https://t.me/Tasnimnews/439631,diplomacy,domestic_politics,diplomacy,neutral,accusatory,"The post discusses Iran's position in a negotiation (the 'agreement') and criticizes internal and external opponents, focusing on their lack of understanding of the government's challenges.",18.9
aya-expanse:32b,Tasnimnews,408140,https://t.me/Tasnimnews/408140,other,,invalid,neutral,neutral,"The post discusses Iran's participation in the World Cup despite the war, with the FIFA president confirming their presence.",14.3
aya-expanse:32b,Tasnimnews,415257,https://t.me/Tasnimnews/415257,diplomacy,,diplomacy,neutral,neutral,The post reports on a diplomatic meeting between Iranian and Kyrgyzstani security council officials.,11.2
aya-expanse:32b,Tasnimnews,436718,https://t.me/Tasnimnews/436718,domestic_politics,diplomacy,domestic_politics,neutral,neutral,"The post discusses external pressure on Iran during the current government, stating that it has reached its peak.",15.6
aya-expanse:32b,Tasnimnews,424689,https://t.me/Tasnimnews/424689,resistance_axis,,military,neutral,neutral,The post reports on Hezbollah's attack on Israel's command center with drone imagery.,16.2
aya-expanse:32b,Tasnimnews,391479,https://t.me/Tasnimnews/391479,foreign_affairs,,mourning_commemoration,neutral,neutral,"The post reports on the direct shooting of Pakistani security forces on mourners of the late Supreme Leader Ali Khamenei in Karachi, leading to casualties.",25.5
aya-expanse:32b,Tasnimnews,438176,https://t.me/Tasnimnews/438176,resistance_axis,,resistance_axis,mobilizing,mobilizing,The post discusses Lebanon's government needing to recognize the failure of negotiations and rely on the resistance's strength for protection.,28.5
aya-expanse:32b,Tasnimnews,441571,https://t.me/Tasnimnews/441571,foreign_affairs,resistance_axis,resistance_axis,neutral,neutral,The post reports on a provocative visit by the Israeli minister to Al-Aqsa Mosque and his calls for a temple to be built there.,26.7
aya-expanse:32b,Tasnimnews,386587,https://t.me/Tasnimnews/386587,ideology_propaganda,,domestic_politics,triumphant,neutral,The post discusses the impact of Iranian athletes on thwarting enemy plots and the enduring nature of the Islamic Republic.,19.2
aya-expanse:32b,Tasnimnews,387726,https://t.me/Tasnimnews/387726,ideology_propaganda,,diplomacy,accusatory,accusatory,"The post explicitly blames the US and Israel for terrorism, indicating an accusatory tone.",19.4
aya-expanse:32b,Tasnimnews,415143,https://t.me/Tasnimnews/415143,military,,military,accusatory,neutral,"The post discusses the involvement of Saudi Arabia and Kuwait in the military aggression against Iraq, which is directly related to the ongoing war involving Iran, the USA, and Israel.",24.0
aya-expanse:32b,Tasnimnews,396631,https://t.me/Tasnimnews/396631,military,,military,triumphant,triumphant,The post reports on the destruction of Israeli and American drones by Iranian air defense systems.,22.5
aya-expanse:32b,Tasnimnews,420787,https://t.me/Tasnimnews/420787,other,,ideology_propaganda,neutral,neutral,The post announces a ritual cleaning of a religious site in preparation for a religious event.,18.5
aya-expanse:32b,Tasnimnews,410500,https://t.me/Tasnimnews/410500,diplomacy,,diplomacy,neutral,accusatory,"The post analyzes Trump's approach to the Iran-US ceasefire negotiations, comparing it to his book 'The Art of the Deal' and criticizing his tactics.",28.7
aya-expanse:32b,Tasnimnews,387118,https://t.me/Tasnimnews/387118,military,,military,neutral,neutral,The post discusses Iran's missile capabilities and their deterrent effect according to American analysts.,17.7
aya-expanse:32b,Tasnimnews,440199,https://t.me/Tasnimnews/440199,economy,diplomacy,economy,neutral,neutral,"The post discusses the US threat of 100% sanctions and Iran's response, focusing on economic matters.",24.3
aya-expanse:32b,farsna,450860,https://t.me/farsna/450860,domestic_politics,,domestic_politics,neutral,neutral,The post discusses the unprecedented unity among the branches of government in pursuing the rights of the Iranian people.,20.9
aya-expanse:32b,farsna,426845,https://t.me/farsna/426845,diplomacy,foreign_affairs,military,neutral,threatening,"The post quotes Trump's contradictory statements about the Strait of Hormuz, with a clear threat about consequences.",20.3
aya-expanse:32b,farsna,443732,https://t.me/farsna/443732,resistance_axis,,resistance_axis,neutral,neutral,"The post reports on new casualties in Lebanon despite a claimed ceasefire, indicating a focus on the ongoing conflict.",21.8
aya-expanse:32b,farsna,453577,https://t.me/farsna/453577,military,,military,neutral,neutral,The post reports on the destruction of military assets at a base.,15.5
aya-expanse:32b,farsna,418311,https://t.me/farsna/418311,military,,military,neutral,neutral,"The post reports on an Iranian missile attack on Abu Dhabi, UAE, with details on the failure of the Patriot missile system to intercept the missiles.",25.1
aya-expanse:32b,farsna,449806,https://t.me/farsna/449806,economy,foreign_affairs,economy,accusatory,neutral,The post reports Brazil's opposition to the US attack on Iran and the impact of the war on global food prices.,23.6
aya-expanse:32b,farsna,408369,https://t.me/farsna/408369,domestic_politics,,domestic_politics,neutral,neutral,The post discusses a legal matter regarding a billionaire's debt to the government.,20.3
aya-expanse:32b,farsna,431084,https://t.me/farsna/431084,ideology_propaganda,,military,triumphant,triumphant,The post celebrates the victory of the Iranian people with references to late military commanders and the former Supreme Leader.,20.5
aya-expanse:32b,farsna,448815,https://t.me/farsna/448815,other,,military,neutral,mobilizing,"The post is a poetic call for action, urging someone to return to their nest, suggesting a sense of isolation and the need for reunification.",20.1
aya-expanse:32b,farsna,430121,https://t.me/farsna/430121,foreign_affairs,,foreign_affairs,neutral,neutral,The post reports on a new shooting incident in the US with multiple casualties.,21.0
aya-expanse:32b,farsna,421766,https://t.me/farsna/421766,mourning_commemoration,,mourning_commemoration,neutral,neutral,"The post reports on a funeral procession for two martyrs in Merand, classifying it as mourning_commemoration.",20.1
aya-expanse:32b,farsna,447376,https://t.me/farsna/447376,mourning_commemoration,,mourning_commemoration,neutral,neutral,"The post announces the route for the funeral procession of the late Supreme Leader, a clear mourning_commemoration topic.",15.9
aya-expanse:32b,farsna,443069,https://t.me/farsna/443069,foreign_affairs,,diplomacy,neutral,neutral,"The post discusses the US-Israel relationship and the supply of weapons to Israel, focusing on the financial and military support provided by the US.",16.8
aya-expanse:32b,farsna,440606,https://t.me/farsna/440606,military,,military,neutral,neutral,"The post reports on Israeli civilian behavior during a time of conflict, which falls under military topics as it relates to the broader war involving Iran.",15.5
aya-expanse:32b,farsna,452509,https://t.me/farsna/452509,domestic_politics,,domestic_politics,neutral,neutral,"The post reports on the management of border crossings for the Arba'een pilgrimage, a domestic political issue.",15.0
aya-expanse:32b,farsna,414654,https://t.me/farsna/414654,foreign_affairs,military,foreign_affairs,accusatory,accusatory,"The post discusses alleged Israeli agents attempting to carry out bombings in Qatar and Saudi Arabia, questioning their motives and accusing Israel of seeking to harm these countries.",18.8
aya-expanse:32b,farsna,412101,https://t.me/farsna/412101,domestic_politics,,domestic_politics,accusatory,accusatory,The post reports on the arrest of monarchist opponents.,12.2
aya-expanse:32b,farsna,426266,https://t.me/farsna/426266,military,,military,neutral,neutral,"The post reports on a US jet being shot down in the Middle East, with the US military confirming the incident but not disclosing the exact location or the fate of the pilots.",19.0
aya-expanse:32b,farsna,442395,https://t.me/farsna/442395,military,resistance_axis,resistance_axis,threatening,neutral,The post quotes the IRGC Quds Force commander about strategic control over Bab al-Mandeb by the resistance axis.,15.2
aya-expanse:32b,farsna,454547,https://t.me/farsna/454547,foreign_affairs,,foreign_affairs,neutral,neutral,"The post reports on Russia's missile attacks on Kyiv, Ukraine, which is a foreign event not involving Iran.",13.8
aya-expanse:32b,farsna,432280,https://t.me/farsna/432280,economy,,economy,neutral,neutral,The post discusses the financial losses incurred by US pension funds due to market crashes caused by the US-Israel attacks on Iran.,18.3
aya-expanse:32b,farsna,416887,https://t.me/farsna/416887,military,diplomacy,diplomacy,accusatory,accusatory,"The post reports on Trump's justification for attacking a desalination plant in Iran, using derogatory and offensive language towards Iranians.",23.6
aya-expanse:32b,farsna,428494,https://t.me/farsna/428494,military,foreign_affairs,resistance_axis,accusatory,neutral,The post discusses the Iranian resistance in the context of the Strait of Hormuz and criticizes US-Israeli influence.,20.7
aya-expanse:32b,farsna,458129,https://t.me/farsna/458129,economy,,economy,neutral,neutral,The post discusses the reduction in the US strategic oil reserves after its attack on Iran.,17.5
aya-expanse:32b,farsna,424058,https://t.me/farsna/424058,domestic_politics,,domestic_politics,neutral,neutral,The post reports a ministry decision banning Iranian sports teams from traveling to hostile countries.,18.1
aya-expanse:32b,iribnews,356242,https://t.me/iribnews/356242,domestic_politics,economy,economy,neutral,neutral,"The post discusses the daily need for explosive materials in Iran's mines, highlighting the efforts to facilitate imports and expedite the clearance process.",17.2
aya-expanse:32b,iribnews,318585,https://t.me/iribnews/318585,military,,military,neutral,neutral,"The post reports on Iran's missile and drone attacks during the war, which falls under military topics.",16.1
aya-expanse:32b,iribnews,329247,https://t.me/iribnews/329247,military,,military,triumphant,neutral,The post discusses the claims made by the Trump administration about air dominance over Iran before the downing of an American fighter jet by Iranian defenses.,17.8
aya-expanse:32b,iribnews,339084,https://t.me/iribnews/339084,diplomacy,,diplomacy,neutral,neutral,The post discusses Iran's control and management of the Strait of Hormuz.,12.6
aya-expanse:32b,iribnews,320271,https://t.me/iribnews/320271,domestic_politics,,domestic_politics,neutral,neutral,The post discusses the dangers of acidic rain resulting from fuel tank explosions and how to protect against it.,16.4
aya-expanse:32b,iribnews,353675,https://t.me/iribnews/353675,economy,diplomacy,diplomacy,threatening,neutral,The post reports on Trump's admission of profiting from Venezuelan oil and his plans for Iranian oil.,12.8
aya-expanse:32b,iribnews,313750,https://t.me/iribnews/313750,domestic_politics,,domestic_politics,neutral,neutral,The post announces the resumption of flights between Tehran and Istanbul after a two-month pause.,15.1
aya-expanse:32b,iribnews,350290,https://t.me/iribnews/350290,mourning_commemoration,,mourning_commemoration,neutral,mournful,"The post reports on the burial of the late Supreme Leader Ali Khamenei in the Imam Hussein shrine in Karbala, Iraq.",16.2
aya-expanse:32b,iribnews,337487,https://t.me/iribnews/337487,economy,,economy,neutral,neutral,"The post discusses the impact of the Hormuz Strait blockage on trade and shipping, focusing on the reliance on Emirati ports as an alternative.",16.8
aya-expanse:32b,iribnews,329525,https://t.me/iribnews/329525,other,economy,domestic_politics,neutral,neutral,The post reports on the number of tourists visiting Azerbaijan Western Province during the Persian New Year.,13.4
aya-expanse:32b,iribnews,344063,https://t.me/iribnews/344063,other,,ideology_propaganda,neutral,neutral,The post reports on a religious ceremony preparing for the Shiite mourning month of Muharram.,12.8
aya-expanse:32b,iribnews,329437,https://t.me/iribnews/329437,military,,military,triumphant,accusatory,The post discusses the US military's defeat in Iran and accuses Trump of trying to justify it.,15.4
aya-expanse:32b,iribnews,357781,https://t.me/iribnews/357781,economy,,economy,neutral,neutral,The post reports on the minister's statement about trade activities.,10.1
aya-expanse:32b,iribnews,358956,https://t.me/iribnews/358956,foreign_affairs,,military,neutral,neutral,The post reports on a military agreement between Greece and Israel.,10.2
aya-expanse:32b,iribnews,347981,https://t.me/iribnews/347981,mourning_commemoration,,mourning_commemoration,neutral,neutral,The post details the organizational plans for the funeral procession of the late Supreme Leader Ali Khamenei.,17.5
aya-expanse:32b,iribnews,315925,https://t.me/iribnews/315925,domestic_politics,,domestic_politics,neutral,neutral,The post reports on a football player's prison sentence.,2004.8
aya-expanse:32b,iribnews,357169,https://t.me/iribnews/357169,other,,other,neutral,neutral,"The post reports on an earthquake in Gilanwest (Gilan-e Gharb), with magnitude 4.2 and a depth of 9 km.",17.4
aya-expanse:32b,iribnews,335302,https://t.me/iribnews/335302,foreign_affairs,,diplomacy,neutral,neutral,The post reports a statement by the UK Prime Minister about not engaging in a war not in Britain's interests.,13.7
aya-expanse:32b,iribnews,354020,https://t.me/iribnews/354020,domestic_politics,,domestic_politics,neutral,neutral,"The post discusses logistical arrangements for the Arba'een pilgrimage, a major Shia religious event.",15.0
aya-expanse:32b,iribnews,353086,https://t.me/iribnews/353086,diplomacy,,diplomacy,threatening,accusatory,"The post discusses accusations and criticism of US foreign policy by Iran's Foreign Minister, focusing on the actions of pro-Israel elements within the US government.",18.8
aya-expanse:32b,iribnews,352073,https://t.me/iribnews/352073,military,,military,neutral,neutral,"The post reports on the activation of warning sirens in Bahrain, indicating a potential military threat or attack.",13.7
aya-expanse:32b,iribnews,327680,https://t.me/iribnews/327680,military,foreign_affairs,resistance_axis,neutral,accusatory,"The post discusses the US and Israel's actions against Iran and Gaza as a violation of humanity and international systems, aiming to establish a global order that openly embraces power.",20.0
aya-expanse:32b,iribnews,333345,https://t.me/iribnews/333345,diplomacy,military,military,triumphant,triumphant,The post discusses America's failure in the war against Iran and its inability to protect its bases and Arab allies.,15.8
aya-expanse:32b,iribnews,349202,https://t.me/iribnews/349202,mourning_commemoration,,mourning_commemoration,neutral,mournful,"The post reports on people visiting the late Supreme Leader's body during the funeral, emphasizing their grief and final goodbye.",15.5
aya-expanse:32b,iribnews,329787,https://t.me/iribnews/329787,diplomacy,,diplomacy,neutral,accusatory,The post discusses a letter from Iran's Atomic Energy Organization to the IAEA Director General condemning the attack on the Bushehr nuclear power plant as a war crime and criticizing the IAEA's inaction.,29.7
aya-expanse:32b,irna_1313,390281,https://t.me/irna_1313/390281,other,,other,neutral,neutral,The post discusses weather forecasts for various regions in Iran.,12.7
aya-expanse:32b,irna_1313,418067,https://t.me/irna_1313/418067,economy,,economy,neutral,neutral,The post reports on the growth of the Tehran Stock Exchange index.,12.1
aya-expanse:32b,irna_1313,420907,https://t.me/irna_1313/420907,other,,other,neutral,neutral,The post provides the Islamic prayer times for Tehran and a quote from Imam Jawad about gratitude and forgiveness.,13.6
aya-expanse:32b,irna_1313,389625,https://t.me/irna_1313/389625,domestic_politics,,domestic_politics,neutral,neutral,"The post discusses the importance of parental skills in maintaining family stability, focusing on educational and communicative aspects.",18.1
aya-expanse:32b,irna_1313,446034,https://t.me/irna_1313/446034,foreign_affairs,,military,neutral,neutral,The post reports on a military tension between Turkey and Israel in the Mediterranean Sea.,12.2
aya-expanse:32b,irna_1313,415696,https://t.me/irna_1313/415696,other,,other,neutral,neutral,"The post reports on Mexican fans entering the Azteca Stadium before the 2026 World Cup opening ceremony, which is a sports event.",15.4
aya-expanse:32b,irna_1313,389097,https://t.me/irna_1313/389097,ideology_propaganda,,domestic_politics,neutral,neutral,"The post reports on a pro-government rally on the anniversary of the revolution, focusing on calls for unity and solidarity.",16.1
aya-expanse:32b,irna_1313,405007,https://t.me/irna_1313/405007,other,,domestic_politics,neutral,neutral,The post discusses the role of the Red Crescent Society in times of crisis and highlights their efforts in providing aid and support.,19.4
aya-expanse:32b,irna_1313,443511,https://t.me/irna_1313/443511,domestic_politics,,domestic_politics,neutral,neutral,"The post discusses government efforts to reduce gasoline consumption and vehicle usage, focusing on leading by example.",14.9
aya-expanse:32b,irna_1313,443117,https://t.me/irna_1313/443117,domestic_politics,diplomacy,domestic_politics,mobilizing,neutral,The post discusses the importance of unity and criticism in the context of Iran's regional stance and calls for support of officials.,18.7
aya-expanse:32b,irna_1313,386139,https://t.me/irna_1313/386139,economy,,economy,neutral,neutral,The post reports on a decrease in foreign currency exchange rates in Iran's integrated forex market.,17.0
aya-expanse:32b,irna_1313,421393,https://t.me/irna_1313/421393,other,,other,neutral,neutral,The post provides the Islamic prayer times for Tehran and a quote from Imam Jawad about gratitude and forgiveness.,13.9
aya-expanse:32b,irna_1313,404884,https://t.me/irna_1313/404884,other,,other,neutral,neutral,The post reports on the successful release of a wild cat back into nature.,13.8
aya-expanse:32b,irna_1313,428159,https://t.me/irna_1313/428159,military,,military,neutral,neutral,"The post reports on enemy attacks on four regions in Bushher county, violating the ceasefire.",13.8
aya-expanse:32b,irna_1313,406101,https://t.me/irna_1313/406101,other,,other,neutral,neutral,"The post discusses the distinction between grief and depression, focusing on when to seek help.",16.7
aya-expanse:32b,irna_1313,439115,https://t.me/irna_1313/439115,domestic_politics,,domestic_politics,neutral,neutral,The post discusses the government's healthcare initiatives and free medical treatments for children and vulnerable groups.,16.1
aya-expanse:32b,irna_1313,426137,https://t.me/irna_1313/426137,mourning_commemoration,ideology_propaganda,mourning_commemoration,neutral,neutral,"The post discusses memories and anecdotes about the late Supreme Leader Ali Khamenei, focusing on his life and revolutionary activities.",18.0
aya-expanse:32b,irna_1313,412493,https://t.me/irna_1313/412493,resistance_axis,,resistance_axis,neutral,neutral,The post reports on Hamas' statement about the failure of global efforts to stop Israel's killings in Gaza.,15.6
aya-expanse:32b,irna_1313,418220,https://t.me/irna_1313/418220,economy,diplomacy,economy,neutral,neutral,"The post discusses Iran's economic policy towards Russia, focusing on trade and economic relations.",15.3
aya-expanse:32b,irna_1313,403042,https://t.me/irna_1313/403042,domestic_politics,,military,neutral,neutral,"The post reports on a meeting between the Minister of Culture and a female veteran of the attack on Shajareh Tayyebeh school, focusing on the human impact of the military strike.",18.8
aya-expanse:32b,irna_1313,429114,https://t.me/irna_1313/429114,domestic_politics,,domestic_politics,neutral,neutral,The post reports on the arrest of individuals for violating the privacy of young people in Lorestan province.,22.7
aya-expanse:32b,irna_1313,435287,https://t.me/irna_1313/435287,domestic_politics,,domestic_politics,neutral,neutral,The post announces a special direct flight for the Arba'een pilgrimage from Ramsar to Najaf.,25.4
aya-expanse:32b,irna_1313,419716,https://t.me/irna_1313/419716,foreign_affairs,,diplomacy,neutral,neutral,"The post reports on a German Defense Minister's statement blaming Trump for the closure of the Strait of Hormuz, emphasizing Europe's interest in its reopening.",27.3
aya-expanse:32b,irna_1313,398807,https://t.me/irna_1313/398807,mourning_commemoration,,mourning_commemoration,neutral,neutral,"The post announces a ceremony commemorating the 40th day since the death of the Supreme Leader, a clear focus on mourning.",22.7
aya-expanse:32b,irna_1313,392722,https://t.me/irna_1313/392722,resistance_axis,,resistance_axis,neutral,neutral,The post reports on direct clashes between Lebanese resistance forces and Israeli soldiers in the southern city of Khiam.,23.0
aya-expanse:32b,jamarannews,531595,https://t.me/jamarannews/531595,other,,other,neutral,neutral,"The post reports on a football match between Iran and Mali, with Iran scoring a goal.",16.7
aya-expanse:32b,jamarannews,507221,https://t.me/jamarannews/507221,diplomacy,,diplomacy,neutral,neutral,The post denies a rumor about a diplomatic trip and criticizes the spread of unverified information.,19.9
aya-expanse:32b,jamarannews,513999,https://t.me/jamarannews/513999,foreign_affairs,economy,foreign_affairs,neutral,neutral,The post reports on Congress's strong opposition to the Pentagon's request for a $200 billion budget for the war against Iran.,22.5
aya-expanse:32b,jamarannews,515975,https://t.me/jamarannews/515975,diplomacy,,diplomacy,neutral,threatening,The post is about Iran's protest letter to the UN Security Council regarding the UAE's role in the attacks against Iran.,24.9
aya-expanse:32b,jamarannews,511569,https://t.me/jamarannews/511569,military,,military,neutral,mournful,"The post describes a tragic event caused by military strikes, focusing on the recovery of a child's body.",20.5
aya-expanse:32b,jamarannews,522058,https://t.me/jamarannews/522058,foreign_affairs,,diplomacy,neutral,neutral,"The article discusses the potential impact of the Iran issue on the political coalition of Trump and his supporters, drawing historical parallels with Reagan's presidency.",35.6
aya-expanse:32b,jamarannews,523514,https://t.me/jamarannews/523514,economy,,economy,neutral,neutral,The post reports on the impact of the closure of the Strait of Hormuz on global shipping and oil markets.,24.9
aya-expanse:32b,jamarannews,522334,https://t.me/jamarannews/522334,diplomacy,,diplomacy,neutral,neutral,The post reports on Trump's claims about Iran's agreement to not have nuclear weapons and the potential for a future agreement.,21.6
aya-expanse:32b,jamarannews,538574,https://t.me/jamarannews/538574,mourning_commemoration,,mourning_commemoration,neutral,neutral,"The post announces the timing and logistics of the funeral procession for the late Supreme Leader Ali Khamenei, using the term 'leader martyr'.",27.0
aya-expanse:32b,jamarannews,528098,https://t.me/jamarannews/528098,resistance_axis,,resistance_axis,neutral,neutral,"The post reports on Israeli airstrikes in Gaza that killed civilians, including women and a child.",21.3
aya-expanse:32b,jamarannews,533201,https://t.me/jamarannews/533201,foreign_affairs,,diplomacy,neutral,neutral,"The post reports on the US Vice President's statements about Israel and Iran, focusing on differences in interests.",19.9
aya-expanse:32b,jamarannews,532335,https://t.me/jamarannews/532335,military,,military,neutral,neutral,The post reports on the relocation of parts of an Israeli hospital to underground facilities due to security concerns.,20.1
aya-expanse:32b,jamarannews,514081,https://t.me/jamarannews/514081,military,,military,accusatory,triumphant,"The post reports on Iran's military attacks on Israeli targets, emphasizing the role of Israeli fuel tankers, security ministry, and a TV network in supporting attacks against Iran.",34.1
aya-expanse:32b,jamarannews,520315,https://t.me/jamarannews/520315,ideology_propaganda,domestic_politics,domestic_politics,neutral,neutral,The post reports on a pro-government rally in support of fighters against the US-Israeli enemy.,19.4
aya-expanse:32b,jamarannews,528028,https://t.me/jamarannews/528028,military,,military,neutral,neutral,"The post discusses US intelligence reports on Iran's underground missile capabilities, which have surprised Trump and challenged US military strategies.",23.8
aya-expanse:32b,jamarannews,514167,https://t.me/jamarannews/514167,other,,domestic_politics,neutral,neutral,"The post announces the reopening of the Leader.ir website, which was previously inaccessible due to the imposed war.",26.1
aya-expanse:32b,jamarannews,545230,https://t.me/jamarannews/545230,mourning_commemoration,,mourning_commemoration,mournful,mournful,The post reports on a minister's condolences for the death of a religious figure's wife.,23.3
aya-expanse:32b,jamarannews,521052,https://t.me/jamarannews/521052,diplomacy,foreign_affairs,diplomacy,neutral,neutral,The post reports on the deportation of a high-profile Iranian official's child from the US.,22.3
aya-expanse:32b,jamarannews,526132,https://t.me/jamarannews/526132,domestic_politics,,domestic_politics,threatening,neutral,The post discusses the economic hardships caused by the war and the government's response to it.,23.7
aya-expanse:32b,jamarannews,532737,https://t.me/jamarannews/532737,military,,military,neutral,neutral,"The post discusses Israel's realization of Iran's potential military response to attacks on Hezbollah, indicating a shift in strategic understanding.",21.1
aya-expanse:32b,jamarannews,513889,https://t.me/jamarannews/513889,military,,military,neutral,neutral,"The post reports on Israel's military response to Iranian missile strikes on its oil facilities, focusing on the Israeli censorship of images and information.",26.5
aya-expanse:32b,jamarannews,528420,https://t.me/jamarannews/528420,other,,other,neutral,neutral,The post shows a picture of an actor in the hospital and wishes him well.,16.8
aya-expanse:32b,jamarannews,535244,https://t.me/jamarannews/535244,diplomacy,,diplomacy,mobilizing,neutral,"The post discusses Iran's negotiations without conceding, focusing on maintaining dignity and rights.",18.5
aya-expanse:32b,jamarannews,521326,https://t.me/jamarannews/521326,resistance_axis,,resistance_axis,neutral,neutral,"The post reports on the ongoing clashes between Israel and Hezbollah in Lebanon, focusing on Israel's failure to occupy key centers in the city of Bint Jbeil.",25.0
aya-expanse:32b,jamarannews,539037,https://t.me/jamarannews/539037,economy,,domestic_politics,neutral,neutral,"The post announces the recharge of electronic food coupons for specific national ID codes, which is a government decision affecting domestic politics.",25.8
aya-expanse:32b,mehrnews,380498,https://t.me/mehrnews/380498,domestic_politics,,domestic_politics,neutral,neutral,"The post discusses the reconstruction efforts and financial aid provided by the municipality of Tehran to those affected by the war, focusing on the progress made in resolving compensation claims.",32.6
aya-expanse:32b,mehrnews,373436,https://t.me/mehrnews/373436,other,,other,neutral,neutral,The post reports on a ceremonial event marking the anniversary of the famous Persian poet Saadi Shirazi.,18.4
aya-expanse:32b,mehrnews,394014,https://t.me/mehrnews/394014,mourning_commemoration,,mourning_commemoration,neutral,neutral,The post describes the atmosphere in Qom before the funeral of the late Supreme Leader Ali Khamenei.,18.4
aya-expanse:32b,mehrnews,404417,https://t.me/mehrnews/404417,other,,other,neutral,neutral,"The post reports on a street filled with pilgrims visiting a shrine, which is a cultural and religious event.",12.7
aya-expanse:32b,mehrnews,357090,https://t.me/mehrnews/357090,diplomacy,military,military,threatening,threatening,"The post discusses a statement by the Iranian Parliament Speaker addressing the US President about the ongoing war, focusing on the consequences of continued conflict.",17.2
aya-expanse:32b,mehrnews,354833,https://t.me/mehrnews/354833,military,domestic_politics,military,neutral,neutral,The post reports on attacks on medical facilities and emergency services.,10.1
aya-expanse:32b,mehrnews,375451,https://t.me/mehrnews/375451,other,,other,neutral,triumphant,"The post celebrates the championship title won by Pejman Darestkar, attributing it to the blessings of Imam Reza.",14.7
aya-expanse:32b,mehrnews,378543,https://t.me/mehrnews/378543,mourning_commemoration,ideology_propaganda,mourning_commemoration,neutral,neutral,"The post discusses a historical event related to the use of the Iranian flag as a shroud for a martyr, leading to a directive by Imam Khomeini to bury all martyrs in the same manner.",27.1
aya-expanse:32b,mehrnews,357920,https://t.me/mehrnews/357920,domestic_politics,,domestic_politics,neutral,neutral,"The post reports on successful births in northern provinces during the initial days of the war, emphasizing life and hope.",14.3
aya-expanse:32b,mehrnews,377170,https://t.me/mehrnews/377170,diplomacy,,diplomacy,neutral,neutral,The post reports on a scheduled meeting between Iranian and Chinese foreign ministry officials.,12.1
aya-expanse:32b,mehrnews,383801,https://t.me/mehrnews/383801,other,,other,neutral,neutral,The post reports on a car accident resulting in injuries.,10.0
aya-expanse:32b,mehrnews,383949,https://t.me/mehrnews/383949,ideology_propaganda,,military,neutral,mobilizing,The post announces a pro-government motorcycle parade in support of the war effort.,11.9
aya-expanse:32b,mehrnews,379683,https://t.me/mehrnews/379683,other,,other,neutral,neutral,The post is about a ceremonial event involving the national football team and a religious site.,11.7
aya-expanse:32b,mehrnews,403296,https://t.me/mehrnews/403296,domestic_politics,other,domestic_politics,neutral,neutral,The post reports on a localized collapse during metro station construction in Qom and the subsequent stabilization and repair efforts.,15.3
aya-expanse:32b,mehrnews,347818,https://t.me/mehrnews/347818,ideology_propaganda,,ideology_propaganda,neutral,neutral,"The post shares a religious song with a political message, referencing the Iranian revolution and the awaited Mahdi.",14.5
aya-expanse:32b,mehrnews,396942,https://t.me/mehrnews/396942,military,,military,neutral,neutral,"The post reports on explosions and fires at a vital center in Kuwait, which is directly related to military operations and attacks.",14.3
aya-expanse:32b,mehrnews,352988,https://t.me/mehrnews/352988,military,,military,triumphant,triumphant,"The post reports on the Israeli TV network's reaction to Iranian missile attacks, with a focus on the sound of air raid sirens and a fleeing reporter.",17.0
aya-expanse:32b,mehrnews,397436,https://t.me/mehrnews/397436,foreign_affairs,,diplomacy,neutral,neutral,The post reports on a diplomatic meeting between the foreign ministers of China and Pakistan.,12.3
aya-expanse:32b,mehrnews,362508,https://t.me/mehrnews/362508,resistance_axis,,military,neutral,neutral,"The post reports on a missile attack by Hezbollah on an Israeli base, which is a military action.",13.2
aya-expanse:32b,mehrnews,351503,https://t.me/mehrnews/351503,resistance_axis,,resistance_axis,accusatory,accusatory,The post discusses the leader of Ansarallah (Houthis) accusing the US of being complicit in Israeli crimes.,16.4
aya-expanse:32b,mehrnews,366305,https://t.me/mehrnews/366305,domestic_politics,,domestic_politics,accusatory,accusatory,The post reports on the arrest of 'traitors to the homeland' by the IRGC in Hormozgan province.,15.2
aya-expanse:32b,mehrnews,363447,https://t.me/mehrnews/363447,military,,military,neutral,neutral,"The post reports on a military attack on a residential area in Tehran, focusing on the destruction and casualties.",14.3
aya-expanse:32b,mehrnews,375792,https://t.me/mehrnews/375792,ideology_propaganda,domestic_politics,domestic_politics,neutral,neutral,"The post highlights the judiciary chief's appreciation for people's participation in a pro-government rally, which is a domestic political matter.",17.1
aya-expanse:32b,mehrnews,398473,https://t.me/mehrnews/398473,military,,military,neutral,neutral,The post shows satellite images of a US airbase in Jordan being struck.,12.9
aya-expanse:32b,mehrnews,393172,https://t.me/mehrnews/393172,ideology_propaganda,mourning_commemoration,military,triumphant,neutral,"The post discusses the former Israeli official's acknowledgment of Iran's system power shown in the grand funeral ceremony for the late Supreme Leader, indicating a military-related topic.",19.0
