level,name,phase,category,concept,count,per_1000_words,share_pct
group,state,all,israel_naming,اسرائیل,11875,1.369,44.9
group,state,all,israel_naming,رژیم صهیونیستی,12600,1.453,47.6
group,state,all,israel_naming,رژیم اشغالگر,423,0.049,1.6
group,state,all,israel_naming,رژیم غاصب,88,0.01,0.3
group,state,all,israel_naming,صهیونیست‌ها,1026,0.118,3.9
group,state,all,israel_naming,دشمن صهیونیستی,304,0.035,1.1
group,state,all,israel_territory,اسرائیل,11875,1.369,79.1
group,state,all,israel_territory,فلسطین اشغالی,825,0.095,5.5
group,state,all,israel_territory,سرزمین‌های اشغالی,1804,0.208,12.0
group,state,all,israel_territory,اراضی اشغالی,506,0.058,3.4
group,state,all,israel_army,ارتش اسرائیل,581,0.067,27.6
group,state,all,israel_army,ارتش رژیم صهیونیستی,878,0.101,41.8
group,state,all,israel_army,ارتش صهیونیستی,165,0.019,7.8
group,state,all,israel_army,ارتش اشغالگر,266,0.031,12.7
group,state,all,usa_naming,رئیس دولت تروریستی آمریکا,19,0.002,0.0
group,state,all,usa_naming,ارتش تروریستی آمریکا,560,0.065,1.1
group,state,all,usa_naming,ارتش کودک‌کش آمریکا,135,0.016,0.3
group,state,all,usa_naming,ارتش متجاوز آمریکا,118,0.014,0.2
group,state,all,usa_naming,شیطان بزرگ,93,0.011,0.2
group,state,all,usa_naming,استکبار,460,0.053,0.9
group,state,all,usa_naming,ایالات متحده,3508,0.405,6.8
group,state,all,usa_naming,آمریکا,41667,4.805,80.8
group,state,all,usa_naming,کاخ سفید,1104,0.127,2.1
group,state,all,usa_naming,واشنگتن,3905,0.45,7.6
group,state,all,countries_actors,امارات,2014,0.232,2.6
group,state,all,countries_actors,بحرین,1578,0.182,2.1
group,state,all,countries_actors,کویت,1660,0.191,2.2
group,state,all,countries_actors,قطر,1976,0.228,2.6
group,state,all,countries_actors,"دریای عمان (sea, not the country)",290,0.033,0.4
group,state,all,countries_actors,عمان,2141,0.247,2.8
group,state,all,countries_actors,عربستان,3468,0.4,4.6
group,state,all,countries_actors,اردن,1137,0.131,1.5
group,state,all,countries_actors,سوریه,1529,0.176,2.0
group,state,all,countries_actors,یمن,2213,0.255,2.9
group,state,all,countries_actors,انصارالله / حوثی‌ها,638,0.074,0.8
group,state,all,countries_actors,عراق,6238,0.719,8.2
group,state,all,countries_actors,مقاومت عراق / حشد شعبی,355,0.041,0.5
group,state,all,countries_actors,فلسطین اشغالی (Israel),825,0.095,1.1
group,state,all,countries_actors,فلسطین,2184,0.252,2.9
group,state,all,countries_actors,غزه,3161,0.365,4.2
group,state,all,countries_actors,حماس,1103,0.127,1.4
group,state,all,countries_actors,حزب‌الله,3918,0.452,5.1
group,state,all,countries_actors,لبنان,10566,1.218,13.9
group,state,all,countries_actors,ترکیه,2346,0.271,3.1
group,state,all,countries_actors,روسیه,5430,0.626,7.1
group,state,all,countries_actors,چین,3268,0.377,4.3
group,state,all,countries_actors,آذربایجان شرقی/غربی (Iranian provinces),589,0.068,0.8
group,state,all,countries_actors,جمهوری آذربایجان,917,0.106,1.2
group,state,all,countries_actors,پاکستان,4519,0.521,5.9
group,state,all,countries_actors,آلمان,1296,0.149,1.7
group,state,all,countries_actors,اتحادیه اروپا,3464,0.399,4.6
group,state,all,countries_actors,انگلیس,2701,0.311,3.6
group,state,all,countries_actors,فرانسه,1914,0.221,2.5
group,state,all,countries_actors,ایتالیا,667,0.077,0.9
group,state,all,countries_actors,اسپانیا,1160,0.134,1.5
group,state,all,crimes,نسل‌کشی,517,0.06,5.8
group,state,all,crimes,کودک‌کش / کودک‌کشی,534,0.062,6.0
group,state,all,crimes,جنایت جنگی,947,0.109,10.6
group,state,all,crimes,جنایت,3089,0.356,34.6
group,state,all,crimes,کشتار,583,0.067,6.5
group,state,all,crimes,میناب (school attack),3261,0.376,36.5
group,state,all,diplomacy,مذاکره / مذاکرات,9941,1.146,29.6
group,state,all,diplomacy,گفت‌وگو,4705,0.543,14.0
group,state,all,diplomacy,توافق,5660,0.653,16.8
group,state,all,diplomacy,برجام,205,0.024,0.6
group,state,all,diplomacy,دیپلماسی,3368,0.388,10.0
group,state,all,diplomacy,آتش‌بس,4320,0.498,12.8
group,state,all,diplomacy,صلح,3314,0.382,9.9
group,state,all,diplomacy,تفاهم‌نامه,2108,0.243,6.3
group,state,all,revenge,انتقام سخت,21,0.002,1.2
group,state,all,revenge,انتقام,815,0.094,47.6
group,state,all,revenge,خونخواهی,578,0.067,33.8
group,state,all,revenge,قصاص,190,0.022,11.1
group,state,all,revenge,پاسخ پشیمان‌کننده / کوبنده,108,0.012,6.3
group,state,all,persons,ترامپ,16091,1.856,29.4
group,state,all,persons,نتانیاهو,2715,0.313,5.0
group,state,all,persons,پزشکیان,3629,0.418,6.6
group,state,all,persons,عراقچی,4127,0.476,7.5
group,state,all,persons,بقائی,2410,0.278,4.4
group,state,all,persons,ظریف,118,0.014,0.2
group,state,all,persons,خاتمی,122,0.014,0.2
group,state,all,persons,حسن روحانی,30,0.003,0.1
group,state,all,persons,احمدی‌نژاد,19,0.002,0.0
group,state,all,persons,قالیباف,1989,0.229,3.6
group,state,all,persons,سخنگوی وزارت امور خارجه,2793,0.322,5.1
group,state,all,persons,وزیر امور خارجه,7318,0.844,13.4
group,state,all,labels_opponents,خائن / خیانت,421,0.049,19.8
group,state,all,labels_opponents,وطن‌فروش,209,0.024,9.8
group,state,all,labels_opponents,مزدور,685,0.079,32.2
group,state,all,labels_opponents,منافقین,197,0.023,9.3
group,state,all,labels_opponents,اغتشاشگر,436,0.05,20.5
group,state,all,labels_opponents,ضدانقلاب,180,0.021,8.5
group,state,all,countries_actors,جهاد اسلامی,103,0.012,0.1
group,state,all,countries_actors,کتائب حزب‌الله,41,0.005,0.1
group,state,all,countries_actors,داعش,324,0.037,0.4
group,state,all,countries_actors,طالبان,138,0.016,0.2
group,state,all,countries_actors,جیش‌العدل,3,0.0,0.0
group,state,all,countries_actors,پژاک,18,0.002,0.0
group,state,all,countries_actors,کومله,20,0.002,0.0
group,state,all,countries_actors,مجاهدین خلق,13,0.001,0.0
group,state,all,countries_actors,سلطنت‌طلبان,43,0.005,0.1
group,state,all,countries_actors,رضا پهلوی,113,0.013,0.1
group,state,all,persons,رئیس‌جمهور آمریکا (US president),2931,0.338,5.4
group,state,all,persons,"رئیس‌جمهور (other, mostly Iran)",10455,1.206,19.1
group,state,all,israel_naming,رژیم کودک‌کش,149,0.017,0.6
group,state,all,israel_naming,صهیونیست‌های کودک‌کش,2,0.0,0.0
group,state,all,israel_army,ارتش کودک‌کش آمریکا (USA – not counted as Israel),135,0.016,6.4
group,state,all,israel_army,ارتش کودک‌کش (Israel),77,0.009,3.7
group,state,before_war,israel_naming,اسرائیل,996,0.743,46.6
group,state,before_war,israel_naming,رژیم صهیونیستی,982,0.733,45.9
group,state,before_war,israel_naming,رژیم اشغالگر,52,0.039,2.4
group,state,before_war,israel_naming,رژیم غاصب,2,0.001,0.1
group,state,before_war,israel_naming,صهیونیست‌ها,94,0.07,4.4
group,state,before_war,israel_naming,دشمن صهیونیستی,6,0.004,0.3
group,state,before_war,israel_territory,اسرائیل,996,0.743,87.9
group,state,before_war,israel_territory,فلسطین اشغالی,32,0.024,2.8
group,state,before_war,israel_territory,سرزمین‌های اشغالی,79,0.059,7.0
group,state,before_war,israel_territory,اراضی اشغالی,26,0.019,2.3
group,state,before_war,israel_army,ارتش اسرائیل,28,0.021,33.7
group,state,before_war,israel_army,ارتش رژیم صهیونیستی,46,0.034,55.4
group,state,before_war,israel_army,ارتش صهیونیستی,3,0.002,3.6
group,state,before_war,israel_army,ارتش اشغالگر,6,0.004,7.2
group,state,before_war,usa_naming,رئیس دولت تروریستی آمریکا,0,0.0,0.0
group,state,before_war,usa_naming,ارتش تروریستی آمریکا,0,0.0,0.0
group,state,before_war,usa_naming,ارتش کودک‌کش آمریکا,0,0.0,0.0
group,state,before_war,usa_naming,ارتش متجاوز آمریکا,0,0.0,0.0
group,state,before_war,usa_naming,شیطان بزرگ,7,0.005,0.1
group,state,before_war,usa_naming,استکبار,38,0.028,0.6
group,state,before_war,usa_naming,ایالات متحده,548,0.409,8.8
group,state,before_war,usa_naming,آمریکا,4950,3.693,79.4
group,state,before_war,usa_naming,کاخ سفید,163,0.122,2.6
group,state,before_war,usa_naming,واشنگتن,531,0.396,8.5
group,state,before_war,countries_actors,امارات,238,0.178,2.7
group,state,before_war,countries_actors,بحرین,32,0.024,0.4
group,state,before_war,countries_actors,کویت,38,0.028,0.4
group,state,before_war,countries_actors,قطر,237,0.177,2.7
group,state,before_war,countries_actors,"دریای عمان (sea, not the country)",25,0.019,0.3
group,state,before_war,countries_actors,عمان,421,0.314,4.8
group,state,before_war,countries_actors,عربستان,408,0.304,4.6
group,state,before_war,countries_actors,اردن,115,0.086,1.3
group,state,before_war,countries_actors,سوریه,378,0.282,4.3
group,state,before_war,countries_actors,یمن,202,0.151,2.3
group,state,before_war,countries_actors,انصارالله / حوثی‌ها,85,0.063,1.0
group,state,before_war,countries_actors,عراق,565,0.422,6.4
group,state,before_war,countries_actors,مقاومت عراق / حشد شعبی,9,0.007,0.1
group,state,before_war,countries_actors,فلسطین اشغالی (Israel),32,0.024,0.4
group,state,before_war,countries_actors,فلسطین,293,0.219,3.3
group,state,before_war,countries_actors,غزه,599,0.447,6.8
group,state,before_war,countries_actors,حماس,106,0.079,1.2
group,state,before_war,countries_actors,حزب‌الله,183,0.137,2.1
group,state,before_war,countries_actors,لبنان,589,0.439,6.7
group,state,before_war,countries_actors,ترکیه,406,0.303,4.6
group,state,before_war,countries_actors,روسیه,915,0.683,10.4
group,state,before_war,countries_actors,چین,372,0.278,4.2
group,state,before_war,countries_actors,آذربایجان شرقی/غربی (Iranian provinces),128,0.095,1.5
group,state,before_war,countries_actors,جمهوری آذربایجان,179,0.134,2.0
group,state,before_war,countries_actors,پاکستان,419,0.313,4.8
group,state,before_war,countries_actors,آلمان,194,0.145,2.2
group,state,before_war,countries_actors,اتحادیه اروپا,692,0.516,7.9
group,state,before_war,countries_actors,انگلیس,286,0.213,3.2
group,state,before_war,countries_actors,فرانسه,214,0.16,2.4
group,state,before_war,countries_actors,ایتالیا,30,0.022,0.3
group,state,before_war,countries_actors,اسپانیا,68,0.051,0.8
group,state,before_war,crimes,نسل‌کشی,69,0.051,16.1
group,state,before_war,crimes,کودک‌کش / کودک‌کشی,10,0.007,2.3
group,state,before_war,crimes,جنایت جنگی,12,0.009,2.8
group,state,before_war,crimes,جنایت,255,0.19,59.4
group,state,before_war,crimes,کشتار,75,0.056,17.5
group,state,before_war,crimes,میناب (school attack),8,0.006,1.9
group,state,before_war,diplomacy,مذاکره / مذاکرات,2333,1.741,42.3
group,state,before_war,diplomacy,گفت‌وگو,1024,0.764,18.6
group,state,before_war,diplomacy,توافق,681,0.508,12.3
group,state,before_war,diplomacy,برجام,50,0.037,0.9
group,state,before_war,diplomacy,دیپلماسی,623,0.465,11.3
group,state,before_war,diplomacy,آتش‌بس,156,0.116,2.8
group,state,before_war,diplomacy,صلح,627,0.468,11.4
group,state,before_war,diplomacy,تفاهم‌نامه,22,0.016,0.4
group,state,before_war,revenge,انتقام سخت,0,0.0,0.0
group,state,before_war,revenge,انتقام,26,0.019,44.8
group,state,before_war,revenge,خونخواهی,4,0.003,6.9
group,state,before_war,revenge,قصاص,22,0.016,37.9
group,state,before_war,revenge,پاسخ پشیمان‌کننده / کوبنده,6,0.004,10.3
group,state,before_war,persons,ترامپ,2127,1.587,23.2
group,state,before_war,persons,نتانیاهو,268,0.2,2.9
group,state,before_war,persons,پزشکیان,741,0.553,8.1
group,state,before_war,persons,عراقچی,914,0.682,10.0
group,state,before_war,persons,بقائی,288,0.215,3.1
group,state,before_war,persons,ظریف,26,0.019,0.3
group,state,before_war,persons,خاتمی,27,0.02,0.3
group,state,before_war,persons,حسن روحانی,5,0.004,0.1
group,state,before_war,persons,احمدی‌نژاد,4,0.003,0.0
group,state,before_war,persons,قالیباف,179,0.134,2.0
group,state,before_war,persons,سخنگوی وزارت امور خارجه,400,0.298,4.4
group,state,before_war,persons,وزیر امور خارجه,1437,1.072,15.7
group,state,before_war,labels_opponents,خائن / خیانت,47,0.035,7.3
group,state,before_war,labels_opponents,وطن‌فروش,8,0.006,1.2
group,state,before_war,labels_opponents,مزدور,82,0.061,12.7
group,state,before_war,labels_opponents,منافقین,56,0.042,8.7
group,state,before_war,labels_opponents,اغتشاشگر,394,0.294,61.2
group,state,before_war,labels_opponents,ضدانقلاب,57,0.043,8.9
group,state,before_war,countries_actors,جهاد اسلامی,14,0.01,0.2
group,state,before_war,countries_actors,کتائب حزب‌الله,7,0.005,0.1
group,state,before_war,countries_actors,داعش,169,0.126,1.9
group,state,before_war,countries_actors,طالبان,65,0.048,0.7
group,state,before_war,countries_actors,جیش‌العدل,0,0.0,0.0
group,state,before_war,countries_actors,پژاک,10,0.007,0.1
group,state,before_war,countries_actors,کومله,3,0.002,0.0
group,state,before_war,countries_actors,مجاهدین خلق,4,0.003,0.0
group,state,before_war,countries_actors,سلطنت‌طلبان,29,0.022,0.3
group,state,before_war,countries_actors,رضا پهلوی,53,0.04,0.6
group,state,before_war,persons,رئیس‌جمهور آمریکا (US president),588,0.439,6.4
group,state,before_war,persons,"رئیس‌جمهور (other, mostly Iran)",2150,1.604,23.5
group,state,before_war,israel_naming,رژیم کودک‌کش,6,0.004,0.3
group,state,before_war,israel_naming,صهیونیست‌های کودک‌کش,0,0.0,0.0
group,state,before_war,israel_army,ارتش کودک‌کش آمریکا (USA – not counted as Israel),0,0.0,0.0
group,state,before_war,israel_army,ارتش کودک‌کش (Israel),0,0.0,0.0
group,state,war,israel_naming,اسرائیل,3926,2.29,49.2
group,state,war,israel_naming,رژیم صهیونیستی,3349,1.953,42.0
group,state,war,israel_naming,رژیم اشغالگر,71,0.041,0.9
group,state,war,israel_naming,رژیم غاصب,58,0.034,0.7
group,state,war,israel_naming,صهیونیست‌ها,368,0.215,4.6
group,state,war,israel_naming,دشمن صهیونیستی,118,0.069,1.5
group,state,war,israel_territory,اسرائیل,3926,2.29,64.9
group,state,war,israel_territory,فلسطین اشغالی,489,0.285,8.1
group,state,war,israel_territory,سرزمین‌های اشغالی,1312,0.765,21.7
group,state,war,israel_territory,اراضی اشغالی,322,0.188,5.3
group,state,war,israel_army,ارتش اسرائیل,149,0.087,32.0
group,state,war,israel_army,ارتش رژیم صهیونیستی,111,0.065,23.9
group,state,war,israel_army,ارتش صهیونیستی,32,0.019,6.9
group,state,war,israel_army,ارتش اشغالگر,160,0.093,34.4
group,state,war,usa_naming,رئیس دولت تروریستی آمریکا,2,0.001,0.0
group,state,war,usa_naming,ارتش تروریستی آمریکا,143,0.083,1.1
group,state,war,usa_naming,ارتش کودک‌کش آمریکا,0,0.0,0.0
group,state,war,usa_naming,ارتش متجاوز آمریکا,26,0.015,0.2
group,state,war,usa_naming,شیطان بزرگ,10,0.006,0.1
group,state,war,usa_naming,استکبار,156,0.091,1.2
group,state,war,usa_naming,ایالات متحده,1086,0.633,8.6
group,state,war,usa_naming,آمریکا,10545,6.151,83.5
group,state,war,usa_naming,کاخ سفید,204,0.119,1.6
group,state,war,usa_naming,واشنگتن,464,0.271,3.7
group,state,war,countries_actors,امارات,621,0.362,5.0
group,state,war,countries_actors,بحرین,685,0.4,5.5
group,state,war,countries_actors,کویت,569,0.332,4.6
group,state,war,countries_actors,قطر,367,0.214,2.9
group,state,war,countries_actors,"دریای عمان (sea, not the country)",35,0.02,0.3
group,state,war,countries_actors,عمان,248,0.145,2.0
group,state,war,countries_actors,عربستان,516,0.301,4.1
group,state,war,countries_actors,اردن,207,0.121,1.7
group,state,war,countries_actors,سوریه,93,0.054,0.7
group,state,war,countries_actors,یمن,275,0.16,2.2
group,state,war,countries_actors,انصارالله / حوثی‌ها,100,0.058,0.8
group,state,war,countries_actors,عراق,1038,0.605,8.3
group,state,war,countries_actors,مقاومت عراق / حشد شعبی,162,0.094,1.3
group,state,war,countries_actors,فلسطین اشغالی (Israel),489,0.285,3.9
group,state,war,countries_actors,فلسطین,347,0.202,2.8
group,state,war,countries_actors,غزه,181,0.106,1.5
group,state,war,countries_actors,حماس,51,0.03,0.4
group,state,war,countries_actors,حزب‌الله,1201,0.701,9.6
group,state,war,countries_actors,لبنان,1183,0.69,9.5
group,state,war,countries_actors,ترکیه,392,0.229,3.1
group,state,war,countries_actors,روسیه,748,0.436,6.0
group,state,war,countries_actors,چین,376,0.219,3.0
group,state,war,countries_actors,آذربایجان شرقی/غربی (Iranian provinces),113,0.066,0.9
group,state,war,countries_actors,جمهوری آذربایجان,172,0.1,1.4
group,state,war,countries_actors,پاکستان,408,0.238,3.3
group,state,war,countries_actors,آلمان,228,0.133,1.8
group,state,war,countries_actors,اتحادیه اروپا,453,0.264,3.6
group,state,war,countries_actors,انگلیس,494,0.288,4.0
group,state,war,countries_actors,فرانسه,317,0.185,2.5
group,state,war,countries_actors,ایتالیا,109,0.064,0.9
group,state,war,countries_actors,اسپانیا,176,0.103,1.4
group,state,war,crimes,نسل‌کشی,103,0.06,3.2
group,state,war,crimes,کودک‌کش / کودک‌کشی,178,0.104,5.5
group,state,war,crimes,جنایت جنگی,429,0.25,13.3
group,state,war,crimes,جنایت,1088,0.635,33.7
group,state,war,crimes,کشتار,204,0.119,6.3
group,state,war,crimes,میناب (school attack),1224,0.714,37.9
group,state,war,diplomacy,مذاکره / مذاکرات,867,0.506,28.9
group,state,war,diplomacy,گفت‌وگو,727,0.424,24.2
group,state,war,diplomacy,توافق,243,0.142,8.1
group,state,war,diplomacy,برجام,14,0.008,0.5
group,state,war,diplomacy,دیپلماسی,391,0.228,13.0
group,state,war,diplomacy,آتش‌بس,243,0.142,8.1
group,state,war,diplomacy,صلح,520,0.303,17.3
group,state,war,diplomacy,تفاهم‌نامه,0,0.0,0.0
group,state,war,revenge,انتقام سخت,8,0.005,1.9
group,state,war,revenge,انتقام,271,0.158,65.3
group,state,war,revenge,خونخواهی,101,0.059,24.3
group,state,war,revenge,قصاص,8,0.005,1.9
group,state,war,revenge,پاسخ پشیمان‌کننده / کوبنده,27,0.016,6.5
group,state,war,persons,ترامپ,3887,2.267,38.8
group,state,war,persons,نتانیاهو,497,0.29,5.0
group,state,war,persons,پزشکیان,446,0.26,4.5
group,state,war,persons,عراقچی,829,0.484,8.3
group,state,war,persons,بقائی,362,0.211,3.6
group,state,war,persons,ظریف,32,0.019,0.3
group,state,war,persons,خاتمی,33,0.019,0.3
group,state,war,persons,حسن روحانی,18,0.01,0.2
group,state,war,persons,احمدی‌نژاد,6,0.003,0.1
group,state,war,persons,قالیباف,309,0.18,3.1
group,state,war,persons,سخنگوی وزارت امور خارجه,460,0.268,4.6
group,state,war,persons,وزیر امور خارجه,1181,0.689,11.8
group,state,war,labels_opponents,خائن / خیانت,136,0.079,19.8
group,state,war,labels_opponents,وطن‌فروش,114,0.066,16.6
group,state,war,labels_opponents,مزدور,321,0.187,46.7
group,state,war,labels_opponents,منافقین,70,0.041,10.2
group,state,war,labels_opponents,اغتشاشگر,11,0.006,1.6
group,state,war,labels_opponents,ضدانقلاب,35,0.02,5.1
group,state,war,countries_actors,جهاد اسلامی,12,0.007,0.1
group,state,war,countries_actors,کتائب حزب‌الله,9,0.005,0.1
group,state,war,countries_actors,داعش,17,0.01,0.1
group,state,war,countries_actors,طالبان,21,0.012,0.2
group,state,war,countries_actors,جیش‌العدل,0,0.0,0.0
group,state,war,countries_actors,پژاک,2,0.001,0.0
group,state,war,countries_actors,کومله,12,0.007,0.1
group,state,war,countries_actors,مجاهدین خلق,0,0.0,0.0
group,state,war,countries_actors,سلطنت‌طلبان,3,0.002,0.0
group,state,war,countries_actors,رضا پهلوی,24,0.014,0.2
group,state,war,persons,رئیس‌جمهور آمریکا (US president),469,0.274,4.7
group,state,war,persons,"رئیس‌جمهور (other, mostly Iran)",1490,0.869,14.9
group,state,war,israel_naming,رژیم کودک‌کش,85,0.05,1.1
group,state,war,israel_naming,صهیونیست‌های کودک‌کش,2,0.001,0.0
group,state,war,israel_army,ارتش کودک‌کش آمریکا (USA – not counted as Israel),0,0.0,0.0
group,state,war,israel_army,ارتش کودک‌کش (Israel),13,0.008,2.8
group,state,ceasefire,israel_naming,اسرائیل,5452,1.573,45.0
group,state,ceasefire,israel_naming,رژیم صهیونیستی,5862,1.692,48.3
group,state,ceasefire,israel_naming,رژیم اشغالگر,198,0.057,1.6
group,state,ceasefire,israel_naming,رژیم غاصب,27,0.008,0.2
group,state,ceasefire,israel_naming,صهیونیست‌ها,408,0.118,3.4
group,state,ceasefire,israel_naming,دشمن صهیونیستی,145,0.042,1.2
group,state,ceasefire,israel_territory,اسرائیل,5452,1.573,88.6
group,state,ceasefire,israel_territory,فلسطین اشغالی,264,0.076,4.3
group,state,ceasefire,israel_territory,سرزمین‌های اشغالی,317,0.091,5.2
group,state,ceasefire,israel_territory,اراضی اشغالی,121,0.035,2.0
group,state,ceasefire,israel_army,ارتش اسرائیل,331,0.096,32.6
group,state,ceasefire,israel_army,ارتش رژیم صهیونیستی,492,0.142,48.5
group,state,ceasefire,israel_army,ارتش صهیونیستی,102,0.029,10.0
group,state,ceasefire,israel_army,ارتش اشغالگر,64,0.018,6.3
group,state,ceasefire,usa_naming,رئیس دولت تروریستی آمریکا,8,0.002,0.0
group,state,ceasefire,usa_naming,ارتش تروریستی آمریکا,104,0.03,0.5
group,state,ceasefire,usa_naming,ارتش کودک‌کش آمریکا,13,0.004,0.1
group,state,ceasefire,usa_naming,ارتش متجاوز آمریکا,30,0.009,0.1
group,state,ceasefire,usa_naming,شیطان بزرگ,29,0.008,0.1
group,state,ceasefire,usa_naming,استکبار,126,0.036,0.6
group,state,ceasefire,usa_naming,ایالات متحده,1333,0.385,6.4
group,state,ceasefire,usa_naming,آمریکا,16837,4.859,80.5
group,state,ceasefire,usa_naming,کاخ سفید,539,0.156,2.6
group,state,ceasefire,usa_naming,واشنگتن,1905,0.55,9.1
group,state,ceasefire,countries_actors,امارات,906,0.261,2.7
group,state,ceasefire,countries_actors,بحرین,379,0.109,1.1
group,state,ceasefire,countries_actors,کویت,375,0.108,1.1
group,state,ceasefire,countries_actors,قطر,844,0.244,2.5
group,state,ceasefire,countries_actors,"دریای عمان (sea, not the country)",162,0.047,0.5
group,state,ceasefire,countries_actors,عمان,764,0.22,2.3
group,state,ceasefire,countries_actors,عربستان,784,0.226,2.4
group,state,ceasefire,countries_actors,اردن,174,0.05,0.5
group,state,ceasefire,countries_actors,سوریه,425,0.123,1.3
group,state,ceasefire,countries_actors,یمن,471,0.136,1.4
group,state,ceasefire,countries_actors,انصارالله / حوثی‌ها,163,0.047,0.5
group,state,ceasefire,countries_actors,عراق,1864,0.538,5.6
group,state,ceasefire,countries_actors,مقاومت عراق / حشد شعبی,40,0.012,0.1
group,state,ceasefire,countries_actors,فلسطین اشغالی (Israel),264,0.076,0.8
group,state,ceasefire,countries_actors,فلسطین,908,0.262,2.7
group,state,ceasefire,countries_actors,غزه,1366,0.394,4.1
group,state,ceasefire,countries_actors,حماس,490,0.141,1.5
group,state,ceasefire,countries_actors,حزب‌الله,2195,0.633,6.6
group,state,ceasefire,countries_actors,لبنان,7126,2.056,21.4
group,state,ceasefire,countries_actors,ترکیه,893,0.258,2.7
group,state,ceasefire,countries_actors,روسیه,2313,0.667,7.0
group,state,ceasefire,countries_actors,چین,1708,0.493,5.1
group,state,ceasefire,countries_actors,آذربایجان شرقی/غربی (Iranian provinces),237,0.068,0.7
group,state,ceasefire,countries_actors,جمهوری آذربایجان,378,0.109,1.1
group,state,ceasefire,countries_actors,پاکستان,2694,0.777,8.1
group,state,ceasefire,countries_actors,آلمان,625,0.18,1.9
group,state,ceasefire,countries_actors,اتحادیه اروپا,1638,0.473,4.9
group,state,ceasefire,countries_actors,انگلیس,1164,0.336,3.5
group,state,ceasefire,countries_actors,فرانسه,867,0.25,2.6
group,state,ceasefire,countries_actors,ایتالیا,383,0.111,1.2
group,state,ceasefire,countries_actors,اسپانیا,460,0.133,1.4
group,state,ceasefire,crimes,نسل‌کشی,237,0.068,7.1
group,state,ceasefire,crimes,کودک‌کش / کودک‌کشی,113,0.033,3.4
group,state,ceasefire,crimes,جنایت جنگی,297,0.086,8.9
group,state,ceasefire,crimes,جنایت,1034,0.298,30.8
group,state,ceasefire,crimes,کشتار,197,0.057,5.9
group,state,ceasefire,crimes,میناب (school attack),1474,0.425,44.0
group,state,ceasefire,diplomacy,مذاکره / مذاکرات,5450,1.573,28.5
group,state,ceasefire,diplomacy,گفت‌وگو,1855,0.535,9.7
group,state,ceasefire,diplomacy,توافق,3748,1.082,19.6
group,state,ceasefire,diplomacy,برجام,124,0.036,0.6
group,state,ceasefire,diplomacy,دیپلماسی,1540,0.444,8.0
group,state,ceasefire,diplomacy,آتش‌بس,3491,1.007,18.2
group,state,ceasefire,diplomacy,صلح,1581,0.456,8.3
group,state,ceasefire,diplomacy,تفاهم‌نامه,1354,0.391,7.1
group,state,ceasefire,revenge,انتقام سخت,12,0.003,2.5
group,state,ceasefire,revenge,انتقام,188,0.054,38.9
group,state,ceasefire,revenge,خونخواهی,154,0.044,31.9
group,state,ceasefire,revenge,قصاص,74,0.021,15.3
group,state,ceasefire,revenge,پاسخ پشیمان‌کننده / کوبنده,55,0.016,11.4
group,state,ceasefire,persons,ترامپ,7167,2.068,30.1
group,state,ceasefire,persons,نتانیاهو,1374,0.396,5.8
group,state,ceasefire,persons,پزشکیان,1359,0.392,5.7
group,state,ceasefire,persons,عراقچی,1626,0.469,6.8
group,state,ceasefire,persons,بقائی,1195,0.345,5.0
group,state,ceasefire,persons,ظریف,43,0.012,0.2
group,state,ceasefire,persons,خاتمی,45,0.013,0.2
group,state,ceasefire,persons,حسن روحانی,6,0.002,0.0
group,state,ceasefire,persons,احمدی‌نژاد,6,0.002,0.0
group,state,ceasefire,persons,قالیباف,1020,0.294,4.3
group,state,ceasefire,persons,سخنگوی وزارت امور خارجه,1351,0.39,5.7
group,state,ceasefire,persons,وزیر امور خارجه,3218,0.929,13.5
group,state,ceasefire,labels_opponents,خائن / خیانت,182,0.053,36.0
group,state,ceasefire,labels_opponents,وطن‌فروش,71,0.02,14.0
group,state,ceasefire,labels_opponents,مزدور,140,0.04,27.7
group,state,ceasefire,labels_opponents,منافقین,33,0.01,6.5
group,state,ceasefire,labels_opponents,اغتشاشگر,20,0.006,4.0
group,state,ceasefire,labels_opponents,ضدانقلاب,60,0.017,11.9
group,state,ceasefire,countries_actors,جهاد اسلامی,43,0.012,0.1
group,state,ceasefire,countries_actors,کتائب حزب‌الله,14,0.004,0.0
group,state,ceasefire,countries_actors,داعش,71,0.02,0.2
group,state,ceasefire,countries_actors,طالبان,29,0.008,0.1
group,state,ceasefire,countries_actors,جیش‌العدل,3,0.001,0.0
group,state,ceasefire,countries_actors,پژاک,1,0.0,0.0
group,state,ceasefire,countries_actors,کومله,5,0.001,0.0
group,state,ceasefire,countries_actors,مجاهدین خلق,3,0.001,0.0
group,state,ceasefire,countries_actors,سلطنت‌طلبان,9,0.003,0.0
group,state,ceasefire,countries_actors,رضا پهلوی,25,0.007,0.1
group,state,ceasefire,persons,رئیس‌جمهور آمریکا (US president),1273,0.367,5.4
group,state,ceasefire,persons,"رئیس‌جمهور (other, mostly Iran)",4094,1.181,17.2
group,state,ceasefire,israel_naming,رژیم کودک‌کش,37,0.011,0.3
group,state,ceasefire,israel_naming,صهیونیست‌های کودک‌کش,0,0.0,0.0
group,state,ceasefire,israel_army,ارتش کودک‌کش آمریکا (USA – not counted as Israel),13,0.004,1.3
group,state,ceasefire,israel_army,ارتش کودک‌کش (Israel),13,0.004,1.3
group,state,after_truce_collapse,israel_naming,اسرائیل,1501,0.698,35.5
group,state,after_truce_collapse,israel_naming,رژیم صهیونیستی,2407,1.119,57.0
group,state,after_truce_collapse,israel_naming,رژیم اشغالگر,102,0.047,2.4
group,state,after_truce_collapse,israel_naming,رژیم غاصب,1,0.0,0.0
group,state,after_truce_collapse,israel_naming,صهیونیست‌ها,156,0.073,3.7
group,state,after_truce_collapse,israel_naming,دشمن صهیونیستی,35,0.016,0.8
group,state,after_truce_collapse,israel_territory,اسرائیل,1501,0.698,89.7
group,state,after_truce_collapse,israel_territory,فلسطین اشغالی,40,0.019,2.4
group,state,after_truce_collapse,israel_territory,سرزمین‌های اشغالی,96,0.045,5.7
group,state,after_truce_collapse,israel_territory,اراضی اشغالی,37,0.017,2.2
group,state,after_truce_collapse,israel_army,ارتش اسرائیل,73,0.034,13.5
group,state,after_truce_collapse,israel_army,ارتش رژیم صهیونیستی,229,0.106,42.5
group,state,after_truce_collapse,israel_army,ارتش صهیونیستی,28,0.013,5.2
group,state,after_truce_collapse,israel_army,ارتش اشغالگر,36,0.017,6.7
group,state,after_truce_collapse,usa_naming,رئیس دولت تروریستی آمریکا,9,0.004,0.1
group,state,after_truce_collapse,usa_naming,ارتش تروریستی آمریکا,313,0.145,2.7
group,state,after_truce_collapse,usa_naming,ارتش کودک‌کش آمریکا,122,0.057,1.0
group,state,after_truce_collapse,usa_naming,ارتش متجاوز آمریکا,62,0.029,0.5
group,state,after_truce_collapse,usa_naming,شیطان بزرگ,47,0.022,0.4
group,state,after_truce_collapse,usa_naming,استکبار,140,0.065,1.2
group,state,after_truce_collapse,usa_naming,ایالات متحده,541,0.251,4.6
group,state,after_truce_collapse,usa_naming,آمریکا,9335,4.338,79.3
group,state,after_truce_collapse,usa_naming,کاخ سفید,198,0.092,1.7
group,state,after_truce_collapse,usa_naming,واشنگتن,1005,0.467,8.5
group,state,after_truce_collapse,countries_actors,امارات,249,0.116,1.2
group,state,after_truce_collapse,countries_actors,بحرین,482,0.224,2.2
group,state,after_truce_collapse,countries_actors,کویت,678,0.315,3.1
group,state,after_truce_collapse,countries_actors,قطر,528,0.245,2.4
group,state,after_truce_collapse,countries_actors,"دریای عمان (sea, not the country)",68,0.032,0.3
group,state,after_truce_collapse,countries_actors,عمان,708,0.329,3.3
group,state,after_truce_collapse,countries_actors,عربستان,1760,0.818,8.2
group,state,after_truce_collapse,countries_actors,اردن,641,0.298,3.0
group,state,after_truce_collapse,countries_actors,سوریه,633,0.294,2.9
group,state,after_truce_collapse,countries_actors,یمن,1265,0.588,5.9
group,state,after_truce_collapse,countries_actors,انصارالله / حوثی‌ها,290,0.135,1.3
group,state,after_truce_collapse,countries_actors,عراق,2771,1.288,12.9
group,state,after_truce_collapse,countries_actors,مقاومت عراق / حشد شعبی,144,0.067,0.7
group,state,after_truce_collapse,countries_actors,فلسطین اشغالی (Israel),40,0.019,0.2
group,state,after_truce_collapse,countries_actors,فلسطین,636,0.296,3.0
group,state,after_truce_collapse,countries_actors,غزه,1015,0.472,4.7
group,state,after_truce_collapse,countries_actors,حماس,456,0.212,2.1
group,state,after_truce_collapse,countries_actors,حزب‌الله,339,0.158,1.6
group,state,after_truce_collapse,countries_actors,لبنان,1668,0.775,7.7
group,state,after_truce_collapse,countries_actors,ترکیه,655,0.304,3.0
group,state,after_truce_collapse,countries_actors,روسیه,1454,0.676,6.7
group,state,after_truce_collapse,countries_actors,چین,812,0.377,3.8
group,state,after_truce_collapse,countries_actors,آذربایجان شرقی/غربی (Iranian provinces),111,0.052,0.5
group,state,after_truce_collapse,countries_actors,جمهوری آذربایجان,188,0.087,0.9
group,state,after_truce_collapse,countries_actors,پاکستان,998,0.464,4.6
group,state,after_truce_collapse,countries_actors,آلمان,249,0.116,1.2
group,state,after_truce_collapse,countries_actors,اتحادیه اروپا,681,0.316,3.2
group,state,after_truce_collapse,countries_actors,انگلیس,757,0.352,3.5
group,state,after_truce_collapse,countries_actors,فرانسه,516,0.24,2.4
group,state,after_truce_collapse,countries_actors,ایتالیا,145,0.067,0.7
group,state,after_truce_collapse,countries_actors,اسپانیا,456,0.212,2.1
group,state,after_truce_collapse,crimes,نسل‌کشی,108,0.05,5.6
group,state,after_truce_collapse,crimes,کودک‌کش / کودک‌کشی,233,0.108,12.1
group,state,after_truce_collapse,crimes,جنایت جنگی,209,0.097,10.9
group,state,after_truce_collapse,crimes,جنایت,712,0.331,37.0
group,state,after_truce_collapse,crimes,کشتار,107,0.05,5.6
group,state,after_truce_collapse,crimes,میناب (school attack),555,0.258,28.8
group,state,after_truce_collapse,diplomacy,مذاکره / مذاکرات,1291,0.6,21.7
group,state,after_truce_collapse,diplomacy,گفت‌وگو,1099,0.511,18.4
group,state,after_truce_collapse,diplomacy,توافق,988,0.459,16.6
group,state,after_truce_collapse,diplomacy,برجام,17,0.008,0.3
group,state,after_truce_collapse,diplomacy,دیپلماسی,814,0.378,13.7
group,state,after_truce_collapse,diplomacy,آتش‌بس,430,0.2,7.2
group,state,after_truce_collapse,diplomacy,صلح,586,0.272,9.8
group,state,after_truce_collapse,diplomacy,تفاهم‌نامه,732,0.34,12.3
group,state,after_truce_collapse,revenge,انتقام سخت,1,0.0,0.1
group,state,after_truce_collapse,revenge,انتقام,330,0.153,43.7
group,state,after_truce_collapse,revenge,خونخواهی,319,0.148,42.2
group,state,after_truce_collapse,revenge,قصاص,86,0.04,11.4
group,state,after_truce_collapse,revenge,پاسخ پشیمان‌کننده / کوبنده,20,0.009,2.6
group,state,after_truce_collapse,persons,ترامپ,2910,1.352,24.7
group,state,after_truce_collapse,persons,نتانیاهو,576,0.268,4.9
group,state,after_truce_collapse,persons,پزشکیان,1083,0.503,9.2
group,state,after_truce_collapse,persons,عراقچی,758,0.352,6.4
group,state,after_truce_collapse,persons,بقائی,565,0.263,4.8
group,state,after_truce_collapse,persons,ظریف,17,0.008,0.1
group,state,after_truce_collapse,persons,خاتمی,17,0.008,0.1
group,state,after_truce_collapse,persons,حسن روحانی,1,0.0,0.0
group,state,after_truce_collapse,persons,احمدی‌نژاد,3,0.001,0.0
group,state,after_truce_collapse,persons,قالیباف,481,0.224,4.1
group,state,after_truce_collapse,persons,سخنگوی وزارت امور خارجه,582,0.27,4.9
group,state,after_truce_collapse,persons,وزیر امور خارجه,1482,0.689,12.6
group,state,after_truce_collapse,labels_opponents,خائن / خیانت,56,0.026,19.2
group,state,after_truce_collapse,labels_opponents,وطن‌فروش,16,0.007,5.5
group,state,after_truce_collapse,labels_opponents,مزدور,142,0.066,48.8
group,state,after_truce_collapse,labels_opponents,منافقین,38,0.018,13.1
group,state,after_truce_collapse,labels_opponents,اغتشاشگر,11,0.005,3.8
group,state,after_truce_collapse,labels_opponents,ضدانقلاب,28,0.013,9.6
group,state,after_truce_collapse,countries_actors,جهاد اسلامی,34,0.016,0.2
group,state,after_truce_collapse,countries_actors,کتائب حزب‌الله,11,0.005,0.1
group,state,after_truce_collapse,countries_actors,داعش,67,0.031,0.3
group,state,after_truce_collapse,countries_actors,طالبان,23,0.011,0.1
group,state,after_truce_collapse,countries_actors,جیش‌العدل,0,0.0,0.0
group,state,after_truce_collapse,countries_actors,پژاک,5,0.002,0.0
group,state,after_truce_collapse,countries_actors,کومله,0,0.0,0.0
group,state,after_truce_collapse,countries_actors,مجاهدین خلق,6,0.003,0.0
group,state,after_truce_collapse,countries_actors,سلطنت‌طلبان,2,0.001,0.0
group,state,after_truce_collapse,countries_actors,رضا پهلوی,11,0.005,0.1
group,state,after_truce_collapse,persons,رئیس‌جمهور آمریکا (US president),601,0.279,5.1
group,state,after_truce_collapse,persons,"رئیس‌جمهور (other, mostly Iran)",2721,1.265,23.1
group,state,after_truce_collapse,israel_naming,رژیم کودک‌کش,21,0.01,0.5
group,state,after_truce_collapse,israel_naming,صهیونیست‌های کودک‌کش,0,0.0,0.0
group,state,after_truce_collapse,israel_army,ارتش کودک‌کش آمریکا (USA – not counted as Israel),122,0.057,22.6
group,state,after_truce_collapse,israel_army,ارتش کودک‌کش (Israel),51,0.024,9.5
group,irgc_affiliated,all,israel_naming,اسرائیل,8565,1.806,49.7
group,irgc_affiliated,all,israel_naming,رژیم صهیونیستی,6865,1.447,39.9
group,irgc_affiliated,all,israel_naming,رژیم اشغالگر,330,0.07,1.9
group,irgc_affiliated,all,israel_naming,رژیم غاصب,63,0.013,0.4
group,irgc_affiliated,all,israel_naming,صهیونیست‌ها,1100,0.232,6.4
group,irgc_affiliated,all,israel_naming,دشمن صهیونیستی,183,0.039,1.1
group,irgc_affiliated,all,israel_territory,اسرائیل,8565,1.806,75.1
group,irgc_affiliated,all,israel_territory,فلسطین اشغالی,1167,0.246,10.2
group,irgc_affiliated,all,israel_territory,سرزمین‌های اشغالی,1066,0.225,9.3
group,irgc_affiliated,all,israel_territory,اراضی اشغالی,605,0.128,5.3
group,irgc_affiliated,all,israel_army,ارتش اسرائیل,724,0.153,36.6
group,irgc_affiliated,all,israel_army,ارتش رژیم صهیونیستی,716,0.151,36.2
group,irgc_affiliated,all,israel_army,ارتش صهیونیستی,211,0.044,10.7
group,irgc_affiliated,all,israel_army,ارتش اشغالگر,171,0.036,8.6
group,irgc_affiliated,all,usa_naming,رئیس دولت تروریستی آمریکا,218,0.046,0.8
group,irgc_affiliated,all,usa_naming,ارتش تروریستی آمریکا,402,0.085,1.4
group,irgc_affiliated,all,usa_naming,ارتش کودک‌کش آمریکا,101,0.021,0.4
group,irgc_affiliated,all,usa_naming,ارتش متجاوز آمریکا,77,0.016,0.3
group,irgc_affiliated,all,usa_naming,شیطان بزرگ,73,0.015,0.3
group,irgc_affiliated,all,usa_naming,استکبار,377,0.079,1.3
group,irgc_affiliated,all,usa_naming,ایالات متحده,1496,0.315,5.3
group,irgc_affiliated,all,usa_naming,آمریکا,23559,4.966,83.6
group,irgc_affiliated,all,usa_naming,کاخ سفید,589,0.124,2.1
group,irgc_affiliated,all,usa_naming,واشنگتن,1285,0.271,4.6
group,irgc_affiliated,all,countries_actors,امارات,1905,0.402,4.1
group,irgc_affiliated,all,countries_actors,بحرین,1304,0.275,2.8
group,irgc_affiliated,all,countries_actors,کویت,1484,0.313,3.2
group,irgc_affiliated,all,countries_actors,قطر,1244,0.262,2.7
group,irgc_affiliated,all,countries_actors,"دریای عمان (sea, not the country)",199,0.042,0.4
group,irgc_affiliated,all,countries_actors,عمان,1150,0.242,2.5
group,irgc_affiliated,all,countries_actors,عربستان,2680,0.565,5.8
group,irgc_affiliated,all,countries_actors,اردن,804,0.169,1.7
group,irgc_affiliated,all,countries_actors,سوریه,825,0.174,1.8
group,irgc_affiliated,all,countries_actors,یمن,1751,0.369,3.8
group,irgc_affiliated,all,countries_actors,انصارالله / حوثی‌ها,433,0.091,0.9
group,irgc_affiliated,all,countries_actors,عراق,3575,0.754,7.7
group,irgc_affiliated,all,countries_actors,مقاومت عراق / حشد شعبی,360,0.076,0.8
group,irgc_affiliated,all,countries_actors,فلسطین اشغالی (Israel),1167,0.246,2.5
group,irgc_affiliated,all,countries_actors,فلسطین,932,0.196,2.0
group,irgc_affiliated,all,countries_actors,غزه,1640,0.346,3.5
group,irgc_affiliated,all,countries_actors,حماس,352,0.074,0.8
group,irgc_affiliated,all,countries_actors,حزب‌الله,4028,0.849,8.7
group,irgc_affiliated,all,countries_actors,لبنان,7045,1.485,15.2
group,irgc_affiliated,all,countries_actors,ترکیه,1110,0.234,2.4
group,irgc_affiliated,all,countries_actors,روسیه,2546,0.537,5.5
group,irgc_affiliated,all,countries_actors,چین,1749,0.369,3.8
group,irgc_affiliated,all,countries_actors,آذربایجان شرقی/غربی (Iranian provinces),249,0.052,0.5
group,irgc_affiliated,all,countries_actors,جمهوری آذربایجان,381,0.08,0.8
group,irgc_affiliated,all,countries_actors,پاکستان,2004,0.422,4.3
group,irgc_affiliated,all,countries_actors,آلمان,569,0.12,1.2
group,irgc_affiliated,all,countries_actors,اتحادیه اروپا,1247,0.263,2.7
group,irgc_affiliated,all,countries_actors,انگلیس,1252,0.264,2.7
group,irgc_affiliated,all,countries_actors,فرانسه,842,0.178,1.8
group,irgc_affiliated,all,countries_actors,ایتالیا,286,0.06,0.6
group,irgc_affiliated,all,countries_actors,اسپانیا,498,0.105,1.1
group,irgc_affiliated,all,crimes,نسل‌کشی,239,0.05,5.6
group,irgc_affiliated,all,crimes,کودک‌کش / کودک‌کشی,426,0.09,9.9
group,irgc_affiliated,all,crimes,جنایت جنگی,342,0.072,8.0
group,irgc_affiliated,all,crimes,جنایت,1601,0.338,37.3
group,irgc_affiliated,all,crimes,کشتار,273,0.058,6.4
group,irgc_affiliated,all,crimes,میناب (school attack),1407,0.297,32.8
group,irgc_affiliated,all,diplomacy,مذاکره / مذاکرات,5006,1.055,34.7
group,irgc_affiliated,all,diplomacy,گفت‌وگو,1567,0.33,10.9
group,irgc_affiliated,all,diplomacy,توافق,2372,0.5,16.4
group,irgc_affiliated,all,diplomacy,برجام,107,0.023,0.7
group,irgc_affiliated,all,diplomacy,دیپلماسی,944,0.199,6.5
group,irgc_affiliated,all,diplomacy,آتش‌بس,2213,0.467,15.3
group,irgc_affiliated,all,diplomacy,صلح,1040,0.219,7.2
group,irgc_affiliated,all,diplomacy,تفاهم‌نامه,1178,0.248,8.2
group,irgc_affiliated,all,revenge,انتقام سخت,28,0.006,1.9
group,irgc_affiliated,all,revenge,انتقام,780,0.164,52.2
group,irgc_affiliated,all,revenge,خونخواهی,526,0.111,35.2
group,irgc_affiliated,all,revenge,قصاص,89,0.019,6.0
group,irgc_affiliated,all,revenge,پاسخ پشیمان‌کننده / کوبنده,71,0.015,4.8
group,irgc_affiliated,all,persons,ترامپ,9756,2.057,37.1
group,irgc_affiliated,all,persons,نتانیاهو,1798,0.379,6.8
group,irgc_affiliated,all,persons,پزشکیان,1677,0.354,6.4
group,irgc_affiliated,all,persons,عراقچی,2019,0.426,7.7
group,irgc_affiliated,all,persons,بقائی,643,0.136,2.4
group,irgc_affiliated,all,persons,ظریف,54,0.011,0.2
group,irgc_affiliated,all,persons,خاتمی,87,0.018,0.3
group,irgc_affiliated,all,persons,حسن روحانی,16,0.003,0.1
group,irgc_affiliated,all,persons,احمدی‌نژاد,9,0.002,0.0
group,irgc_affiliated,all,persons,قالیباف,1496,0.315,5.7
group,irgc_affiliated,all,persons,سخنگوی وزارت امور خارجه,1036,0.218,3.9
group,irgc_affiliated,all,persons,وزیر امور خارجه,3010,0.635,11.4
group,irgc_affiliated,all,labels_opponents,خائن / خیانت,285,0.06,12.5
group,irgc_affiliated,all,labels_opponents,وطن‌فروش,194,0.041,8.5
group,irgc_affiliated,all,labels_opponents,مزدور,683,0.144,30.0
group,irgc_affiliated,all,labels_opponents,منافقین,243,0.051,10.7
group,irgc_affiliated,all,labels_opponents,اغتشاشگر,565,0.119,24.8
group,irgc_affiliated,all,labels_opponents,ضدانقلاب,304,0.064,13.4
group,irgc_affiliated,all,countries_actors,جهاد اسلامی,28,0.006,0.1
group,irgc_affiliated,all,countries_actors,کتائب حزب‌الله,24,0.005,0.1
group,irgc_affiliated,all,countries_actors,داعش,211,0.044,0.5
group,irgc_affiliated,all,countries_actors,طالبان,102,0.022,0.2
group,irgc_affiliated,all,countries_actors,جیش‌العدل,3,0.001,0.0
group,irgc_affiliated,all,countries_actors,پژاک,30,0.006,0.1
group,irgc_affiliated,all,countries_actors,کومله,49,0.01,0.1
group,irgc_affiliated,all,countries_actors,مجاهدین خلق,13,0.003,0.0
group,irgc_affiliated,all,countries_actors,سلطنت‌طلبان,91,0.019,0.2
group,irgc_affiliated,all,countries_actors,رضا پهلوی,304,0.064,0.7
group,irgc_affiliated,all,persons,رئیس‌جمهور آمریکا (US president),914,0.193,3.5
group,irgc_affiliated,all,persons,"رئیس‌جمهور (other, mostly Iran)",3793,0.8,14.4
group,irgc_affiliated,all,israel_naming,رژیم کودک‌کش,110,0.023,0.6
group,irgc_affiliated,all,israel_naming,صهیونیست‌های کودک‌کش,2,0.0,0.0
group,irgc_affiliated,all,israel_army,ارتش کودک‌کش آمریکا (USA – not counted as Israel),101,0.021,5.1
group,irgc_affiliated,all,israel_army,ارتش کودک‌کش (Israel),54,0.011,2.7
group,irgc_affiliated,before_war,israel_naming,اسرائیل,675,1.038,50.4
group,irgc_affiliated,before_war,israel_naming,رژیم صهیونیستی,535,0.822,40.0
group,irgc_affiliated,before_war,israel_naming,رژیم اشغالگر,32,0.049,2.4
group,irgc_affiliated,before_war,israel_naming,رژیم غاصب,3,0.005,0.2
group,irgc_affiliated,before_war,israel_naming,صهیونیست‌ها,87,0.134,6.5
group,irgc_affiliated,before_war,israel_naming,دشمن صهیونیستی,3,0.005,0.2
group,irgc_affiliated,before_war,israel_territory,اسرائیل,675,1.038,90.6
group,irgc_affiliated,before_war,israel_territory,فلسطین اشغالی,35,0.054,4.7
group,irgc_affiliated,before_war,israel_territory,سرزمین‌های اشغالی,21,0.032,2.8
group,irgc_affiliated,before_war,israel_territory,اراضی اشغالی,14,0.022,1.9
group,irgc_affiliated,before_war,israel_army,ارتش اسرائیل,27,0.042,34.6
group,irgc_affiliated,before_war,israel_army,ارتش رژیم صهیونیستی,39,0.06,50.0
group,irgc_affiliated,before_war,israel_army,ارتش صهیونیستی,2,0.003,2.6
group,irgc_affiliated,before_war,israel_army,ارتش اشغالگر,10,0.015,12.8
group,irgc_affiliated,before_war,usa_naming,رئیس دولت تروریستی آمریکا,0,0.0,0.0
group,irgc_affiliated,before_war,usa_naming,ارتش تروریستی آمریکا,0,0.0,0.0
group,irgc_affiliated,before_war,usa_naming,ارتش کودک‌کش آمریکا,0,0.0,0.0
group,irgc_affiliated,before_war,usa_naming,ارتش متجاوز آمریکا,0,0.0,0.0
group,irgc_affiliated,before_war,usa_naming,شیطان بزرگ,3,0.005,0.1
group,irgc_affiliated,before_war,usa_naming,استکبار,21,0.032,0.7
group,irgc_affiliated,before_war,usa_naming,ایالات متحده,215,0.331,7.6
group,irgc_affiliated,before_war,usa_naming,آمریکا,2381,3.66,84.1
group,irgc_affiliated,before_war,usa_naming,کاخ سفید,64,0.098,2.3
group,irgc_affiliated,before_war,usa_naming,واشنگتن,147,0.226,5.2
group,irgc_affiliated,before_war,countries_actors,امارات,120,0.184,2.6
group,irgc_affiliated,before_war,countries_actors,بحرین,12,0.018,0.3
group,irgc_affiliated,before_war,countries_actors,کویت,9,0.014,0.2
group,irgc_affiliated,before_war,countries_actors,قطر,148,0.228,3.2
group,irgc_affiliated,before_war,countries_actors,"دریای عمان (sea, not the country)",10,0.015,0.2
group,irgc_affiliated,before_war,countries_actors,عمان,184,0.283,4.0
group,irgc_affiliated,before_war,countries_actors,عربستان,197,0.303,4.3
group,irgc_affiliated,before_war,countries_actors,اردن,46,0.071,1.0
group,irgc_affiliated,before_war,countries_actors,سوریه,219,0.337,4.8
group,irgc_affiliated,before_war,countries_actors,یمن,115,0.177,2.5
group,irgc_affiliated,before_war,countries_actors,انصارالله / حوثی‌ها,46,0.071,1.0
group,irgc_affiliated,before_war,countries_actors,عراق,288,0.443,6.3
group,irgc_affiliated,before_war,countries_actors,مقاومت عراق / حشد شعبی,12,0.018,0.3
group,irgc_affiliated,before_war,countries_actors,فلسطین اشغالی (Israel),35,0.054,0.8
group,irgc_affiliated,before_war,countries_actors,فلسطین,87,0.134,1.9
group,irgc_affiliated,before_war,countries_actors,غزه,292,0.449,6.4
group,irgc_affiliated,before_war,countries_actors,حماس,49,0.075,1.1
group,irgc_affiliated,before_war,countries_actors,حزب‌الله,108,0.166,2.4
group,irgc_affiliated,before_war,countries_actors,لبنان,338,0.52,7.4
group,irgc_affiliated,before_war,countries_actors,ترکیه,206,0.317,4.5
group,irgc_affiliated,before_war,countries_actors,روسیه,459,0.706,10.0
group,irgc_affiliated,before_war,countries_actors,چین,253,0.389,5.5
group,irgc_affiliated,before_war,countries_actors,آذربایجان شرقی/غربی (Iranian provinces),54,0.083,1.2
group,irgc_affiliated,before_war,countries_actors,جمهوری آذربایجان,94,0.145,2.1
group,irgc_affiliated,before_war,countries_actors,پاکستان,136,0.209,3.0
group,irgc_affiliated,before_war,countries_actors,آلمان,82,0.126,1.8
group,irgc_affiliated,before_war,countries_actors,اتحادیه اروپا,325,0.5,7.1
group,irgc_affiliated,before_war,countries_actors,انگلیس,118,0.181,2.6
group,irgc_affiliated,before_war,countries_actors,فرانسه,101,0.155,2.2
group,irgc_affiliated,before_war,countries_actors,ایتالیا,34,0.052,0.7
group,irgc_affiliated,before_war,countries_actors,اسپانیا,47,0.072,1.0
group,irgc_affiliated,before_war,crimes,نسل‌کشی,36,0.055,12.9
group,irgc_affiliated,before_war,crimes,کودک‌کش / کودک‌کشی,8,0.012,2.9
group,irgc_affiliated,before_war,crimes,جنایت جنگی,8,0.012,2.9
group,irgc_affiliated,before_war,crimes,جنایت,178,0.274,64.0
group,irgc_affiliated,before_war,crimes,کشتار,42,0.065,15.1
group,irgc_affiliated,before_war,crimes,میناب (school attack),6,0.009,2.2
group,irgc_affiliated,before_war,diplomacy,مذاکره / مذاکرات,943,1.45,47.0
group,irgc_affiliated,before_war,diplomacy,گفت‌وگو,304,0.467,15.1
group,irgc_affiliated,before_war,diplomacy,توافق,285,0.438,14.2
group,irgc_affiliated,before_war,diplomacy,برجام,20,0.031,1.0
group,irgc_affiliated,before_war,diplomacy,دیپلماسی,174,0.267,8.7
group,irgc_affiliated,before_war,diplomacy,آتش‌بس,65,0.1,3.2
group,irgc_affiliated,before_war,diplomacy,صلح,195,0.3,9.7
group,irgc_affiliated,before_war,diplomacy,تفاهم‌نامه,21,0.032,1.0
group,irgc_affiliated,before_war,revenge,انتقام سخت,0,0.0,0.0
group,irgc_affiliated,before_war,revenge,انتقام,21,0.032,53.8
group,irgc_affiliated,before_war,revenge,خونخواهی,5,0.008,12.8
group,irgc_affiliated,before_war,revenge,قصاص,5,0.008,12.8
group,irgc_affiliated,before_war,revenge,پاسخ پشیمان‌کننده / کوبنده,8,0.012,20.5
group,irgc_affiliated,before_war,persons,ترامپ,1154,1.774,27.6
group,irgc_affiliated,before_war,persons,نتانیاهو,187,0.287,4.5
group,irgc_affiliated,before_war,persons,پزشکیان,391,0.601,9.3
group,irgc_affiliated,before_war,persons,عراقچی,453,0.696,10.8
group,irgc_affiliated,before_war,persons,بقائی,58,0.089,1.4
group,irgc_affiliated,before_war,persons,ظریف,15,0.023,0.4
group,irgc_affiliated,before_war,persons,خاتمی,29,0.045,0.7
group,irgc_affiliated,before_war,persons,حسن روحانی,8,0.012,0.2
group,irgc_affiliated,before_war,persons,احمدی‌نژاد,5,0.008,0.1
group,irgc_affiliated,before_war,persons,قالیباف,128,0.197,3.1
group,irgc_affiliated,before_war,persons,سخنگوی وزارت امور خارجه,104,0.16,2.5
group,irgc_affiliated,before_war,persons,وزیر امور خارجه,631,0.97,15.1
group,irgc_affiliated,before_war,labels_opponents,خائن / خیانت,25,0.038,2.9
group,irgc_affiliated,before_war,labels_opponents,وطن‌فروش,12,0.018,1.4
group,irgc_affiliated,before_war,labels_opponents,مزدور,91,0.14,10.4
group,irgc_affiliated,before_war,labels_opponents,منافقین,98,0.151,11.2
group,irgc_affiliated,before_war,labels_opponents,اغتشاشگر,524,0.806,60.0
group,irgc_affiliated,before_war,labels_opponents,ضدانقلاب,124,0.191,14.2
group,irgc_affiliated,before_war,countries_actors,جهاد اسلامی,6,0.009,0.1
group,irgc_affiliated,before_war,countries_actors,کتائب حزب‌الله,4,0.006,0.1
group,irgc_affiliated,before_war,countries_actors,داعش,125,0.192,2.7
group,irgc_affiliated,before_war,countries_actors,طالبان,45,0.069,1.0
group,irgc_affiliated,before_war,countries_actors,جیش‌العدل,1,0.002,0.0
group,irgc_affiliated,before_war,countries_actors,پژاک,10,0.015,0.2
group,irgc_affiliated,before_war,countries_actors,کومله,11,0.017,0.2
group,irgc_affiliated,before_war,countries_actors,مجاهدین خلق,6,0.009,0.1
group,irgc_affiliated,before_war,countries_actors,سلطنت‌طلبان,42,0.065,0.9
group,irgc_affiliated,before_war,countries_actors,رضا پهلوی,109,0.168,2.4
group,irgc_affiliated,before_war,persons,رئیس‌جمهور آمریکا (US president),236,0.363,5.6
group,irgc_affiliated,before_war,persons,"رئیس‌جمهور (other, mostly Iran)",788,1.211,18.8
group,irgc_affiliated,before_war,israel_naming,رژیم کودک‌کش,3,0.005,0.2
group,irgc_affiliated,before_war,israel_naming,صهیونیست‌های کودک‌کش,0,0.0,0.0
group,irgc_affiliated,before_war,israel_army,ارتش کودک‌کش آمریکا (USA – not counted as Israel),0,0.0,0.0
group,irgc_affiliated,before_war,israel_army,ارتش کودک‌کش (Israel),0,0.0,0.0
group,irgc_affiliated,war,israel_naming,اسرائیل,3225,2.845,54.4
group,irgc_affiliated,war,israel_naming,رژیم صهیونیستی,2052,1.81,34.6
group,irgc_affiliated,war,israel_naming,رژیم اشغالگر,61,0.054,1.0
group,irgc_affiliated,war,israel_naming,رژیم غاصب,41,0.036,0.7
group,irgc_affiliated,war,israel_naming,صهیونیست‌ها,404,0.356,6.8
group,irgc_affiliated,war,israel_naming,دشمن صهیونیستی,78,0.069,1.3
group,irgc_affiliated,war,israel_territory,اسرائیل,3225,2.845,61.4
group,irgc_affiliated,war,israel_territory,فلسطین اشغالی,750,0.662,14.3
group,irgc_affiliated,war,israel_territory,سرزمین‌های اشغالی,820,0.723,15.6
group,irgc_affiliated,war,israel_territory,اراضی اشغالی,461,0.407,8.8
group,irgc_affiliated,war,israel_army,ارتش اسرائیل,197,0.174,45.6
group,irgc_affiliated,war,israel_army,ارتش رژیم صهیونیستی,133,0.117,30.8
group,irgc_affiliated,war,israel_army,ارتش صهیونیستی,54,0.048,12.5
group,irgc_affiliated,war,israel_army,ارتش اشغالگر,33,0.029,7.6
group,irgc_affiliated,war,usa_naming,رئیس دولت تروریستی آمریکا,29,0.026,0.4
group,irgc_affiliated,war,usa_naming,ارتش تروریستی آمریکا,125,0.11,1.6
group,irgc_affiliated,war,usa_naming,ارتش کودک‌کش آمریکا,0,0.0,0.0
group,irgc_affiliated,war,usa_naming,ارتش متجاوز آمریکا,20,0.018,0.3
group,irgc_affiliated,war,usa_naming,شیطان بزرگ,15,0.013,0.2
group,irgc_affiliated,war,usa_naming,استکبار,168,0.148,2.1
group,irgc_affiliated,war,usa_naming,ایالات متحده,376,0.332,4.8
group,irgc_affiliated,war,usa_naming,آمریکا,6877,6.067,87.0
group,irgc_affiliated,war,usa_naming,کاخ سفید,110,0.097,1.4
group,irgc_affiliated,war,usa_naming,واشنگتن,183,0.161,2.3
group,irgc_affiliated,war,countries_actors,امارات,630,0.556,6.7
group,irgc_affiliated,war,countries_actors,بحرین,526,0.464,5.6
group,irgc_affiliated,war,countries_actors,کویت,529,0.467,5.6
group,irgc_affiliated,war,countries_actors,قطر,279,0.246,3.0
group,irgc_affiliated,war,countries_actors,"دریای عمان (sea, not the country)",30,0.026,0.3
group,irgc_affiliated,war,countries_actors,عمان,121,0.107,1.3
group,irgc_affiliated,war,countries_actors,عربستان,502,0.443,5.4
group,irgc_affiliated,war,countries_actors,اردن,168,0.148,1.8
group,irgc_affiliated,war,countries_actors,سوریه,66,0.058,0.7
group,irgc_affiliated,war,countries_actors,یمن,233,0.206,2.5
group,irgc_affiliated,war,countries_actors,انصارالله / حوثی‌ها,79,0.07,0.8
group,irgc_affiliated,war,countries_actors,عراق,753,0.664,8.0
group,irgc_affiliated,war,countries_actors,مقاومت عراق / حشد شعبی,194,0.171,2.1
group,irgc_affiliated,war,countries_actors,فلسطین اشغالی (Israel),750,0.662,8.0
group,irgc_affiliated,war,countries_actors,فلسطین,190,0.168,2.0
group,irgc_affiliated,war,countries_actors,غزه,92,0.081,1.0
group,irgc_affiliated,war,countries_actors,حماس,21,0.019,0.2
group,irgc_affiliated,war,countries_actors,حزب‌الله,1406,1.24,15.0
group,irgc_affiliated,war,countries_actors,لبنان,998,0.88,10.6
group,irgc_affiliated,war,countries_actors,ترکیه,166,0.146,1.8
group,irgc_affiliated,war,countries_actors,روسیه,272,0.24,2.9
group,irgc_affiliated,war,countries_actors,چین,151,0.133,1.6
group,irgc_affiliated,war,countries_actors,آذربایجان شرقی/غربی (Iranian provinces),76,0.067,0.8
group,irgc_affiliated,war,countries_actors,جمهوری آذربایجان,73,0.064,0.8
group,irgc_affiliated,war,countries_actors,پاکستان,182,0.161,1.9
group,irgc_affiliated,war,countries_actors,آلمان,107,0.094,1.1
group,irgc_affiliated,war,countries_actors,اتحادیه اروپا,201,0.177,2.1
group,irgc_affiliated,war,countries_actors,انگلیس,212,0.187,2.3
group,irgc_affiliated,war,countries_actors,فرانسه,140,0.124,1.5
group,irgc_affiliated,war,countries_actors,ایتالیا,47,0.041,0.5
group,irgc_affiliated,war,countries_actors,اسپانیا,60,0.053,0.6
group,irgc_affiliated,war,crimes,نسل‌کشی,33,0.029,2.2
group,irgc_affiliated,war,crimes,کودک‌کش / کودک‌کشی,176,0.155,11.6
group,irgc_affiliated,war,crimes,جنایت جنگی,149,0.131,9.8
group,irgc_affiliated,war,crimes,جنایت,558,0.492,36.7
group,irgc_affiliated,war,crimes,کشتار,92,0.081,6.0
group,irgc_affiliated,war,crimes,میناب (school attack),514,0.453,33.8
group,irgc_affiliated,war,diplomacy,مذاکره / مذاکرات,390,0.344,36.3
group,irgc_affiliated,war,diplomacy,گفت‌وگو,175,0.154,16.3
group,irgc_affiliated,war,diplomacy,توافق,118,0.104,11.0
group,irgc_affiliated,war,diplomacy,برجام,8,0.007,0.7
group,irgc_affiliated,war,diplomacy,دیپلماسی,90,0.079,8.4
group,irgc_affiliated,war,diplomacy,آتش‌بس,132,0.116,12.3
group,irgc_affiliated,war,diplomacy,صلح,161,0.142,15.0
group,irgc_affiliated,war,diplomacy,تفاهم‌نامه,1,0.001,0.1
group,irgc_affiliated,war,revenge,انتقام سخت,18,0.016,3.3
group,irgc_affiliated,war,revenge,انتقام,309,0.273,57.0
group,irgc_affiliated,war,revenge,خونخواهی,188,0.166,34.7
group,irgc_affiliated,war,revenge,قصاص,5,0.004,0.9
group,irgc_affiliated,war,revenge,پاسخ پشیمان‌کننده / کوبنده,22,0.019,4.1
group,irgc_affiliated,war,persons,ترامپ,2360,2.082,45.1
group,irgc_affiliated,war,persons,نتانیاهو,515,0.454,9.8
group,irgc_affiliated,war,persons,پزشکیان,190,0.168,3.6
group,irgc_affiliated,war,persons,عراقچی,411,0.363,7.8
group,irgc_affiliated,war,persons,بقائی,84,0.074,1.6
group,irgc_affiliated,war,persons,ظریف,24,0.021,0.5
group,irgc_affiliated,war,persons,خاتمی,12,0.011,0.2
group,irgc_affiliated,war,persons,حسن روحانی,8,0.007,0.2
group,irgc_affiliated,war,persons,احمدی‌نژاد,1,0.001,0.0
group,irgc_affiliated,war,persons,قالیباف,259,0.229,4.9
group,irgc_affiliated,war,persons,سخنگوی وزارت امور خارجه,99,0.087,1.9
group,irgc_affiliated,war,persons,وزیر امور خارجه,534,0.471,10.2
group,irgc_affiliated,war,labels_opponents,خائن / خیانت,97,0.086,14.1
group,irgc_affiliated,war,labels_opponents,وطن‌فروش,113,0.1,16.4
group,irgc_affiliated,war,labels_opponents,مزدور,311,0.274,45.1
group,irgc_affiliated,war,labels_opponents,منافقین,91,0.08,13.2
group,irgc_affiliated,war,labels_opponents,اغتشاشگر,11,0.01,1.6
group,irgc_affiliated,war,labels_opponents,ضدانقلاب,67,0.059,9.7
group,irgc_affiliated,war,countries_actors,جهاد اسلامی,1,0.001,0.0
group,irgc_affiliated,war,countries_actors,کتائب حزب‌الله,8,0.007,0.1
group,irgc_affiliated,war,countries_actors,داعش,11,0.01,0.1
group,irgc_affiliated,war,countries_actors,طالبان,12,0.011,0.1
group,irgc_affiliated,war,countries_actors,جیش‌العدل,0,0.0,0.0
group,irgc_affiliated,war,countries_actors,پژاک,2,0.002,0.0
group,irgc_affiliated,war,countries_actors,کومله,18,0.016,0.2
group,irgc_affiliated,war,countries_actors,مجاهدین خلق,0,0.0,0.0
group,irgc_affiliated,war,countries_actors,سلطنت‌طلبان,12,0.011,0.1
group,irgc_affiliated,war,countries_actors,رضا پهلوی,56,0.049,0.6
group,irgc_affiliated,war,persons,رئیس‌جمهور آمریکا (US president),183,0.161,3.5
group,irgc_affiliated,war,persons,"رئیس‌جمهور (other, mostly Iran)",557,0.491,10.6
group,irgc_affiliated,war,israel_naming,رژیم کودک‌کش,64,0.056,1.1
group,irgc_affiliated,war,israel_naming,صهیونیست‌های کودک‌کش,2,0.002,0.0
group,irgc_affiliated,war,israel_army,ارتش کودک‌کش آمریکا (USA – not counted as Israel),0,0.0,0.0
group,irgc_affiliated,war,israel_army,ارتش کودک‌کش (Israel),15,0.013,3.5
group,irgc_affiliated,ceasefire,israel_naming,اسرائیل,3745,1.959,49.9
group,irgc_affiliated,ceasefire,israel_naming,رژیم صهیونیستی,2991,1.565,39.9
group,irgc_affiliated,ceasefire,israel_naming,رژیم اشغالگر,167,0.087,2.2
group,irgc_affiliated,ceasefire,israel_naming,رژیم غاصب,11,0.006,0.1
group,irgc_affiliated,ceasefire,israel_naming,صهیونیست‌ها,476,0.249,6.3
group,irgc_affiliated,ceasefire,israel_naming,دشمن صهیونیستی,87,0.046,1.2
group,irgc_affiliated,ceasefire,israel_territory,اسرائیل,3745,1.959,85.6
group,irgc_affiliated,ceasefire,israel_territory,فلسطین اشغالی,345,0.18,7.9
group,irgc_affiliated,ceasefire,israel_territory,سرزمین‌های اشغالی,165,0.086,3.8
group,irgc_affiliated,ceasefire,israel_territory,اراضی اشغالی,119,0.062,2.7
group,irgc_affiliated,ceasefire,israel_army,ارتش اسرائیل,433,0.226,40.2
group,irgc_affiliated,ceasefire,israel_army,ارتش رژیم صهیونیستی,406,0.212,37.7
group,irgc_affiliated,ceasefire,israel_army,ارتش صهیونیستی,132,0.069,12.3
group,irgc_affiliated,ceasefire,israel_army,ارتش اشغالگر,90,0.047,8.4
group,irgc_affiliated,ceasefire,usa_naming,رئیس دولت تروریستی آمریکا,130,0.068,1.2
group,irgc_affiliated,ceasefire,usa_naming,ارتش تروریستی آمریکا,90,0.047,0.8
group,irgc_affiliated,ceasefire,usa_naming,ارتش کودک‌کش آمریکا,9,0.005,0.1
group,irgc_affiliated,ceasefire,usa_naming,ارتش متجاوز آمریکا,26,0.014,0.2
group,irgc_affiliated,ceasefire,usa_naming,شیطان بزرگ,19,0.01,0.2
group,irgc_affiliated,ceasefire,usa_naming,استکبار,112,0.059,1.0
group,irgc_affiliated,ceasefire,usa_naming,ایالات متحده,684,0.358,6.1
group,irgc_affiliated,ceasefire,usa_naming,آمریکا,9252,4.84,82.0
group,irgc_affiliated,ceasefire,usa_naming,کاخ سفید,332,0.174,2.9
group,irgc_affiliated,ceasefire,usa_naming,واشنگتن,626,0.327,5.5
group,irgc_affiliated,ceasefire,countries_actors,امارات,873,0.457,4.3
group,irgc_affiliated,ceasefire,countries_actors,بحرین,320,0.167,1.6
group,irgc_affiliated,ceasefire,countries_actors,کویت,328,0.172,1.6
group,irgc_affiliated,ceasefire,countries_actors,قطر,472,0.247,2.3
group,irgc_affiliated,ceasefire,countries_actors,"دریای عمان (sea, not the country)",102,0.053,0.5
group,irgc_affiliated,ceasefire,countries_actors,عمان,416,0.218,2.1
group,irgc_affiliated,ceasefire,countries_actors,عربستان,565,0.296,2.8
group,irgc_affiliated,ceasefire,countries_actors,اردن,109,0.057,0.5
group,irgc_affiliated,ceasefire,countries_actors,سوریه,258,0.135,1.3
group,irgc_affiliated,ceasefire,countries_actors,یمن,353,0.185,1.7
group,irgc_affiliated,ceasefire,countries_actors,انصارالله / حوثی‌ها,118,0.062,0.6
group,irgc_affiliated,ceasefire,countries_actors,عراق,1017,0.532,5.0
group,irgc_affiliated,ceasefire,countries_actors,مقاومت عراق / حشد شعبی,53,0.028,0.3
group,irgc_affiliated,ceasefire,countries_actors,فلسطین اشغالی (Israel),345,0.18,1.7
group,irgc_affiliated,ceasefire,countries_actors,فلسطین,382,0.2,1.9
group,irgc_affiliated,ceasefire,countries_actors,غزه,780,0.408,3.9
group,irgc_affiliated,ceasefire,countries_actors,حماس,164,0.086,0.8
group,irgc_affiliated,ceasefire,countries_actors,حزب‌الله,2288,1.197,11.3
group,irgc_affiliated,ceasefire,countries_actors,لبنان,4682,2.449,23.1
group,irgc_affiliated,ceasefire,countries_actors,ترکیه,457,0.239,2.3
group,irgc_affiliated,ceasefire,countries_actors,روسیه,1169,0.611,5.8
group,irgc_affiliated,ceasefire,countries_actors,چین,1014,0.53,5.0
group,irgc_affiliated,ceasefire,countries_actors,آذربایجان شرقی/غربی (Iranian provinces),85,0.044,0.4
group,irgc_affiliated,ceasefire,countries_actors,جمهوری آذربایجان,154,0.081,0.8
group,irgc_affiliated,ceasefire,countries_actors,پاکستان,1366,0.715,6.8
group,irgc_affiliated,ceasefire,countries_actors,آلمان,292,0.153,1.4
group,irgc_affiliated,ceasefire,countries_actors,اتحادیه اروپا,548,0.287,2.7
group,irgc_affiliated,ceasefire,countries_actors,انگلیس,528,0.276,2.6
group,irgc_affiliated,ceasefire,countries_actors,فرانسه,380,0.199,1.9
group,irgc_affiliated,ceasefire,countries_actors,ایتالیا,163,0.085,0.8
group,irgc_affiliated,ceasefire,countries_actors,اسپانیا,204,0.107,1.0
group,irgc_affiliated,ceasefire,crimes,نسل‌کشی,103,0.054,6.8
group,irgc_affiliated,ceasefire,crimes,کودک‌کش / کودک‌کشی,73,0.038,4.8
group,irgc_affiliated,ceasefire,crimes,جنایت جنگی,101,0.053,6.7
group,irgc_affiliated,ceasefire,crimes,جنایت,498,0.26,32.9
group,irgc_affiliated,ceasefire,crimes,کشتار,91,0.048,6.0
group,irgc_affiliated,ceasefire,crimes,میناب (school attack),647,0.338,42.8
group,irgc_affiliated,ceasefire,diplomacy,مذاکره / مذاکرات,3060,1.601,33.4
group,irgc_affiliated,ceasefire,diplomacy,گفت‌وگو,730,0.382,8.0
group,irgc_affiliated,ceasefire,diplomacy,توافق,1597,0.835,17.4
group,irgc_affiliated,ceasefire,diplomacy,برجام,58,0.03,0.6
group,irgc_affiliated,ceasefire,diplomacy,دیپلماسی,530,0.277,5.8
group,irgc_affiliated,ceasefire,diplomacy,آتش‌بس,1876,0.981,20.5
group,irgc_affiliated,ceasefire,diplomacy,صلح,490,0.256,5.3
group,irgc_affiliated,ceasefire,diplomacy,تفاهم‌نامه,825,0.432,9.0
group,irgc_affiliated,ceasefire,revenge,انتقام سخت,9,0.005,2.1
group,irgc_affiliated,ceasefire,revenge,انتقام,203,0.106,47.3
group,irgc_affiliated,ceasefire,revenge,خونخواهی,145,0.076,33.8
group,irgc_affiliated,ceasefire,revenge,قصاص,43,0.022,10.0
group,irgc_affiliated,ceasefire,revenge,پاسخ پشیمان‌کننده / کوبنده,29,0.015,6.8
group,irgc_affiliated,ceasefire,persons,ترامپ,4599,2.406,38.3
group,irgc_affiliated,ceasefire,persons,نتانیاهو,817,0.427,6.8
group,irgc_affiliated,ceasefire,persons,پزشکیان,710,0.371,5.9
group,irgc_affiliated,ceasefire,persons,عراقچی,838,0.438,7.0
group,irgc_affiliated,ceasefire,persons,بقائی,310,0.162,2.6
group,irgc_affiliated,ceasefire,persons,ظریف,6,0.003,0.0
group,irgc_affiliated,ceasefire,persons,خاتمی,8,0.004,0.1
group,irgc_affiliated,ceasefire,persons,حسن روحانی,0,0.0,0.0
group,irgc_affiliated,ceasefire,persons,احمدی‌نژاد,1,0.001,0.0
group,irgc_affiliated,ceasefire,persons,قالیباف,817,0.427,6.8
group,irgc_affiliated,ceasefire,persons,سخنگوی وزارت امور خارجه,565,0.296,4.7
group,irgc_affiliated,ceasefire,persons,وزیر امور خارجه,1325,0.693,11.0
group,irgc_affiliated,ceasefire,labels_opponents,خائن / خیانت,130,0.068,31.8
group,irgc_affiliated,ceasefire,labels_opponents,وطن‌فروش,58,0.03,14.2
group,irgc_affiliated,ceasefire,labels_opponents,مزدور,104,0.054,25.4
group,irgc_affiliated,ceasefire,labels_opponents,منافقین,32,0.017,7.8
group,irgc_affiliated,ceasefire,labels_opponents,اغتشاشگر,15,0.008,3.7
group,irgc_affiliated,ceasefire,labels_opponents,ضدانقلاب,70,0.037,17.1
group,irgc_affiliated,ceasefire,countries_actors,جهاد اسلامی,10,0.005,0.0
group,irgc_affiliated,ceasefire,countries_actors,کتائب حزب‌الله,5,0.003,0.0
group,irgc_affiliated,ceasefire,countries_actors,داعش,37,0.019,0.2
group,irgc_affiliated,ceasefire,countries_actors,طالبان,36,0.019,0.2
group,irgc_affiliated,ceasefire,countries_actors,جیش‌العدل,2,0.001,0.0
group,irgc_affiliated,ceasefire,countries_actors,پژاک,10,0.005,0.0
group,irgc_affiliated,ceasefire,countries_actors,کومله,14,0.007,0.1
group,irgc_affiliated,ceasefire,countries_actors,مجاهدین خلق,7,0.004,0.0
group,irgc_affiliated,ceasefire,countries_actors,سلطنت‌طلبان,27,0.014,0.1
group,irgc_affiliated,ceasefire,countries_actors,رضا پهلوی,104,0.054,0.5
group,irgc_affiliated,ceasefire,persons,رئیس‌جمهور آمریکا (US president),353,0.185,2.9
group,irgc_affiliated,ceasefire,persons,"رئیس‌جمهور (other, mostly Iran)",1658,0.867,13.8
group,irgc_affiliated,ceasefire,israel_naming,رژیم کودک‌کش,27,0.014,0.4
group,irgc_affiliated,ceasefire,israel_naming,صهیونیست‌های کودک‌کش,0,0.0,0.0
group,irgc_affiliated,ceasefire,israel_army,ارتش کودک‌کش آمریکا (USA – not counted as Israel),9,0.005,0.8
group,irgc_affiliated,ceasefire,israel_army,ارتش کودک‌کش (Israel),7,0.004,0.6
group,irgc_affiliated,after_truce_collapse,israel_naming,اسرائیل,920,0.878,37.6
group,irgc_affiliated,after_truce_collapse,israel_naming,رژیم صهیونیستی,1287,1.228,52.6
group,irgc_affiliated,after_truce_collapse,israel_naming,رژیم اشغالگر,70,0.067,2.9
group,irgc_affiliated,after_truce_collapse,israel_naming,رژیم غاصب,8,0.008,0.3
group,irgc_affiliated,after_truce_collapse,israel_naming,صهیونیست‌ها,133,0.127,5.4
group,irgc_affiliated,after_truce_collapse,israel_naming,دشمن صهیونیستی,15,0.014,0.6
group,irgc_affiliated,after_truce_collapse,israel_territory,اسرائیل,920,0.878,89.5
group,irgc_affiliated,after_truce_collapse,israel_territory,فلسطین اشغالی,37,0.035,3.6
group,irgc_affiliated,after_truce_collapse,israel_territory,سرزمین‌های اشغالی,60,0.057,5.8
group,irgc_affiliated,after_truce_collapse,israel_territory,اراضی اشغالی,11,0.01,1.1
group,irgc_affiliated,after_truce_collapse,israel_army,ارتش اسرائیل,67,0.064,17.2
group,irgc_affiliated,after_truce_collapse,israel_army,ارتش رژیم صهیونیستی,138,0.132,35.4
group,irgc_affiliated,after_truce_collapse,israel_army,ارتش صهیونیستی,23,0.022,5.9
group,irgc_affiliated,after_truce_collapse,israel_army,ارتش اشغالگر,38,0.036,9.7
group,irgc_affiliated,after_truce_collapse,usa_naming,رئیس دولت تروریستی آمریکا,59,0.056,1.0
group,irgc_affiliated,after_truce_collapse,usa_naming,ارتش تروریستی آمریکا,187,0.178,3.0
group,irgc_affiliated,after_truce_collapse,usa_naming,ارتش کودک‌کش آمریکا,92,0.088,1.5
group,irgc_affiliated,after_truce_collapse,usa_naming,ارتش متجاوز آمریکا,31,0.03,0.5
group,irgc_affiliated,after_truce_collapse,usa_naming,شیطان بزرگ,36,0.034,0.6
group,irgc_affiliated,after_truce_collapse,usa_naming,استکبار,76,0.073,1.2
group,irgc_affiliated,after_truce_collapse,usa_naming,ایالات متحده,221,0.211,3.6
group,irgc_affiliated,after_truce_collapse,usa_naming,آمریکا,5049,4.818,81.9
group,irgc_affiliated,after_truce_collapse,usa_naming,کاخ سفید,83,0.079,1.3
group,irgc_affiliated,after_truce_collapse,usa_naming,واشنگتن,329,0.314,5.3
group,irgc_affiliated,after_truce_collapse,countries_actors,امارات,282,0.269,2.3
group,irgc_affiliated,after_truce_collapse,countries_actors,بحرین,446,0.426,3.6
group,irgc_affiliated,after_truce_collapse,countries_actors,کویت,618,0.59,5.0
group,irgc_affiliated,after_truce_collapse,countries_actors,قطر,345,0.329,2.8
group,irgc_affiliated,after_truce_collapse,countries_actors,"دریای عمان (sea, not the country)",57,0.054,0.5
group,irgc_affiliated,after_truce_collapse,countries_actors,عمان,429,0.409,3.5
group,irgc_affiliated,after_truce_collapse,countries_actors,عربستان,1416,1.351,11.5
group,irgc_affiliated,after_truce_collapse,countries_actors,اردن,481,0.459,3.9
group,irgc_affiliated,after_truce_collapse,countries_actors,سوریه,282,0.269,2.3
group,irgc_affiliated,after_truce_collapse,countries_actors,یمن,1050,1.002,8.6
group,irgc_affiliated,after_truce_collapse,countries_actors,انصارالله / حوثی‌ها,190,0.181,1.5
group,irgc_affiliated,after_truce_collapse,countries_actors,عراق,1517,1.448,12.4
group,irgc_affiliated,after_truce_collapse,countries_actors,مقاومت عراق / حشد شعبی,101,0.096,0.8
group,irgc_affiliated,after_truce_collapse,countries_actors,فلسطین اشغالی (Israel),37,0.035,0.3
group,irgc_affiliated,after_truce_collapse,countries_actors,فلسطین,273,0.261,2.2
group,irgc_affiliated,after_truce_collapse,countries_actors,غزه,476,0.454,3.9
group,irgc_affiliated,after_truce_collapse,countries_actors,حماس,118,0.113,1.0
group,irgc_affiliated,after_truce_collapse,countries_actors,حزب‌الله,226,0.216,1.8
group,irgc_affiliated,after_truce_collapse,countries_actors,لبنان,1027,0.98,8.4
group,irgc_affiliated,after_truce_collapse,countries_actors,ترکیه,281,0.268,2.3
group,irgc_affiliated,after_truce_collapse,countries_actors,روسیه,646,0.616,5.3
group,irgc_affiliated,after_truce_collapse,countries_actors,چین,331,0.316,2.7
group,irgc_affiliated,after_truce_collapse,countries_actors,آذربایجان شرقی/غربی (Iranian provinces),34,0.032,0.3
group,irgc_affiliated,after_truce_collapse,countries_actors,جمهوری آذربایجان,60,0.057,0.5
group,irgc_affiliated,after_truce_collapse,countries_actors,پاکستان,320,0.305,2.6
group,irgc_affiliated,after_truce_collapse,countries_actors,آلمان,88,0.084,0.7
group,irgc_affiliated,after_truce_collapse,countries_actors,اتحادیه اروپا,173,0.165,1.4
group,irgc_affiliated,after_truce_collapse,countries_actors,انگلیس,394,0.376,3.2
group,irgc_affiliated,after_truce_collapse,countries_actors,فرانسه,221,0.211,1.8
group,irgc_affiliated,after_truce_collapse,countries_actors,ایتالیا,42,0.04,0.3
group,irgc_affiliated,after_truce_collapse,countries_actors,اسپانیا,187,0.178,1.5
group,irgc_affiliated,after_truce_collapse,crimes,نسل‌کشی,67,0.064,6.9
group,irgc_affiliated,after_truce_collapse,crimes,کودک‌کش / کودک‌کشی,169,0.161,17.3
group,irgc_affiliated,after_truce_collapse,crimes,جنایت جنگی,84,0.08,8.6
group,irgc_affiliated,after_truce_collapse,crimes,جنایت,367,0.35,37.6
group,irgc_affiliated,after_truce_collapse,crimes,کشتار,48,0.046,4.9
group,irgc_affiliated,after_truce_collapse,crimes,میناب (school attack),240,0.229,24.6
group,irgc_affiliated,after_truce_collapse,diplomacy,مذاکره / مذاکرات,613,0.585,28.1
group,irgc_affiliated,after_truce_collapse,diplomacy,گفت‌وگو,358,0.342,16.4
group,irgc_affiliated,after_truce_collapse,diplomacy,توافق,372,0.355,17.1
group,irgc_affiliated,after_truce_collapse,diplomacy,برجام,21,0.02,1.0
group,irgc_affiliated,after_truce_collapse,diplomacy,دیپلماسی,150,0.143,6.9
group,irgc_affiliated,after_truce_collapse,diplomacy,آتش‌بس,140,0.134,6.4
group,irgc_affiliated,after_truce_collapse,diplomacy,صلح,194,0.185,8.9
group,irgc_affiliated,after_truce_collapse,diplomacy,تفاهم‌نامه,331,0.316,15.2
group,irgc_affiliated,after_truce_collapse,revenge,انتقام سخت,1,0.001,0.2
group,irgc_affiliated,after_truce_collapse,revenge,انتقام,247,0.236,51.0
group,irgc_affiliated,after_truce_collapse,revenge,خونخواهی,188,0.179,38.8
group,irgc_affiliated,after_truce_collapse,revenge,قصاص,36,0.034,7.4
group,irgc_affiliated,after_truce_collapse,revenge,پاسخ پشیمان‌کننده / کوبنده,12,0.011,2.5
group,irgc_affiliated,after_truce_collapse,persons,ترامپ,1643,1.568,33.7
group,irgc_affiliated,after_truce_collapse,persons,نتانیاهو,279,0.266,5.7
group,irgc_affiliated,after_truce_collapse,persons,پزشکیان,386,0.368,7.9
group,irgc_affiliated,after_truce_collapse,persons,عراقچی,317,0.303,6.5
group,irgc_affiliated,after_truce_collapse,persons,بقائی,191,0.182,3.9
group,irgc_affiliated,after_truce_collapse,persons,ظریف,9,0.009,0.2
group,irgc_affiliated,after_truce_collapse,persons,خاتمی,38,0.036,0.8
group,irgc_affiliated,after_truce_collapse,persons,حسن روحانی,0,0.0,0.0
group,irgc_affiliated,after_truce_collapse,persons,احمدی‌نژاد,2,0.002,0.0
group,irgc_affiliated,after_truce_collapse,persons,قالیباف,292,0.279,6.0
group,irgc_affiliated,after_truce_collapse,persons,سخنگوی وزارت امور خارجه,268,0.256,5.5
group,irgc_affiliated,after_truce_collapse,persons,وزیر امور خارجه,520,0.496,10.7
group,irgc_affiliated,after_truce_collapse,labels_opponents,خائن / خیانت,33,0.031,11.0
group,irgc_affiliated,after_truce_collapse,labels_opponents,وطن‌فروش,11,0.01,3.7
group,irgc_affiliated,after_truce_collapse,labels_opponents,مزدور,177,0.169,58.8
group,irgc_affiliated,after_truce_collapse,labels_opponents,منافقین,22,0.021,7.3
group,irgc_affiliated,after_truce_collapse,labels_opponents,اغتشاشگر,15,0.014,5.0
group,irgc_affiliated,after_truce_collapse,labels_opponents,ضدانقلاب,43,0.041,14.3
group,irgc_affiliated,after_truce_collapse,countries_actors,جهاد اسلامی,11,0.01,0.1
group,irgc_affiliated,after_truce_collapse,countries_actors,کتائب حزب‌الله,7,0.007,0.1
group,irgc_affiliated,after_truce_collapse,countries_actors,داعش,38,0.036,0.3
group,irgc_affiliated,after_truce_collapse,countries_actors,طالبان,9,0.009,0.1
group,irgc_affiliated,after_truce_collapse,countries_actors,جیش‌العدل,0,0.0,0.0
group,irgc_affiliated,after_truce_collapse,countries_actors,پژاک,8,0.008,0.1
group,irgc_affiliated,after_truce_collapse,countries_actors,کومله,6,0.006,0.0
group,irgc_affiliated,after_truce_collapse,countries_actors,مجاهدین خلق,0,0.0,0.0
group,irgc_affiliated,after_truce_collapse,countries_actors,سلطنت‌طلبان,10,0.01,0.1
group,irgc_affiliated,after_truce_collapse,countries_actors,رضا پهلوی,35,0.033,0.3
group,irgc_affiliated,after_truce_collapse,persons,رئیس‌جمهور آمریکا (US president),142,0.136,2.9
group,irgc_affiliated,after_truce_collapse,persons,"رئیس‌جمهور (other, mostly Iran)",790,0.754,16.2
group,irgc_affiliated,after_truce_collapse,israel_naming,رژیم کودک‌کش,16,0.015,0.7
group,irgc_affiliated,after_truce_collapse,israel_naming,صهیونیست‌های کودک‌کش,0,0.0,0.0
group,irgc_affiliated,after_truce_collapse,israel_army,ارتش کودک‌کش آمریکا (USA – not counted as Israel),92,0.088,23.6
group,irgc_affiliated,after_truce_collapse,israel_army,ارتش کودک‌کش (Israel),32,0.031,8.2
group,reformist,all,israel_naming,اسرائیل,6041,2.019,65.0
group,reformist,all,israel_naming,رژیم صهیونیستی,2702,0.903,29.1
group,reformist,all,israel_naming,رژیم اشغالگر,119,0.04,1.3
group,reformist,all,israel_naming,رژیم غاصب,30,0.01,0.3
group,reformist,all,israel_naming,صهیونیست‌ها,294,0.098,3.2
group,reformist,all,israel_naming,دشمن صهیونیستی,61,0.02,0.7
group,reformist,all,israel_territory,اسرائیل,6041,2.019,88.0
group,reformist,all,israel_territory,فلسطین اشغالی,217,0.073,3.2
group,reformist,all,israel_territory,سرزمین‌های اشغالی,425,0.142,6.2
group,reformist,all,israel_territory,اراضی اشغالی,181,0.061,2.6
group,reformist,all,israel_army,ارتش اسرائیل,301,0.101,49.0
group,reformist,all,israel_army,ارتش رژیم صهیونیستی,180,0.06,29.3
group,reformist,all,israel_army,ارتش صهیونیستی,45,0.015,7.3
group,reformist,all,israel_army,ارتش اشغالگر,33,0.011,5.4
group,reformist,all,usa_naming,رئیس دولت تروریستی آمریکا,14,0.005,0.1
group,reformist,all,usa_naming,ارتش تروریستی آمریکا,220,0.074,1.0
group,reformist,all,usa_naming,ارتش کودک‌کش آمریکا,39,0.013,0.2
group,reformist,all,usa_naming,ارتش متجاوز آمریکا,31,0.01,0.1
group,reformist,all,usa_naming,شیطان بزرگ,31,0.01,0.1
group,reformist,all,usa_naming,استکبار,122,0.041,0.6
group,reformist,all,usa_naming,ایالات متحده,2376,0.794,10.8
group,reformist,all,usa_naming,آمریکا,16769,5.606,76.2
group,reformist,all,usa_naming,کاخ سفید,624,0.209,2.8
group,reformist,all,usa_naming,واشنگتن,1793,0.599,8.1
group,reformist,all,countries_actors,امارات,1160,0.388,4.5
group,reformist,all,countries_actors,بحرین,510,0.17,2.0
group,reformist,all,countries_actors,کویت,714,0.239,2.8
group,reformist,all,countries_actors,قطر,906,0.303,3.5
group,reformist,all,countries_actors,"دریای عمان (sea, not the country)",98,0.033,0.4
group,reformist,all,countries_actors,عمان,1011,0.338,4.0
group,reformist,all,countries_actors,عربستان,1461,0.488,5.7
group,reformist,all,countries_actors,اردن,378,0.126,1.5
group,reformist,all,countries_actors,سوریه,479,0.16,1.9
group,reformist,all,countries_actors,یمن,555,0.186,2.2
group,reformist,all,countries_actors,انصارالله / حوثی‌ها,218,0.073,0.9
group,reformist,all,countries_actors,عراق,1842,0.616,7.2
group,reformist,all,countries_actors,مقاومت عراق / حشد شعبی,84,0.028,0.3
group,reformist,all,countries_actors,فلسطین اشغالی (Israel),217,0.073,0.8
group,reformist,all,countries_actors,فلسطین,377,0.126,1.5
group,reformist,all,countries_actors,غزه,676,0.226,2.6
group,reformist,all,countries_actors,حماس,193,0.065,0.8
group,reformist,all,countries_actors,حزب‌الله,1325,0.443,5.2
group,reformist,all,countries_actors,لبنان,3148,1.052,12.3
group,reformist,all,countries_actors,ترکیه,849,0.284,3.3
group,reformist,all,countries_actors,روسیه,2080,0.695,8.1
group,reformist,all,countries_actors,چین,1524,0.509,6.0
group,reformist,all,countries_actors,آذربایجان شرقی/غربی (Iranian provinces),88,0.029,0.3
group,reformist,all,countries_actors,جمهوری آذربایجان,222,0.074,0.9
group,reformist,all,countries_actors,پاکستان,1743,0.583,6.8
group,reformist,all,countries_actors,آلمان,402,0.134,1.6
group,reformist,all,countries_actors,اتحادیه اروپا,1040,0.348,4.1
group,reformist,all,countries_actors,انگلیس,788,0.263,3.1
group,reformist,all,countries_actors,فرانسه,611,0.204,2.4
group,reformist,all,countries_actors,ایتالیا,199,0.067,0.8
group,reformist,all,countries_actors,اسپانیا,263,0.088,1.0
group,reformist,all,crimes,نسل‌کشی,147,0.049,6.5
group,reformist,all,crimes,کودک‌کش / کودک‌کشی,170,0.057,7.6
group,reformist,all,crimes,جنایت جنگی,275,0.092,12.2
group,reformist,all,crimes,جنایت,747,0.25,33.3
group,reformist,all,crimes,کشتار,195,0.065,8.7
group,reformist,all,crimes,میناب (school attack),712,0.238,31.7
group,reformist,all,diplomacy,مذاکره / مذاکرات,5782,1.933,35.9
group,reformist,all,diplomacy,گفت‌وگو,1638,0.548,10.2
group,reformist,all,diplomacy,توافق,3376,1.129,20.9
group,reformist,all,diplomacy,برجام,156,0.052,1.0
group,reformist,all,diplomacy,دیپلماسی,1224,0.409,7.6
group,reformist,all,diplomacy,آتش‌بس,1709,0.571,10.6
group,reformist,all,diplomacy,صلح,1262,0.422,7.8
group,reformist,all,diplomacy,تفاهم‌نامه,981,0.328,6.1
group,reformist,all,revenge,انتقام سخت,6,0.002,1.8
group,reformist,all,revenge,انتقام,208,0.07,60.8
group,reformist,all,revenge,خونخواهی,53,0.018,15.5
group,reformist,all,revenge,قصاص,48,0.016,14.0
group,reformist,all,revenge,پاسخ پشیمان‌کننده / کوبنده,27,0.009,7.9
group,reformist,all,persons,ترامپ,9291,3.106,38.4
group,reformist,all,persons,نتانیاهو,1508,0.504,6.2
group,reformist,all,persons,پزشکیان,1683,0.563,7.0
group,reformist,all,persons,عراقچی,1387,0.464,5.7
group,reformist,all,persons,بقائی,380,0.127,1.6
group,reformist,all,persons,ظریف,186,0.062,0.8
group,reformist,all,persons,خاتمی,366,0.122,1.5
group,reformist,all,persons,حسن روحانی,78,0.026,0.3
group,reformist,all,persons,احمدی‌نژاد,49,0.016,0.2
group,reformist,all,persons,قالیباف,821,0.274,3.4
group,reformist,all,persons,سخنگوی وزارت امور خارجه,869,0.29,3.6
group,reformist,all,persons,وزیر امور خارجه,2397,0.801,9.9
group,reformist,all,labels_opponents,خائن / خیانت,210,0.07,32.5
group,reformist,all,labels_opponents,وطن‌فروش,44,0.015,6.8
group,reformist,all,labels_opponents,مزدور,137,0.046,21.2
group,reformist,all,labels_opponents,منافقین,83,0.028,12.8
group,reformist,all,labels_opponents,اغتشاشگر,106,0.035,16.4
group,reformist,all,labels_opponents,ضدانقلاب,66,0.022,10.2
group,reformist,all,countries_actors,جهاد اسلامی,6,0.002,0.0
group,reformist,all,countries_actors,کتائب حزب‌الله,14,0.005,0.1
group,reformist,all,countries_actors,داعش,74,0.025,0.3
group,reformist,all,countries_actors,طالبان,101,0.034,0.4
group,reformist,all,countries_actors,جیش‌العدل,4,0.001,0.0
group,reformist,all,countries_actors,پژاک,28,0.009,0.1
group,reformist,all,countries_actors,کومله,16,0.005,0.1
group,reformist,all,countries_actors,مجاهدین خلق,14,0.005,0.1
group,reformist,all,countries_actors,سلطنت‌طلبان,32,0.011,0.1
group,reformist,all,countries_actors,رضا پهلوی,110,0.037,0.4
group,reformist,all,persons,رئیس‌جمهور آمریکا (US president),848,0.283,3.5
group,reformist,all,persons,"رئیس‌جمهور (other, mostly Iran)",4304,1.439,17.8
group,reformist,all,israel_naming,رژیم کودک‌کش,47,0.016,0.5
group,reformist,all,israel_naming,صهیونیست‌های کودک‌کش,1,0.0,0.0
group,reformist,all,israel_army,ارتش کودک‌کش آمریکا (USA – not counted as Israel),39,0.013,6.4
group,reformist,all,israel_army,ارتش کودک‌کش (Israel),16,0.005,2.6
group,reformist,before_war,israel_naming,اسرائیل,596,1.272,65.9
group,reformist,before_war,israel_naming,رژیم صهیونیستی,251,0.536,27.8
group,reformist,before_war,israel_naming,رژیم اشغالگر,22,0.047,2.4
group,reformist,before_war,israel_naming,رژیم غاصب,1,0.002,0.1
group,reformist,before_war,israel_naming,صهیونیست‌ها,32,0.068,3.5
group,reformist,before_war,israel_naming,دشمن صهیونیستی,1,0.002,0.1
group,reformist,before_war,israel_territory,اسرائیل,596,1.272,91.1
group,reformist,before_war,israel_territory,فلسطین اشغالی,19,0.041,2.9
group,reformist,before_war,israel_territory,سرزمین‌های اشغالی,25,0.053,3.8
group,reformist,before_war,israel_territory,اراضی اشغالی,14,0.03,2.1
group,reformist,before_war,israel_army,ارتش اسرائیل,18,0.038,54.5
group,reformist,before_war,israel_army,ارتش رژیم صهیونیستی,12,0.026,36.4
group,reformist,before_war,israel_army,ارتش صهیونیستی,1,0.002,3.0
group,reformist,before_war,israel_army,ارتش اشغالگر,2,0.004,6.1
group,reformist,before_war,usa_naming,رئیس دولت تروریستی آمریکا,0,0.0,0.0
group,reformist,before_war,usa_naming,ارتش تروریستی آمریکا,0,0.0,0.0
group,reformist,before_war,usa_naming,ارتش کودک‌کش آمریکا,0,0.0,0.0
group,reformist,before_war,usa_naming,ارتش متجاوز آمریکا,0,0.0,0.0
group,reformist,before_war,usa_naming,شیطان بزرگ,4,0.009,0.1
group,reformist,before_war,usa_naming,استکبار,15,0.032,0.5
group,reformist,before_war,usa_naming,ایالات متحده,367,0.783,11.7
group,reformist,before_war,usa_naming,آمریکا,2359,5.033,75.3
group,reformist,before_war,usa_naming,کاخ سفید,100,0.213,3.2
group,reformist,before_war,usa_naming,واشنگتن,288,0.614,9.2
group,reformist,before_war,countries_actors,امارات,69,0.147,2.1
group,reformist,before_war,countries_actors,بحرین,7,0.015,0.2
group,reformist,before_war,countries_actors,کویت,21,0.045,0.6
group,reformist,before_war,countries_actors,قطر,132,0.282,3.9
group,reformist,before_war,countries_actors,"دریای عمان (sea, not the country)",8,0.017,0.2
group,reformist,before_war,countries_actors,عمان,216,0.461,6.4
group,reformist,before_war,countries_actors,عربستان,150,0.32,4.5
group,reformist,before_war,countries_actors,اردن,38,0.081,1.1
group,reformist,before_war,countries_actors,سوریه,125,0.267,3.7
group,reformist,before_war,countries_actors,یمن,42,0.09,1.2
group,reformist,before_war,countries_actors,انصارالله / حوثی‌ها,29,0.062,0.9
group,reformist,before_war,countries_actors,عراق,223,0.476,6.6
group,reformist,before_war,countries_actors,مقاومت عراق / حشد شعبی,2,0.004,0.1
group,reformist,before_war,countries_actors,فلسطین اشغالی (Israel),19,0.041,0.6
group,reformist,before_war,countries_actors,فلسطین,65,0.139,1.9
group,reformist,before_war,countries_actors,غزه,174,0.371,5.2
group,reformist,before_war,countries_actors,حماس,47,0.1,1.4
group,reformist,before_war,countries_actors,حزب‌الله,83,0.177,2.5
group,reformist,before_war,countries_actors,لبنان,171,0.365,5.1
group,reformist,before_war,countries_actors,ترکیه,179,0.382,5.3
group,reformist,before_war,countries_actors,روسیه,461,0.984,13.7
group,reformist,before_war,countries_actors,چین,196,0.418,5.8
group,reformist,before_war,countries_actors,آذربایجان شرقی/غربی (Iranian provinces),22,0.047,0.7
group,reformist,before_war,countries_actors,جمهوری آذربایجان,53,0.113,1.6
group,reformist,before_war,countries_actors,پاکستان,144,0.307,4.3
group,reformist,before_war,countries_actors,آلمان,77,0.164,2.3
group,reformist,before_war,countries_actors,اتحادیه اروپا,237,0.506,7.0
group,reformist,before_war,countries_actors,انگلیس,104,0.222,3.1
group,reformist,before_war,countries_actors,فرانسه,99,0.211,2.9
group,reformist,before_war,countries_actors,ایتالیا,26,0.055,0.8
group,reformist,before_war,countries_actors,اسپانیا,6,0.013,0.2
group,reformist,before_war,crimes,نسل‌کشی,29,0.062,24.4
group,reformist,before_war,crimes,کودک‌کش / کودک‌کشی,3,0.006,2.5
group,reformist,before_war,crimes,جنایت جنگی,6,0.013,5.0
group,reformist,before_war,crimes,جنایت,55,0.117,46.2
group,reformist,before_war,crimes,کشتار,25,0.053,21.0
group,reformist,before_war,crimes,میناب (school attack),1,0.002,0.8
group,reformist,before_war,diplomacy,مذاکره / مذاکرات,1207,2.575,48.4
group,reformist,before_war,diplomacy,گفت‌وگو,334,0.713,13.4
group,reformist,before_war,diplomacy,توافق,459,0.979,18.4
group,reformist,before_war,diplomacy,برجام,38,0.081,1.5
group,reformist,before_war,diplomacy,دیپلماسی,228,0.486,9.1
group,reformist,before_war,diplomacy,آتش‌بس,33,0.07,1.3
group,reformist,before_war,diplomacy,صلح,185,0.395,7.4
group,reformist,before_war,diplomacy,تفاهم‌نامه,11,0.023,0.4
group,reformist,before_war,revenge,انتقام سخت,0,0.0,0.0
group,reformist,before_war,revenge,انتقام,7,0.015,43.8
group,reformist,before_war,revenge,خونخواهی,1,0.002,6.2
group,reformist,before_war,revenge,قصاص,5,0.011,31.2
group,reformist,before_war,revenge,پاسخ پشیمان‌کننده / کوبنده,3,0.006,18.8
group,reformist,before_war,persons,ترامپ,1414,3.017,32.5
group,reformist,before_war,persons,نتانیاهو,224,0.478,5.2
group,reformist,before_war,persons,پزشکیان,333,0.71,7.7
group,reformist,before_war,persons,عراقچی,355,0.757,8.2
group,reformist,before_war,persons,بقائی,48,0.102,1.1
group,reformist,before_war,persons,ظریف,18,0.038,0.4
group,reformist,before_war,persons,خاتمی,40,0.085,0.9
group,reformist,before_war,persons,حسن روحانی,18,0.038,0.4
group,reformist,before_war,persons,احمدی‌نژاد,3,0.006,0.1
group,reformist,before_war,persons,قالیباف,46,0.098,1.1
group,reformist,before_war,persons,سخنگوی وزارت امور خارجه,146,0.311,3.4
group,reformist,before_war,persons,وزیر امور خارجه,587,1.252,13.5
group,reformist,before_war,labels_opponents,خائن / خیانت,25,0.053,15.5
group,reformist,before_war,labels_opponents,وطن‌فروش,1,0.002,0.6
group,reformist,before_war,labels_opponents,مزدور,9,0.019,5.6
group,reformist,before_war,labels_opponents,منافقین,21,0.045,13.0
group,reformist,before_war,labels_opponents,اغتشاشگر,87,0.186,54.0
group,reformist,before_war,labels_opponents,ضدانقلاب,18,0.038,11.2
group,reformist,before_war,countries_actors,جهاد اسلامی,2,0.004,0.1
group,reformist,before_war,countries_actors,کتائب حزب‌الله,2,0.004,0.1
group,reformist,before_war,countries_actors,داعش,42,0.09,1.2
group,reformist,before_war,countries_actors,طالبان,47,0.1,1.4
group,reformist,before_war,countries_actors,جیش‌العدل,1,0.002,0.0
group,reformist,before_war,countries_actors,پژاک,5,0.011,0.1
group,reformist,before_war,countries_actors,کومله,0,0.0,0.0
group,reformist,before_war,countries_actors,مجاهدین خلق,2,0.004,0.1
group,reformist,before_war,countries_actors,سلطنت‌طلبان,10,0.021,0.3
group,reformist,before_war,countries_actors,رضا پهلوی,28,0.06,0.8
group,reformist,before_war,persons,رئیس‌جمهور آمریکا (US president),206,0.44,4.7
group,reformist,before_war,persons,"رئیس‌جمهور (other, mostly Iran)",911,1.944,20.9
group,reformist,before_war,israel_naming,رژیم کودک‌کش,1,0.002,0.1
group,reformist,before_war,israel_naming,صهیونیست‌های کودک‌کش,0,0.0,0.0
group,reformist,before_war,israel_army,ارتش کودک‌کش آمریکا (USA – not counted as Israel),0,0.0,0.0
group,reformist,before_war,israel_army,ارتش کودک‌کش (Israel),0,0.0,0.0
group,reformist,war,israel_naming,اسرائیل,1876,2.914,61.4
group,reformist,war,israel_naming,رژیم صهیونیستی,955,1.484,31.2
group,reformist,war,israel_naming,رژیم اشغالگر,35,0.054,1.1
group,reformist,war,israel_naming,رژیم غاصب,21,0.033,0.7
group,reformist,war,israel_naming,صهیونیست‌ها,110,0.171,3.6
group,reformist,war,israel_naming,دشمن صهیونیستی,31,0.048,1.0
group,reformist,war,israel_territory,اسرائیل,1876,2.914,78.2
group,reformist,war,israel_territory,فلسطین اشغالی,129,0.2,5.4
group,reformist,war,israel_territory,سرزمین‌های اشغالی,280,0.435,11.7
group,reformist,war,israel_territory,اراضی اشغالی,113,0.176,4.7
group,reformist,war,israel_army,ارتش اسرائیل,88,0.137,50.9
group,reformist,war,israel_army,ارتش رژیم صهیونیستی,54,0.084,31.2
group,reformist,war,israel_army,ارتش صهیونیستی,18,0.028,10.4
group,reformist,war,israel_army,ارتش اشغالگر,9,0.014,5.2
group,reformist,war,usa_naming,رئیس دولت تروریستی آمریکا,0,0.0,0.0
group,reformist,war,usa_naming,ارتش تروریستی آمریکا,45,0.07,0.9
group,reformist,war,usa_naming,ارتش کودک‌کش آمریکا,1,0.002,0.0
group,reformist,war,usa_naming,ارتش متجاوز آمریکا,6,0.009,0.1
group,reformist,war,usa_naming,شیطان بزرگ,2,0.003,0.0
group,reformist,war,usa_naming,استکبار,42,0.065,0.8
group,reformist,war,usa_naming,ایالات متحده,577,0.896,10.9
group,reformist,war,usa_naming,آمریکا,4229,6.57,80.2
group,reformist,war,usa_naming,کاخ سفید,118,0.183,2.2
group,reformist,war,usa_naming,واشنگتن,250,0.388,4.7
group,reformist,war,countries_actors,امارات,299,0.464,5.9
group,reformist,war,countries_actors,بحرین,214,0.332,4.2
group,reformist,war,countries_actors,کویت,214,0.332,4.2
group,reformist,war,countries_actors,قطر,164,0.255,3.2
group,reformist,war,countries_actors,"دریای عمان (sea, not the country)",11,0.017,0.2
group,reformist,war,countries_actors,عمان,119,0.185,2.4
group,reformist,war,countries_actors,عربستان,253,0.393,5.0
group,reformist,war,countries_actors,اردن,58,0.09,1.1
group,reformist,war,countries_actors,سوریه,63,0.098,1.2
group,reformist,war,countries_actors,یمن,74,0.115,1.5
group,reformist,war,countries_actors,انصارالله / حوثی‌ها,33,0.051,0.7
group,reformist,war,countries_actors,عراق,424,0.659,8.4
group,reformist,war,countries_actors,مقاومت عراق / حشد شعبی,41,0.064,0.8
group,reformist,war,countries_actors,فلسطین اشغالی (Israel),129,0.2,2.5
group,reformist,war,countries_actors,فلسطین,86,0.134,1.7
group,reformist,war,countries_actors,غزه,74,0.115,1.5
group,reformist,war,countries_actors,حماس,6,0.009,0.1
group,reformist,war,countries_actors,حزب‌الله,417,0.648,8.2
group,reformist,war,countries_actors,لبنان,395,0.614,7.8
group,reformist,war,countries_actors,ترکیه,187,0.29,3.7
group,reformist,war,countries_actors,روسیه,460,0.715,9.1
group,reformist,war,countries_actors,چین,245,0.381,4.8
group,reformist,war,countries_actors,آذربایجان شرقی/غربی (Iranian provinces),23,0.036,0.5
group,reformist,war,countries_actors,جمهوری آذربایجان,50,0.078,1.0
group,reformist,war,countries_actors,پاکستان,170,0.264,3.4
group,reformist,war,countries_actors,آلمان,84,0.13,1.7
group,reformist,war,countries_actors,اتحادیه اروپا,237,0.368,4.7
group,reformist,war,countries_actors,انگلیس,202,0.314,4.0
group,reformist,war,countries_actors,فرانسه,156,0.242,3.1
group,reformist,war,countries_actors,ایتالیا,34,0.053,0.7
group,reformist,war,countries_actors,اسپانیا,59,0.092,1.2
group,reformist,war,crimes,نسل‌کشی,31,0.048,3.4
group,reformist,war,crimes,کودک‌کش / کودک‌کشی,70,0.109,7.7
group,reformist,war,crimes,جنایت جنگی,133,0.207,14.7
group,reformist,war,crimes,جنایت,295,0.458,32.6
group,reformist,war,crimes,کشتار,74,0.115,8.2
group,reformist,war,crimes,میناب (school attack),301,0.468,33.3
group,reformist,war,diplomacy,مذاکره / مذاکرات,536,0.833,36.0
group,reformist,war,diplomacy,گفت‌وگو,215,0.334,14.5
group,reformist,war,diplomacy,توافق,167,0.259,11.2
group,reformist,war,diplomacy,برجام,13,0.02,0.9
group,reformist,war,diplomacy,دیپلماسی,169,0.263,11.4
group,reformist,war,diplomacy,آتش‌بس,167,0.259,11.2
group,reformist,war,diplomacy,صلح,216,0.336,14.5
group,reformist,war,diplomacy,تفاهم‌نامه,4,0.006,0.3
group,reformist,war,revenge,انتقام سخت,2,0.003,2.5
group,reformist,war,revenge,انتقام,62,0.096,78.5
group,reformist,war,revenge,خونخواهی,8,0.012,10.1
group,reformist,war,revenge,قصاص,2,0.003,2.5
group,reformist,war,revenge,پاسخ پشیمان‌کننده / کوبنده,5,0.008,6.3
group,reformist,war,persons,ترامپ,2169,3.369,46.6
group,reformist,war,persons,نتانیاهو,256,0.398,5.5
group,reformist,war,persons,پزشکیان,212,0.329,4.6
group,reformist,war,persons,عراقچی,278,0.432,6.0
group,reformist,war,persons,بقائی,42,0.065,0.9
group,reformist,war,persons,ظریف,89,0.138,1.9
group,reformist,war,persons,خاتمی,21,0.033,0.5
group,reformist,war,persons,حسن روحانی,15,0.023,0.3
group,reformist,war,persons,احمدی‌نژاد,5,0.008,0.1
group,reformist,war,persons,قالیباف,95,0.148,2.0
group,reformist,war,persons,سخنگوی وزارت امور خارجه,115,0.179,2.5
group,reformist,war,persons,وزیر امور خارجه,496,0.771,10.7
group,reformist,war,labels_opponents,خائن / خیانت,50,0.078,25.6
group,reformist,war,labels_opponents,وطن‌فروش,24,0.037,12.3
group,reformist,war,labels_opponents,مزدور,81,0.126,41.5
group,reformist,war,labels_opponents,منافقین,23,0.036,11.8
group,reformist,war,labels_opponents,اغتشاشگر,2,0.003,1.0
group,reformist,war,labels_opponents,ضدانقلاب,15,0.023,7.7
group,reformist,war,countries_actors,جهاد اسلامی,2,0.003,0.0
group,reformist,war,countries_actors,کتائب حزب‌الله,6,0.009,0.1
group,reformist,war,countries_actors,داعش,9,0.014,0.2
group,reformist,war,countries_actors,طالبان,18,0.028,0.4
group,reformist,war,countries_actors,جیش‌العدل,0,0.0,0.0
group,reformist,war,countries_actors,پژاک,3,0.005,0.1
group,reformist,war,countries_actors,کومله,8,0.012,0.2
group,reformist,war,countries_actors,مجاهدین خلق,0,0.0,0.0
group,reformist,war,countries_actors,سلطنت‌طلبان,8,0.012,0.2
group,reformist,war,countries_actors,رضا پهلوی,25,0.039,0.5
group,reformist,war,persons,رئیس‌جمهور آمریکا (US president),145,0.225,3.1
group,reformist,war,persons,"رئیس‌جمهور (other, mostly Iran)",718,1.115,15.4
group,reformist,war,israel_naming,رژیم کودک‌کش,27,0.042,0.9
group,reformist,war,israel_naming,صهیونیست‌های کودک‌کش,1,0.002,0.0
group,reformist,war,israel_army,ارتش کودک‌کش آمریکا (USA – not counted as Israel),1,0.002,0.6
group,reformist,war,israel_army,ارتش کودک‌کش (Israel),3,0.005,1.7
group,reformist,ceasefire,israel_naming,اسرائیل,2550,2.194,65.8
group,reformist,ceasefire,israel_naming,رژیم صهیونیستی,1120,0.964,28.9
group,reformist,ceasefire,israel_naming,رژیم اشغالگر,49,0.042,1.3
group,reformist,ceasefire,israel_naming,رژیم غاصب,7,0.006,0.2
group,reformist,ceasefire,israel_naming,صهیونیست‌ها,115,0.099,3.0
group,reformist,ceasefire,israel_naming,دشمن صهیونیستی,22,0.019,0.6
group,reformist,ceasefire,israel_territory,اسرائیل,2550,2.194,93.2
group,reformist,ceasefire,israel_territory,فلسطین اشغالی,55,0.047,2.0
group,reformist,ceasefire,israel_territory,سرزمین‌های اشغالی,96,0.083,3.5
group,reformist,ceasefire,israel_territory,اراضی اشغالی,34,0.029,1.2
group,reformist,ceasefire,israel_army,ارتش اسرائیل,153,0.132,54.3
group,reformist,ceasefire,israel_army,ارتش رژیم صهیونیستی,82,0.071,29.1
group,reformist,ceasefire,israel_army,ارتش صهیونیستی,24,0.021,8.5
group,reformist,ceasefire,israel_army,ارتش اشغالگر,16,0.014,5.7
group,reformist,ceasefire,usa_naming,رئیس دولت تروریستی آمریکا,9,0.008,0.1
group,reformist,ceasefire,usa_naming,ارتش تروریستی آمریکا,41,0.035,0.5
group,reformist,ceasefire,usa_naming,ارتش کودک‌کش آمریکا,4,0.003,0.0
group,reformist,ceasefire,usa_naming,ارتش متجاوز آمریکا,10,0.009,0.1
group,reformist,ceasefire,usa_naming,شیطان بزرگ,10,0.009,0.1
group,reformist,ceasefire,usa_naming,استکبار,32,0.028,0.4
group,reformist,ceasefire,usa_naming,ایالات متحده,933,0.803,11.0
group,reformist,ceasefire,usa_naming,آمریکا,6379,5.489,75.1
group,reformist,ceasefire,usa_naming,کاخ سفید,271,0.233,3.2
group,reformist,ceasefire,usa_naming,واشنگتن,807,0.694,9.5
group,reformist,ceasefire,countries_actors,امارات,566,0.487,5.4
group,reformist,ceasefire,countries_actors,بحرین,138,0.119,1.3
group,reformist,ceasefire,countries_actors,کویت,197,0.17,1.9
group,reformist,ceasefire,countries_actors,قطر,359,0.309,3.4
group,reformist,ceasefire,countries_actors,"دریای عمان (sea, not the country)",51,0.044,0.5
group,reformist,ceasefire,countries_actors,عمان,310,0.267,3.0
group,reformist,ceasefire,countries_actors,عربستان,427,0.367,4.1
group,reformist,ceasefire,countries_actors,اردن,39,0.034,0.4
group,reformist,ceasefire,countries_actors,سوریه,127,0.109,1.2
group,reformist,ceasefire,countries_actors,یمن,150,0.129,1.4
group,reformist,ceasefire,countries_actors,انصارالله / حوثی‌ها,50,0.043,0.5
group,reformist,ceasefire,countries_actors,عراق,460,0.396,4.4
group,reformist,ceasefire,countries_actors,مقاومت عراق / حشد شعبی,3,0.003,0.0
group,reformist,ceasefire,countries_actors,فلسطین اشغالی (Israel),55,0.047,0.5
group,reformist,ceasefire,countries_actors,فلسطین,127,0.109,1.2
group,reformist,ceasefire,countries_actors,غزه,230,0.198,2.2
group,reformist,ceasefire,countries_actors,حماس,54,0.046,0.5
group,reformist,ceasefire,countries_actors,حزب‌الله,685,0.589,6.5
group,reformist,ceasefire,countries_actors,لبنان,2160,1.859,20.6
group,reformist,ceasefire,countries_actors,ترکیه,256,0.22,2.4
group,reformist,ceasefire,countries_actors,روسیه,718,0.618,6.8
group,reformist,ceasefire,countries_actors,چین,747,0.643,7.1
group,reformist,ceasefire,countries_actors,آذربایجان شرقی/غربی (Iranian provinces),24,0.021,0.2
group,reformist,ceasefire,countries_actors,جمهوری آذربایجان,85,0.073,0.8
group,reformist,ceasefire,countries_actors,پاکستان,1070,0.921,10.2
group,reformist,ceasefire,countries_actors,آلمان,171,0.147,1.6
group,reformist,ceasefire,countries_actors,اتحادیه اروپا,407,0.35,3.9
group,reformist,ceasefire,countries_actors,انگلیس,287,0.247,2.7
group,reformist,ceasefire,countries_actors,فرانسه,240,0.207,2.3
group,reformist,ceasefire,countries_actors,ایتالیا,116,0.1,1.1
group,reformist,ceasefire,countries_actors,اسپانیا,76,0.065,0.7
group,reformist,ceasefire,crimes,نسل‌کشی,63,0.054,8.3
group,reformist,ceasefire,crimes,کودک‌کش / کودک‌کشی,29,0.025,3.8
group,reformist,ceasefire,crimes,جنایت جنگی,89,0.077,11.8
group,reformist,ceasefire,crimes,جنایت,234,0.201,30.9
group,reformist,ceasefire,crimes,کشتار,65,0.056,8.6
group,reformist,ceasefire,crimes,میناب (school attack),277,0.238,36.6
group,reformist,ceasefire,diplomacy,مذاکره / مذاکرات,3045,2.62,34.1
group,reformist,ceasefire,diplomacy,گفت‌وگو,649,0.558,7.3
group,reformist,ceasefire,diplomacy,توافق,2164,1.862,24.3
group,reformist,ceasefire,diplomacy,برجام,93,0.08,1.0
group,reformist,ceasefire,diplomacy,دیپلماسی,531,0.457,6.0
group,reformist,ceasefire,diplomacy,آتش‌بس,1329,1.144,14.9
group,reformist,ceasefire,diplomacy,صلح,538,0.463,6.0
group,reformist,ceasefire,diplomacy,تفاهم‌نامه,574,0.494,6.4
group,reformist,ceasefire,revenge,انتقام سخت,4,0.003,3.2
group,reformist,ceasefire,revenge,انتقام,54,0.046,42.9
group,reformist,ceasefire,revenge,خونخواهی,25,0.022,19.8
group,reformist,ceasefire,revenge,قصاص,28,0.024,22.2
group,reformist,ceasefire,revenge,پاسخ پشیمان‌کننده / کوبنده,15,0.013,11.9
group,reformist,ceasefire,persons,ترامپ,3703,3.186,39.1
group,reformist,ceasefire,persons,نتانیاهو,686,0.59,7.2
group,reformist,ceasefire,persons,پزشکیان,598,0.515,6.3
group,reformist,ceasefire,persons,عراقچی,481,0.414,5.1
group,reformist,ceasefire,persons,بقائی,179,0.154,1.9
group,reformist,ceasefire,persons,ظریف,41,0.035,0.4
group,reformist,ceasefire,persons,خاتمی,150,0.129,1.6
group,reformist,ceasefire,persons,حسن روحانی,18,0.015,0.2
group,reformist,ceasefire,persons,احمدی‌نژاد,11,0.009,0.1
group,reformist,ceasefire,persons,قالیباف,450,0.387,4.8
group,reformist,ceasefire,persons,سخنگوی وزارت امور خارجه,369,0.318,3.9
group,reformist,ceasefire,persons,وزیر امور خارجه,846,0.728,8.9
group,reformist,ceasefire,labels_opponents,خائن / خیانت,78,0.067,42.4
group,reformist,ceasefire,labels_opponents,وطن‌فروش,15,0.013,8.2
group,reformist,ceasefire,labels_opponents,مزدور,29,0.025,15.8
group,reformist,ceasefire,labels_opponents,منافقین,29,0.025,15.8
group,reformist,ceasefire,labels_opponents,اغتشاشگر,13,0.011,7.1
group,reformist,ceasefire,labels_opponents,ضدانقلاب,20,0.017,10.9
group,reformist,ceasefire,countries_actors,جهاد اسلامی,0,0.0,0.0
group,reformist,ceasefire,countries_actors,کتائب حزب‌الله,3,0.003,0.0
group,reformist,ceasefire,countries_actors,داعش,10,0.009,0.1
group,reformist,ceasefire,countries_actors,طالبان,9,0.008,0.1
group,reformist,ceasefire,countries_actors,جیش‌العدل,1,0.001,0.0
group,reformist,ceasefire,countries_actors,پژاک,8,0.007,0.1
group,reformist,ceasefire,countries_actors,کومله,6,0.005,0.1
group,reformist,ceasefire,countries_actors,مجاهدین خلق,9,0.008,0.1
group,reformist,ceasefire,countries_actors,سلطنت‌طلبان,11,0.009,0.1
group,reformist,ceasefire,countries_actors,رضا پهلوی,47,0.04,0.4
group,reformist,ceasefire,persons,رئیس‌جمهور آمریکا (US president),352,0.303,3.7
group,reformist,ceasefire,persons,"رئیس‌جمهور (other, mostly Iran)",1582,1.361,16.7
group,reformist,ceasefire,israel_naming,رژیم کودک‌کش,11,0.009,0.3
group,reformist,ceasefire,israel_naming,صهیونیست‌های کودک‌کش,0,0.0,0.0
group,reformist,ceasefire,israel_army,ارتش کودک‌کش آمریکا (USA – not counted as Israel),4,0.003,1.4
group,reformist,ceasefire,israel_army,ارتش کودک‌کش (Israel),3,0.003,1.1
group,reformist,after_truce_collapse,israel_naming,اسرائیل,1019,1.421,69.7
group,reformist,after_truce_collapse,israel_naming,رژیم صهیونیستی,376,0.524,25.7
group,reformist,after_truce_collapse,israel_naming,رژیم اشغالگر,13,0.018,0.9
group,reformist,after_truce_collapse,israel_naming,رژیم غاصب,1,0.001,0.1
group,reformist,after_truce_collapse,israel_naming,صهیونیست‌ها,37,0.052,2.5
group,reformist,after_truce_collapse,israel_naming,دشمن صهیونیستی,7,0.01,0.5
group,reformist,after_truce_collapse,israel_territory,اسرائیل,1019,1.421,94.6
group,reformist,after_truce_collapse,israel_territory,فلسطین اشغالی,14,0.02,1.3
group,reformist,after_truce_collapse,israel_territory,سرزمین‌های اشغالی,24,0.033,2.2
group,reformist,after_truce_collapse,israel_territory,اراضی اشغالی,20,0.028,1.9
group,reformist,after_truce_collapse,israel_army,ارتش اسرائیل,42,0.059,33.3
group,reformist,after_truce_collapse,israel_army,ارتش رژیم صهیونیستی,32,0.045,25.4
group,reformist,after_truce_collapse,israel_army,ارتش صهیونیستی,2,0.003,1.6
group,reformist,after_truce_collapse,israel_army,ارتش اشغالگر,6,0.008,4.8
group,reformist,after_truce_collapse,usa_naming,رئیس دولت تروریستی آمریکا,5,0.007,0.1
group,reformist,after_truce_collapse,usa_naming,ارتش تروریستی آمریکا,134,0.187,2.6
group,reformist,after_truce_collapse,usa_naming,ارتش کودک‌کش آمریکا,34,0.047,0.7
group,reformist,after_truce_collapse,usa_naming,ارتش متجاوز آمریکا,15,0.021,0.3
group,reformist,after_truce_collapse,usa_naming,شیطان بزرگ,15,0.021,0.3
group,reformist,after_truce_collapse,usa_naming,استکبار,33,0.046,0.6
group,reformist,after_truce_collapse,usa_naming,ایالات متحده,499,0.696,9.7
group,reformist,after_truce_collapse,usa_naming,آمریکا,3802,5.303,74.3
group,reformist,after_truce_collapse,usa_naming,کاخ سفید,135,0.188,2.6
group,reformist,after_truce_collapse,usa_naming,واشنگتن,448,0.625,8.8
group,reformist,after_truce_collapse,countries_actors,امارات,226,0.315,3.4
group,reformist,after_truce_collapse,countries_actors,بحرین,151,0.211,2.3
group,reformist,after_truce_collapse,countries_actors,کویت,282,0.393,4.2
group,reformist,after_truce_collapse,countries_actors,قطر,251,0.35,3.8
group,reformist,after_truce_collapse,countries_actors,"دریای عمان (sea, not the country)",28,0.039,0.4
group,reformist,after_truce_collapse,countries_actors,عمان,366,0.511,5.5
group,reformist,after_truce_collapse,countries_actors,عربستان,631,0.88,9.5
group,reformist,after_truce_collapse,countries_actors,اردن,243,0.339,3.7
group,reformist,after_truce_collapse,countries_actors,سوریه,164,0.229,2.5
group,reformist,after_truce_collapse,countries_actors,یمن,289,0.403,4.3
group,reformist,after_truce_collapse,countries_actors,انصارالله / حوثی‌ها,106,0.148,1.6
group,reformist,after_truce_collapse,countries_actors,عراق,735,1.025,11.1
group,reformist,after_truce_collapse,countries_actors,مقاومت عراق / حشد شعبی,38,0.053,0.6
group,reformist,after_truce_collapse,countries_actors,فلسطین اشغالی (Israel),14,0.02,0.2
group,reformist,after_truce_collapse,countries_actors,فلسطین,99,0.138,1.5
group,reformist,after_truce_collapse,countries_actors,غزه,198,0.276,3.0
group,reformist,after_truce_collapse,countries_actors,حماس,86,0.12,1.3
group,reformist,after_truce_collapse,countries_actors,حزب‌الله,140,0.195,2.1
group,reformist,after_truce_collapse,countries_actors,لبنان,422,0.589,6.3
group,reformist,after_truce_collapse,countries_actors,ترکیه,227,0.317,3.4
group,reformist,after_truce_collapse,countries_actors,روسیه,441,0.615,6.6
group,reformist,after_truce_collapse,countries_actors,چین,336,0.469,5.1
group,reformist,after_truce_collapse,countries_actors,آذربایجان شرقی/غربی (Iranian provinces),19,0.027,0.3
group,reformist,after_truce_collapse,countries_actors,جمهوری آذربایجان,34,0.047,0.5
group,reformist,after_truce_collapse,countries_actors,پاکستان,359,0.501,5.4
group,reformist,after_truce_collapse,countries_actors,آلمان,70,0.098,1.1
group,reformist,after_truce_collapse,countries_actors,اتحادیه اروپا,159,0.222,2.4
group,reformist,after_truce_collapse,countries_actors,انگلیس,195,0.272,2.9
group,reformist,after_truce_collapse,countries_actors,فرانسه,116,0.162,1.7
group,reformist,after_truce_collapse,countries_actors,ایتالیا,23,0.032,0.3
group,reformist,after_truce_collapse,countries_actors,اسپانیا,122,0.17,1.8
group,reformist,after_truce_collapse,crimes,نسل‌کشی,24,0.033,5.2
group,reformist,after_truce_collapse,crimes,کودک‌کش / کودک‌کشی,68,0.095,14.6
group,reformist,after_truce_collapse,crimes,جنایت جنگی,47,0.066,10.1
group,reformist,after_truce_collapse,crimes,جنایت,163,0.227,35.0
group,reformist,after_truce_collapse,crimes,کشتار,31,0.043,6.7
group,reformist,after_truce_collapse,crimes,میناب (school attack),133,0.186,28.5
group,reformist,after_truce_collapse,diplomacy,مذاکره / مذاکرات,994,1.387,30.8
group,reformist,after_truce_collapse,diplomacy,گفت‌وگو,440,0.614,13.7
group,reformist,after_truce_collapse,diplomacy,توافق,586,0.817,18.2
group,reformist,after_truce_collapse,diplomacy,برجام,12,0.017,0.4
group,reformist,after_truce_collapse,diplomacy,دیپلماسی,296,0.413,9.2
group,reformist,after_truce_collapse,diplomacy,آتش‌بس,180,0.251,5.6
group,reformist,after_truce_collapse,diplomacy,صلح,323,0.451,10.0
group,reformist,after_truce_collapse,diplomacy,تفاهم‌نامه,392,0.547,12.2
group,reformist,after_truce_collapse,revenge,انتقام سخت,0,0.0,0.0
group,reformist,after_truce_collapse,revenge,انتقام,85,0.119,70.2
group,reformist,after_truce_collapse,revenge,خونخواهی,19,0.027,15.7
group,reformist,after_truce_collapse,revenge,قصاص,13,0.018,10.7
group,reformist,after_truce_collapse,revenge,پاسخ پشیمان‌کننده / کوبنده,4,0.006,3.3
group,reformist,after_truce_collapse,persons,ترامپ,2005,2.797,35.2
group,reformist,after_truce_collapse,persons,نتانیاهو,342,0.477,6.0
group,reformist,after_truce_collapse,persons,پزشکیان,540,0.753,9.5
group,reformist,after_truce_collapse,persons,عراقچی,273,0.381,4.8
group,reformist,after_truce_collapse,persons,بقائی,111,0.155,1.9
group,reformist,after_truce_collapse,persons,ظریف,38,0.053,0.7
group,reformist,after_truce_collapse,persons,خاتمی,155,0.216,2.7
group,reformist,after_truce_collapse,persons,حسن روحانی,27,0.038,0.5
group,reformist,after_truce_collapse,persons,احمدی‌نژاد,30,0.042,0.5
group,reformist,after_truce_collapse,persons,قالیباف,230,0.321,4.0
group,reformist,after_truce_collapse,persons,سخنگوی وزارت امور خارجه,239,0.333,4.2
group,reformist,after_truce_collapse,persons,وزیر امور خارجه,468,0.653,8.2
group,reformist,after_truce_collapse,labels_opponents,خائن / خیانت,57,0.08,53.8
group,reformist,after_truce_collapse,labels_opponents,وطن‌فروش,4,0.006,3.8
group,reformist,after_truce_collapse,labels_opponents,مزدور,18,0.025,17.0
group,reformist,after_truce_collapse,labels_opponents,منافقین,10,0.014,9.4
group,reformist,after_truce_collapse,labels_opponents,اغتشاشگر,4,0.006,3.8
group,reformist,after_truce_collapse,labels_opponents,ضدانقلاب,13,0.018,12.3
group,reformist,after_truce_collapse,countries_actors,جهاد اسلامی,2,0.003,0.0
group,reformist,after_truce_collapse,countries_actors,کتائب حزب‌الله,3,0.004,0.0
group,reformist,after_truce_collapse,countries_actors,داعش,13,0.018,0.2
group,reformist,after_truce_collapse,countries_actors,طالبان,27,0.038,0.4
group,reformist,after_truce_collapse,countries_actors,جیش‌العدل,2,0.003,0.0
group,reformist,after_truce_collapse,countries_actors,پژاک,12,0.017,0.2
group,reformist,after_truce_collapse,countries_actors,کومله,2,0.003,0.0
group,reformist,after_truce_collapse,countries_actors,مجاهدین خلق,3,0.004,0.0
group,reformist,after_truce_collapse,countries_actors,سلطنت‌طلبان,3,0.004,0.0
group,reformist,after_truce_collapse,countries_actors,رضا پهلوی,10,0.014,0.2
group,reformist,after_truce_collapse,persons,رئیس‌جمهور آمریکا (US president),145,0.202,2.5
group,reformist,after_truce_collapse,persons,"رئیس‌جمهور (other, mostly Iran)",1093,1.525,19.2
group,reformist,after_truce_collapse,israel_naming,رژیم کودک‌کش,8,0.011,0.5
group,reformist,after_truce_collapse,israel_naming,صهیونیست‌های کودک‌کش,0,0.0,0.0
group,reformist,after_truce_collapse,israel_army,ارتش کودک‌کش آمریکا (USA – not counted as Israel),34,0.047,27.0
group,reformist,after_truce_collapse,israel_army,ارتش کودک‌کش (Israel),10,0.014,7.9
channel,IRNA,all,israel_naming,اسرائیل,4971,1.161,42.1
channel,IRNA,all,israel_naming,رژیم صهیونیستی,6111,1.428,51.8
channel,IRNA,all,israel_naming,رژیم اشغالگر,219,0.051,1.9
channel,IRNA,all,israel_naming,رژیم غاصب,33,0.008,0.3
channel,IRNA,all,israel_naming,صهیونیست‌ها,289,0.068,2.4
channel,IRNA,all,israel_naming,دشمن صهیونیستی,125,0.029,1.1
channel,IRNA,all,israel_territory,اسرائیل,4971,1.161,86.2
channel,IRNA,all,israel_territory,فلسطین اشغالی,233,0.054,4.0
channel,IRNA,all,israel_territory,سرزمین‌های اشغالی,445,0.104,7.7
channel,IRNA,all,israel_territory,اراضی اشغالی,121,0.028,2.1
channel,IRNA,all,israel_army,ارتش اسرائیل,218,0.051,26.0
channel,IRNA,all,israel_army,ارتش رژیم صهیونیستی,450,0.105,53.6
channel,IRNA,all,israel_army,ارتش صهیونیستی,48,0.011,5.7
channel,IRNA,all,israel_army,ارتش اشغالگر,48,0.011,5.7
channel,IRNA,all,usa_naming,رئیس دولت تروریستی آمریکا,0,0.0,0.0
channel,IRNA,all,usa_naming,ارتش تروریستی آمریکا,201,0.047,0.8
channel,IRNA,all,usa_naming,ارتش کودک‌کش آمریکا,48,0.011,0.2
channel,IRNA,all,usa_naming,ارتش متجاوز آمریکا,49,0.011,0.2
channel,IRNA,all,usa_naming,شیطان بزرگ,26,0.006,0.1
channel,IRNA,all,usa_naming,استکبار,164,0.038,0.7
channel,IRNA,all,usa_naming,ایالات متحده,2098,0.49,8.7
channel,IRNA,all,usa_naming,آمریکا,18833,4.4,77.9
channel,IRNA,all,usa_naming,کاخ سفید,578,0.135,2.4
channel,IRNA,all,usa_naming,واشنگتن,2187,0.511,9.0
channel,IRNA,all,countries_actors,امارات,825,0.193,2.3
channel,IRNA,all,countries_actors,بحرین,464,0.108,1.3
channel,IRNA,all,countries_actors,کویت,559,0.131,1.6
channel,IRNA,all,countries_actors,قطر,921,0.215,2.6
channel,IRNA,all,countries_actors,"دریای عمان (sea, not the country)",106,0.025,0.3
channel,IRNA,all,countries_actors,عمان,1036,0.242,2.9
channel,IRNA,all,countries_actors,عربستان,1508,0.352,4.2
channel,IRNA,all,countries_actors,اردن,446,0.104,1.2
channel,IRNA,all,countries_actors,سوریه,844,0.197,2.3
channel,IRNA,all,countries_actors,یمن,887,0.207,2.5
channel,IRNA,all,countries_actors,انصارالله / حوثی‌ها,242,0.057,0.7
channel,IRNA,all,countries_actors,عراق,3139,0.733,8.7
channel,IRNA,all,countries_actors,مقاومت عراق / حشد شعبی,123,0.029,0.3
channel,IRNA,all,countries_actors,فلسطین اشغالی (Israel),233,0.054,0.6
channel,IRNA,all,countries_actors,فلسطین,1178,0.275,3.3
channel,IRNA,all,countries_actors,غزه,1535,0.359,4.3
channel,IRNA,all,countries_actors,حماس,621,0.145,1.7
channel,IRNA,all,countries_actors,حزب‌الله,1221,0.285,3.4
channel,IRNA,all,countries_actors,لبنان,4338,1.014,12.0
channel,IRNA,all,countries_actors,ترکیه,1173,0.274,3.3
channel,IRNA,all,countries_actors,روسیه,3164,0.739,8.8
channel,IRNA,all,countries_actors,چین,1666,0.389,4.6
channel,IRNA,all,countries_actors,آذربایجان شرقی/غربی (Iranian provinces),176,0.041,0.5
channel,IRNA,all,countries_actors,جمهوری آذربایجان,414,0.097,1.1
channel,IRNA,all,countries_actors,پاکستان,2443,0.571,6.8
channel,IRNA,all,countries_actors,آلمان,810,0.189,2.2
channel,IRNA,all,countries_actors,اتحادیه اروپا,2033,0.475,5.6
channel,IRNA,all,countries_actors,انگلیس,1523,0.356,4.2
channel,IRNA,all,countries_actors,فرانسه,1049,0.245,2.9
channel,IRNA,all,countries_actors,ایتالیا,401,0.094,1.1
channel,IRNA,all,countries_actors,اسپانیا,616,0.144,1.7
channel,IRNA,all,crimes,نسل‌کشی,264,0.062,7.0
channel,IRNA,all,crimes,کودک‌کش / کودک‌کشی,188,0.044,5.0
channel,IRNA,all,crimes,جنایت جنگی,490,0.114,13.1
channel,IRNA,all,crimes,جنایت,1374,0.321,36.6
channel,IRNA,all,crimes,کشتار,256,0.06,6.8
channel,IRNA,all,crimes,میناب (school attack),1177,0.275,31.4
channel,IRNA,all,diplomacy,مذاکره / مذاکرات,5330,1.245,27.3
channel,IRNA,all,diplomacy,گفت‌وگو,3613,0.844,18.5
channel,IRNA,all,diplomacy,توافق,3253,0.76,16.7
channel,IRNA,all,diplomacy,برجام,134,0.031,0.7
channel,IRNA,all,diplomacy,دیپلماسی,2182,0.51,11.2
channel,IRNA,all,diplomacy,آتش‌بس,1897,0.443,9.7
channel,IRNA,all,diplomacy,صلح,1924,0.45,9.9
channel,IRNA,all,diplomacy,تفاهم‌نامه,1164,0.272,6.0
channel,IRNA,all,revenge,انتقام سخت,4,0.001,1.0
channel,IRNA,all,revenge,انتقام,181,0.042,45.9
channel,IRNA,all,revenge,خونخواهی,99,0.023,25.1
channel,IRNA,all,revenge,قصاص,71,0.017,18.0
channel,IRNA,all,revenge,پاسخ پشیمان‌کننده / کوبنده,39,0.009,9.9
channel,IRNA,all,persons,ترامپ,6587,1.539,24.1
channel,IRNA,all,persons,نتانیاهو,1336,0.312,4.9
channel,IRNA,all,persons,پزشکیان,2000,0.467,7.3
channel,IRNA,all,persons,عراقچی,1942,0.454,7.1
channel,IRNA,all,persons,بقائی,1316,0.307,4.8
channel,IRNA,all,persons,ظریف,85,0.02,0.3
channel,IRNA,all,persons,خاتمی,78,0.018,0.3
channel,IRNA,all,persons,حسن روحانی,18,0.004,0.1
channel,IRNA,all,persons,احمدی‌نژاد,6,0.001,0.0
channel,IRNA,all,persons,قالیباف,758,0.177,2.8
channel,IRNA,all,persons,سخنگوی وزارت امور خارجه,1459,0.341,5.3
channel,IRNA,all,persons,وزیر امور خارجه,3769,0.881,13.8
channel,IRNA,all,labels_opponents,خائن / خیانت,174,0.041,37.3
channel,IRNA,all,labels_opponents,وطن‌فروش,55,0.013,11.8
channel,IRNA,all,labels_opponents,مزدور,127,0.03,27.3
channel,IRNA,all,labels_opponents,منافقین,31,0.007,6.7
channel,IRNA,all,labels_opponents,اغتشاشگر,37,0.009,7.9
channel,IRNA,all,labels_opponents,ضدانقلاب,42,0.01,9.0
channel,IRNA,all,countries_actors,جهاد اسلامی,63,0.015,0.2
channel,IRNA,all,countries_actors,کتائب حزب‌الله,13,0.003,0.0
channel,IRNA,all,countries_actors,داعش,142,0.033,0.4
channel,IRNA,all,countries_actors,طالبان,89,0.021,0.2
channel,IRNA,all,countries_actors,جیش‌العدل,1,0.0,0.0
channel,IRNA,all,countries_actors,پژاک,1,0.0,0.0
channel,IRNA,all,countries_actors,کومله,1,0.0,0.0
channel,IRNA,all,countries_actors,مجاهدین خلق,7,0.002,0.0
channel,IRNA,all,countries_actors,سلطنت‌طلبان,4,0.001,0.0
channel,IRNA,all,countries_actors,رضا پهلوی,9,0.002,0.0
channel,IRNA,all,persons,رئیس‌جمهور آمریکا (US president),1855,0.433,6.8
channel,IRNA,all,persons,"رئیس‌جمهور (other, mostly Iran)",6128,1.432,22.4
channel,IRNA,all,israel_naming,رژیم کودک‌کش,56,0.013,0.5
channel,IRNA,all,israel_naming,صهیونیست‌های کودک‌کش,1,0.0,0.0
channel,IRNA,all,israel_army,ارتش کودک‌کش آمریکا (USA – not counted as Israel),48,0.011,5.7
channel,IRNA,all,israel_army,ارتش کودک‌کش (Israel),28,0.007,3.3
channel,IRNA,before_war,israel_naming,اسرائیل,427,0.615,47.8
channel,IRNA,before_war,israel_naming,رژیم صهیونیستی,425,0.612,47.6
channel,IRNA,before_war,israel_naming,رژیم اشغالگر,15,0.022,1.7
channel,IRNA,before_war,israel_naming,رژیم غاصب,2,0.003,0.2
channel,IRNA,before_war,israel_naming,صهیونیست‌ها,22,0.032,2.5
channel,IRNA,before_war,israel_naming,دشمن صهیونیستی,0,0.0,0.0
channel,IRNA,before_war,israel_territory,اسرائیل,427,0.615,87.3
channel,IRNA,before_war,israel_territory,فلسطین اشغالی,20,0.029,4.1
channel,IRNA,before_war,israel_territory,سرزمین‌های اشغالی,39,0.056,8.0
channel,IRNA,before_war,israel_territory,اراضی اشغالی,3,0.004,0.6
channel,IRNA,before_war,israel_army,ارتش اسرائیل,11,0.016,39.3
channel,IRNA,before_war,israel_army,ارتش رژیم صهیونیستی,14,0.02,50.0
channel,IRNA,before_war,israel_army,ارتش صهیونیستی,0,0.0,0.0
channel,IRNA,before_war,israel_army,ارتش اشغالگر,3,0.004,10.7
channel,IRNA,before_war,usa_naming,رئیس دولت تروریستی آمریکا,0,0.0,0.0
channel,IRNA,before_war,usa_naming,ارتش تروریستی آمریکا,0,0.0,0.0
channel,IRNA,before_war,usa_naming,ارتش کودک‌کش آمریکا,0,0.0,0.0
channel,IRNA,before_war,usa_naming,ارتش متجاوز آمریکا,0,0.0,0.0
channel,IRNA,before_war,usa_naming,شیطان بزرگ,4,0.006,0.1
channel,IRNA,before_war,usa_naming,استکبار,17,0.024,0.5
channel,IRNA,before_war,usa_naming,ایالات متحده,366,0.527,11.7
channel,IRNA,before_war,usa_naming,آمریکا,2322,3.345,74.5
channel,IRNA,before_war,usa_naming,کاخ سفید,88,0.127,2.8
channel,IRNA,before_war,usa_naming,واشنگتن,320,0.461,10.3
channel,IRNA,before_war,countries_actors,امارات,134,0.193,3.4
channel,IRNA,before_war,countries_actors,بحرین,15,0.022,0.4
channel,IRNA,before_war,countries_actors,کویت,29,0.042,0.7
channel,IRNA,before_war,countries_actors,قطر,110,0.158,2.8
channel,IRNA,before_war,countries_actors,"دریای عمان (sea, not the country)",9,0.013,0.2
channel,IRNA,before_war,countries_actors,عمان,205,0.295,5.3
channel,IRNA,before_war,countries_actors,عربستان,227,0.327,5.8
channel,IRNA,before_war,countries_actors,اردن,47,0.068,1.2
channel,IRNA,before_war,countries_actors,سوریه,149,0.215,3.8
channel,IRNA,before_war,countries_actors,یمن,95,0.137,2.4
channel,IRNA,before_war,countries_actors,انصارالله / حوثی‌ها,31,0.045,0.8
channel,IRNA,before_war,countries_actors,عراق,254,0.366,6.5
channel,IRNA,before_war,countries_actors,مقاومت عراق / حشد شعبی,2,0.003,0.1
channel,IRNA,before_war,countries_actors,فلسطین اشغالی (Israel),20,0.029,0.5
channel,IRNA,before_war,countries_actors,فلسطین,113,0.163,2.9
channel,IRNA,before_war,countries_actors,غزه,207,0.298,5.3
channel,IRNA,before_war,countries_actors,حماس,30,0.043,0.8
channel,IRNA,before_war,countries_actors,حزب‌الله,54,0.078,1.4
channel,IRNA,before_war,countries_actors,لبنان,179,0.258,4.6
channel,IRNA,before_war,countries_actors,ترکیه,201,0.29,5.2
channel,IRNA,before_war,countries_actors,روسیه,456,0.657,11.7
channel,IRNA,before_war,countries_actors,چین,195,0.281,5.0
channel,IRNA,before_war,countries_actors,آذربایجان شرقی/غربی (Iranian provinces),37,0.053,0.9
channel,IRNA,before_war,countries_actors,جمهوری آذربایجان,80,0.115,2.1
channel,IRNA,before_war,countries_actors,پاکستان,238,0.343,6.1
channel,IRNA,before_war,countries_actors,آلمان,99,0.143,2.5
channel,IRNA,before_war,countries_actors,اتحادیه اروپا,315,0.454,8.1
channel,IRNA,before_war,countries_actors,انگلیس,146,0.21,3.7
channel,IRNA,before_war,countries_actors,فرانسه,93,0.134,2.4
channel,IRNA,before_war,countries_actors,ایتالیا,11,0.016,0.3
channel,IRNA,before_war,countries_actors,اسپانیا,19,0.027,0.5
channel,IRNA,before_war,crimes,نسل‌کشی,23,0.033,20.0
channel,IRNA,before_war,crimes,کودک‌کش / کودک‌کشی,3,0.004,2.6
channel,IRNA,before_war,crimes,جنایت جنگی,5,0.007,4.3
channel,IRNA,before_war,crimes,جنایت,59,0.085,51.3
channel,IRNA,before_war,crimes,کشتار,22,0.032,19.1
channel,IRNA,before_war,crimes,میناب (school attack),3,0.004,2.6
channel,IRNA,before_war,diplomacy,مذاکره / مذاکرات,1354,1.951,40.4
channel,IRNA,before_war,diplomacy,گفت‌وگو,753,1.085,22.5
channel,IRNA,before_war,diplomacy,توافق,398,0.573,11.9
channel,IRNA,before_war,diplomacy,برجام,37,0.053,1.1
channel,IRNA,before_war,diplomacy,دیپلماسی,391,0.563,11.7
channel,IRNA,before_war,diplomacy,آتش‌بس,78,0.112,2.3
channel,IRNA,before_war,diplomacy,صلح,328,0.473,9.8
channel,IRNA,before_war,diplomacy,تفاهم‌نامه,12,0.017,0.4
channel,IRNA,before_war,revenge,انتقام سخت,0,0.0,0.0
channel,IRNA,before_war,revenge,انتقام,9,0.013,47.4
channel,IRNA,before_war,revenge,خونخواهی,0,0.0,0.0
channel,IRNA,before_war,revenge,قصاص,9,0.013,47.4
channel,IRNA,before_war,revenge,پاسخ پشیمان‌کننده / کوبنده,1,0.001,5.3
channel,IRNA,before_war,persons,ترامپ,973,1.402,21.3
channel,IRNA,before_war,persons,نتانیاهو,135,0.194,3.0
channel,IRNA,before_war,persons,پزشکیان,388,0.559,8.5
channel,IRNA,before_war,persons,عراقچی,415,0.598,9.1
channel,IRNA,before_war,persons,بقائی,159,0.229,3.5
channel,IRNA,before_war,persons,ظریف,16,0.023,0.3
channel,IRNA,before_war,persons,خاتمی,22,0.032,0.5
channel,IRNA,before_war,persons,حسن روحانی,3,0.004,0.1
channel,IRNA,before_war,persons,احمدی‌نژاد,2,0.003,0.0
channel,IRNA,before_war,persons,قالیباف,61,0.088,1.3
channel,IRNA,before_war,persons,سخنگوی وزارت امور خارجه,225,0.324,4.9
channel,IRNA,before_war,persons,وزیر امور خارجه,658,0.948,14.4
channel,IRNA,before_war,labels_opponents,خائن / خیانت,21,0.03,28.0
channel,IRNA,before_war,labels_opponents,وطن‌فروش,0,0.0,0.0
channel,IRNA,before_war,labels_opponents,مزدور,14,0.02,18.7
channel,IRNA,before_war,labels_opponents,منافقین,4,0.006,5.3
channel,IRNA,before_war,labels_opponents,اغتشاشگر,28,0.04,37.3
channel,IRNA,before_war,labels_opponents,ضدانقلاب,8,0.012,10.7
channel,IRNA,before_war,countries_actors,جهاد اسلامی,4,0.006,0.1
channel,IRNA,before_war,countries_actors,کتائب حزب‌الله,0,0.0,0.0
channel,IRNA,before_war,countries_actors,داعش,52,0.075,1.3
channel,IRNA,before_war,countries_actors,طالبان,45,0.065,1.2
channel,IRNA,before_war,countries_actors,جیش‌العدل,0,0.0,0.0
channel,IRNA,before_war,countries_actors,پژاک,0,0.0,0.0
channel,IRNA,before_war,countries_actors,کومله,0,0.0,0.0
channel,IRNA,before_war,countries_actors,مجاهدین خلق,0,0.0,0.0
channel,IRNA,before_war,countries_actors,سلطنت‌طلبان,1,0.001,0.0
channel,IRNA,before_war,countries_actors,رضا پهلوی,0,0.0,0.0
channel,IRNA,before_war,persons,رئیس‌جمهور آمریکا (US president),328,0.473,7.2
channel,IRNA,before_war,persons,"رئیس‌جمهور (other, mostly Iran)",1191,1.716,26.0
channel,IRNA,before_war,israel_naming,رژیم کودک‌کش,2,0.003,0.2
channel,IRNA,before_war,israel_naming,صهیونیست‌های کودک‌کش,0,0.0,0.0
channel,IRNA,before_war,israel_army,ارتش کودک‌کش آمریکا (USA – not counted as Israel),0,0.0,0.0
channel,IRNA,before_war,israel_army,ارتش کودک‌کش (Israel),0,0.0,0.0
channel,IRNA,war,israel_naming,اسرائیل,1390,2.032,44.5
channel,IRNA,war,israel_naming,رژیم صهیونیستی,1499,2.191,48.0
channel,IRNA,war,israel_naming,رژیم اشغالگر,34,0.05,1.1
channel,IRNA,war,israel_naming,رژیم غاصب,22,0.032,0.7
channel,IRNA,war,israel_naming,صهیونیست‌ها,104,0.152,3.3
channel,IRNA,war,israel_naming,دشمن صهیونیستی,46,0.067,1.5
channel,IRNA,war,israel_territory,اسرائیل,1390,2.032,79.1
channel,IRNA,war,israel_territory,فلسطین اشغالی,98,0.143,5.6
channel,IRNA,war,israel_territory,سرزمین‌های اشغالی,208,0.304,11.8
channel,IRNA,war,israel_territory,اراضی اشغالی,61,0.089,3.5
channel,IRNA,war,israel_army,ارتش اسرائیل,45,0.066,39.1
channel,IRNA,war,israel_army,ارتش رژیم صهیونیستی,48,0.07,41.7
channel,IRNA,war,israel_army,ارتش صهیونیستی,9,0.013,7.8
channel,IRNA,war,israel_army,ارتش اشغالگر,6,0.009,5.2
channel,IRNA,war,usa_naming,رئیس دولت تروریستی آمریکا,0,0.0,0.0
channel,IRNA,war,usa_naming,ارتش تروریستی آمریکا,43,0.063,0.8
channel,IRNA,war,usa_naming,ارتش کودک‌کش آمریکا,0,0.0,0.0
channel,IRNA,war,usa_naming,ارتش متجاوز آمریکا,7,0.01,0.1
channel,IRNA,war,usa_naming,شیطان بزرگ,2,0.003,0.0
channel,IRNA,war,usa_naming,استکبار,36,0.053,0.7
channel,IRNA,war,usa_naming,ایالات متحده,616,0.901,11.8
channel,IRNA,war,usa_naming,آمریکا,4188,6.123,80.1
channel,IRNA,war,usa_naming,کاخ سفید,106,0.155,2.0
channel,IRNA,war,usa_naming,واشنگتن,230,0.336,4.4
channel,IRNA,war,countries_actors,امارات,165,0.241,3.6
channel,IRNA,war,countries_actors,بحرین,122,0.178,2.7
channel,IRNA,war,countries_actors,کویت,129,0.189,2.8
channel,IRNA,war,countries_actors,قطر,121,0.177,2.6
channel,IRNA,war,countries_actors,"دریای عمان (sea, not the country)",11,0.016,0.2
channel,IRNA,war,countries_actors,عمان,127,0.186,2.8
channel,IRNA,war,countries_actors,عربستان,165,0.241,3.6
channel,IRNA,war,countries_actors,اردن,48,0.07,1.0
channel,IRNA,war,countries_actors,سوریه,43,0.063,0.9
channel,IRNA,war,countries_actors,یمن,78,0.114,1.7
channel,IRNA,war,countries_actors,انصارالله / حوثی‌ها,31,0.045,0.7
channel,IRNA,war,countries_actors,عراق,346,0.506,7.5
channel,IRNA,war,countries_actors,مقاومت عراق / حشد شعبی,34,0.05,0.7
channel,IRNA,war,countries_actors,فلسطین اشغالی (Israel),98,0.143,2.1
channel,IRNA,war,countries_actors,فلسطین,174,0.254,3.8
channel,IRNA,war,countries_actors,غزه,73,0.107,1.6
channel,IRNA,war,countries_actors,حماس,16,0.023,0.3
channel,IRNA,war,countries_actors,حزب‌الله,258,0.377,5.6
channel,IRNA,war,countries_actors,لبنان,436,0.637,9.5
channel,IRNA,war,countries_actors,ترکیه,189,0.276,4.1
channel,IRNA,war,countries_actors,روسیه,429,0.627,9.3
channel,IRNA,war,countries_actors,چین,183,0.268,4.0
channel,IRNA,war,countries_actors,آذربایجان شرقی/غربی (Iranian provinces),18,0.026,0.4
channel,IRNA,war,countries_actors,جمهوری آذربایجان,81,0.118,1.8
channel,IRNA,war,countries_actors,پاکستان,253,0.37,5.5
channel,IRNA,war,countries_actors,آلمان,135,0.197,2.9
channel,IRNA,war,countries_actors,اتحادیه اروپا,216,0.316,4.7
channel,IRNA,war,countries_actors,انگلیس,281,0.411,6.1
channel,IRNA,war,countries_actors,فرانسه,165,0.241,3.6
channel,IRNA,war,countries_actors,ایتالیا,67,0.098,1.5
channel,IRNA,war,countries_actors,اسپانیا,77,0.113,1.7
channel,IRNA,war,crimes,نسل‌کشی,47,0.069,3.7
channel,IRNA,war,crimes,کودک‌کش / کودک‌کشی,61,0.089,4.9
channel,IRNA,war,crimes,جنایت جنگی,235,0.344,18.7
channel,IRNA,war,crimes,جنایت,447,0.653,35.6
channel,IRNA,war,crimes,کشتار,80,0.117,6.4
channel,IRNA,war,crimes,میناب (school attack),387,0.566,30.8
channel,IRNA,war,diplomacy,مذاکره / مذاکرات,506,0.74,25.8
channel,IRNA,war,diplomacy,گفت‌وگو,598,0.874,30.5
channel,IRNA,war,diplomacy,توافق,138,0.202,7.0
channel,IRNA,war,diplomacy,برجام,9,0.013,0.5
channel,IRNA,war,diplomacy,دیپلماسی,277,0.405,14.1
channel,IRNA,war,diplomacy,آتش‌بس,123,0.18,6.3
channel,IRNA,war,diplomacy,صلح,312,0.456,15.9
channel,IRNA,war,diplomacy,تفاهم‌نامه,0,0.0,0.0
channel,IRNA,war,revenge,انتقام سخت,0,0.0,0.0
channel,IRNA,war,revenge,انتقام,50,0.073,63.3
channel,IRNA,war,revenge,خونخواهی,12,0.018,15.2
channel,IRNA,war,revenge,قصاص,3,0.004,3.8
channel,IRNA,war,revenge,پاسخ پشیمان‌کننده / کوبنده,14,0.02,17.7
channel,IRNA,war,persons,ترامپ,1338,1.956,30.0
channel,IRNA,war,persons,نتانیاهو,175,0.256,3.9
channel,IRNA,war,persons,پزشکیان,231,0.338,5.2
channel,IRNA,war,persons,عراقچی,396,0.579,8.9
channel,IRNA,war,persons,بقائی,200,0.292,4.5
channel,IRNA,war,persons,ظریف,21,0.031,0.5
channel,IRNA,war,persons,خاتمی,12,0.018,0.3
channel,IRNA,war,persons,حسن روحانی,8,0.012,0.2
channel,IRNA,war,persons,احمدی‌نژاد,0,0.0,0.0
channel,IRNA,war,persons,قالیباف,96,0.14,2.2
channel,IRNA,war,persons,سخنگوی وزارت امور خارجه,245,0.358,5.5
channel,IRNA,war,persons,وزیر امور خارجه,583,0.852,13.1
channel,IRNA,war,labels_opponents,خائن / خیانت,55,0.08,35.0
channel,IRNA,war,labels_opponents,وطن‌فروش,31,0.045,19.7
channel,IRNA,war,labels_opponents,مزدور,55,0.08,35.0
channel,IRNA,war,labels_opponents,منافقین,9,0.013,5.7
channel,IRNA,war,labels_opponents,اغتشاشگر,3,0.004,1.9
channel,IRNA,war,labels_opponents,ضدانقلاب,4,0.006,2.5
channel,IRNA,war,countries_actors,جهاد اسلامی,3,0.004,0.1
channel,IRNA,war,countries_actors,کتائب حزب‌الله,2,0.003,0.0
channel,IRNA,war,countries_actors,داعش,2,0.003,0.0
channel,IRNA,war,countries_actors,طالبان,10,0.015,0.2
channel,IRNA,war,countries_actors,جیش‌العدل,0,0.0,0.0
channel,IRNA,war,countries_actors,پژاک,0,0.0,0.0
channel,IRNA,war,countries_actors,کومله,1,0.001,0.0
channel,IRNA,war,countries_actors,مجاهدین خلق,0,0.0,0.0
channel,IRNA,war,countries_actors,سلطنت‌طلبان,1,0.001,0.0
channel,IRNA,war,countries_actors,رضا پهلوی,1,0.001,0.0
channel,IRNA,war,persons,رئیس‌جمهور آمریکا (US president),332,0.485,7.5
channel,IRNA,war,persons,"رئیس‌جمهور (other, mostly Iran)",818,1.196,18.4
channel,IRNA,war,israel_naming,رژیم کودک‌کش,28,0.041,0.9
channel,IRNA,war,israel_naming,صهیونیست‌های کودک‌کش,1,0.001,0.0
channel,IRNA,war,israel_army,ارتش کودک‌کش آمریکا (USA – not counted as Israel),0,0.0,0.0
channel,IRNA,war,israel_army,ارتش کودک‌کش (Israel),7,0.01,6.1
channel,IRNA,ceasefire,israel_naming,اسرائیل,2392,1.428,42.8
channel,IRNA,ceasefire,israel_naming,رژیم صهیونیستی,2892,1.727,51.7
channel,IRNA,ceasefire,israel_naming,رژیم اشغالگر,114,0.068,2.0
channel,IRNA,ceasefire,israel_naming,رژیم غاصب,9,0.005,0.2
channel,IRNA,ceasefire,israel_naming,صهیونیست‌ها,107,0.064,1.9
channel,IRNA,ceasefire,israel_naming,دشمن صهیونیستی,61,0.036,1.1
channel,IRNA,ceasefire,israel_territory,اسرائیل,2392,1.428,89.4
channel,IRNA,ceasefire,israel_territory,فلسطین اشغالی,91,0.054,3.4
channel,IRNA,ceasefire,israel_territory,سرزمین‌های اشغالی,149,0.089,5.6
channel,IRNA,ceasefire,israel_territory,اراضی اشغالی,45,0.027,1.7
channel,IRNA,ceasefire,israel_army,ارتش اسرائیل,132,0.079,29.1
channel,IRNA,ceasefire,israel_army,ارتش رژیم صهیونیستی,254,0.152,56.1
channel,IRNA,ceasefire,israel_army,ارتش صهیونیستی,33,0.02,7.3
channel,IRNA,ceasefire,israel_army,ارتش اشغالگر,25,0.015,5.5
channel,IRNA,ceasefire,usa_naming,رئیس دولت تروریستی آمریکا,0,0.0,0.0
channel,IRNA,ceasefire,usa_naming,ارتش تروریستی آمریکا,43,0.026,0.4
channel,IRNA,ceasefire,usa_naming,ارتش کودک‌کش آمریکا,5,0.003,0.1
channel,IRNA,ceasefire,usa_naming,ارتش متجاوز آمریکا,10,0.006,0.1
channel,IRNA,ceasefire,usa_naming,شیطان بزرگ,5,0.003,0.1
channel,IRNA,ceasefire,usa_naming,استکبار,41,0.024,0.4
channel,IRNA,ceasefire,usa_naming,ایالات متحده,796,0.475,8.0
channel,IRNA,ceasefire,usa_naming,آمریکا,7732,4.616,77.7
channel,IRNA,ceasefire,usa_naming,کاخ سفید,271,0.162,2.7
channel,IRNA,ceasefire,usa_naming,واشنگتن,1052,0.628,10.6
channel,IRNA,ceasefire,countries_actors,امارات,433,0.259,2.6
channel,IRNA,ceasefire,countries_actors,بحرین,156,0.093,0.9
channel,IRNA,ceasefire,countries_actors,کویت,146,0.087,0.9
channel,IRNA,ceasefire,countries_actors,قطر,451,0.269,2.7
channel,IRNA,ceasefire,countries_actors,"دریای عمان (sea, not the country)",69,0.041,0.4
channel,IRNA,ceasefire,countries_actors,عمان,354,0.211,2.2
channel,IRNA,ceasefire,countries_actors,عربستان,391,0.233,2.4
channel,IRNA,ceasefire,countries_actors,اردن,85,0.051,0.5
channel,IRNA,ceasefire,countries_actors,سوریه,279,0.167,1.7
channel,IRNA,ceasefire,countries_actors,یمن,197,0.118,1.2
channel,IRNA,ceasefire,countries_actors,انصارالله / حوثی‌ها,63,0.038,0.4
channel,IRNA,ceasefire,countries_actors,عراق,1038,0.62,6.3
channel,IRNA,ceasefire,countries_actors,مقاومت عراق / حشد شعبی,17,0.01,0.1
channel,IRNA,ceasefire,countries_actors,فلسطین اشغالی (Israel),91,0.054,0.6
channel,IRNA,ceasefire,countries_actors,فلسطین,530,0.316,3.2
channel,IRNA,ceasefire,countries_actors,غزه,747,0.446,4.5
channel,IRNA,ceasefire,countries_actors,حماس,308,0.184,1.9
channel,IRNA,ceasefire,countries_actors,حزب‌الله,753,0.45,4.6
channel,IRNA,ceasefire,countries_actors,لبنان,2927,1.748,17.8
channel,IRNA,ceasefire,countries_actors,ترکیه,451,0.269,2.7
channel,IRNA,ceasefire,countries_actors,روسیه,1344,0.802,8.2
channel,IRNA,ceasefire,countries_actors,چین,815,0.487,5.0
channel,IRNA,ceasefire,countries_actors,آذربایجان شرقی/غربی (Iranian provinces),63,0.038,0.4
channel,IRNA,ceasefire,countries_actors,جمهوری آذربایجان,153,0.091,0.9
channel,IRNA,ceasefire,countries_actors,پاکستان,1349,0.805,8.2
channel,IRNA,ceasefire,countries_actors,آلمان,413,0.247,2.5
channel,IRNA,ceasefire,countries_actors,اتحادیه اروپا,1039,0.62,6.3
channel,IRNA,ceasefire,countries_actors,انگلیس,673,0.402,4.1
channel,IRNA,ceasefire,countries_actors,فرانسه,498,0.297,3.0
channel,IRNA,ceasefire,countries_actors,ایتالیا,220,0.131,1.3
channel,IRNA,ceasefire,countries_actors,اسپانیا,250,0.149,1.5
channel,IRNA,ceasefire,crimes,نسل‌کشی,120,0.072,8.5
channel,IRNA,ceasefire,crimes,کودک‌کش / کودک‌کشی,43,0.026,3.1
channel,IRNA,ceasefire,crimes,جنایت جنگی,135,0.081,9.6
channel,IRNA,ceasefire,crimes,جنایت,484,0.289,34.4
channel,IRNA,ceasefire,crimes,کشتار,82,0.049,5.8
channel,IRNA,ceasefire,crimes,میناب (school attack),542,0.324,38.5
channel,IRNA,ceasefire,diplomacy,مذاکره / مذاکرات,2681,1.601,26.3
channel,IRNA,ceasefire,diplomacy,گفت‌وگو,1388,0.829,13.6
channel,IRNA,ceasefire,diplomacy,توافق,2140,1.278,21.0
channel,IRNA,ceasefire,diplomacy,برجام,73,0.044,0.7
channel,IRNA,ceasefire,diplomacy,دیپلماسی,884,0.528,8.7
channel,IRNA,ceasefire,diplomacy,آتش‌بس,1435,0.857,14.1
channel,IRNA,ceasefire,diplomacy,صلح,900,0.537,8.8
channel,IRNA,ceasefire,diplomacy,تفاهم‌نامه,702,0.419,6.9
channel,IRNA,ceasefire,revenge,انتقام سخت,3,0.002,2.3
channel,IRNA,ceasefire,revenge,انتقام,48,0.029,37.5
channel,IRNA,ceasefire,revenge,خونخواهی,39,0.023,30.5
channel,IRNA,ceasefire,revenge,قصاص,23,0.014,18.0
channel,IRNA,ceasefire,revenge,پاسخ پشیمان‌کننده / کوبنده,15,0.009,11.7
channel,IRNA,ceasefire,persons,ترامپ,2929,1.749,25.4
channel,IRNA,ceasefire,persons,نتانیاهو,692,0.413,6.0
channel,IRNA,ceasefire,persons,پزشکیان,690,0.412,6.0
channel,IRNA,ceasefire,persons,عراقچی,731,0.436,6.3
channel,IRNA,ceasefire,persons,بقائی,623,0.372,5.4
channel,IRNA,ceasefire,persons,ظریف,33,0.02,0.3
channel,IRNA,ceasefire,persons,خاتمی,32,0.019,0.3
channel,IRNA,ceasefire,persons,حسن روحانی,6,0.004,0.1
channel,IRNA,ceasefire,persons,احمدی‌نژاد,4,0.002,0.0
channel,IRNA,ceasefire,persons,قالیباف,386,0.23,3.3
channel,IRNA,ceasefire,persons,سخنگوی وزارت امور خارجه,651,0.389,5.6
channel,IRNA,ceasefire,persons,وزیر امور خارجه,1665,0.994,14.4
channel,IRNA,ceasefire,labels_opponents,خائن / خیانت,74,0.044,47.7
channel,IRNA,ceasefire,labels_opponents,وطن‌فروش,18,0.011,11.6
channel,IRNA,ceasefire,labels_opponents,مزدور,37,0.022,23.9
channel,IRNA,ceasefire,labels_opponents,منافقین,6,0.004,3.9
channel,IRNA,ceasefire,labels_opponents,اغتشاشگر,5,0.003,3.2
channel,IRNA,ceasefire,labels_opponents,ضدانقلاب,15,0.009,9.7
channel,IRNA,ceasefire,countries_actors,جهاد اسلامی,34,0.02,0.2
channel,IRNA,ceasefire,countries_actors,کتائب حزب‌الله,6,0.004,0.0
channel,IRNA,ceasefire,countries_actors,داعش,51,0.03,0.3
channel,IRNA,ceasefire,countries_actors,طالبان,21,0.013,0.1
channel,IRNA,ceasefire,countries_actors,جیش‌العدل,1,0.001,0.0
channel,IRNA,ceasefire,countries_actors,پژاک,0,0.0,0.0
channel,IRNA,ceasefire,countries_actors,کومله,0,0.0,0.0
channel,IRNA,ceasefire,countries_actors,مجاهدین خلق,3,0.002,0.0
channel,IRNA,ceasefire,countries_actors,سلطنت‌طلبان,1,0.001,0.0
channel,IRNA,ceasefire,countries_actors,رضا پهلوی,5,0.003,0.0
channel,IRNA,ceasefire,persons,رئیس‌جمهور آمریکا (US president),816,0.487,7.1
channel,IRNA,ceasefire,persons,"رئیس‌جمهور (other, mostly Iran)",2289,1.367,19.8
channel,IRNA,ceasefire,israel_naming,رژیم کودک‌کش,16,0.01,0.3
channel,IRNA,ceasefire,israel_naming,صهیونیست‌های کودک‌کش,0,0.0,0.0
channel,IRNA,ceasefire,israel_army,ارتش کودک‌کش آمریکا (USA – not counted as Israel),5,0.003,1.1
channel,IRNA,ceasefire,israel_army,ارتش کودک‌کش (Israel),4,0.002,0.9
channel,IRNA,after_truce_collapse,israel_naming,اسرائیل,762,0.621,34.7
channel,IRNA,after_truce_collapse,israel_naming,رژیم صهیونیستی,1295,1.056,58.9
channel,IRNA,after_truce_collapse,israel_naming,رژیم اشغالگر,56,0.046,2.5
channel,IRNA,after_truce_collapse,israel_naming,رژیم غاصب,0,0.0,0.0
channel,IRNA,after_truce_collapse,israel_naming,صهیونیست‌ها,56,0.046,2.5
channel,IRNA,after_truce_collapse,israel_naming,دشمن صهیونیستی,18,0.015,0.8
channel,IRNA,after_truce_collapse,israel_territory,اسرائیل,762,0.621,90.0
channel,IRNA,after_truce_collapse,israel_territory,فلسطین اشغالی,24,0.02,2.8
channel,IRNA,after_truce_collapse,israel_territory,سرزمین‌های اشغالی,49,0.04,5.8
channel,IRNA,after_truce_collapse,israel_territory,اراضی اشغالی,12,0.01,1.4
channel,IRNA,after_truce_collapse,israel_army,ارتش اسرائیل,30,0.024,12.3
channel,IRNA,after_truce_collapse,israel_army,ارتش رژیم صهیونیستی,134,0.109,54.9
channel,IRNA,after_truce_collapse,israel_army,ارتش صهیونیستی,6,0.005,2.5
channel,IRNA,after_truce_collapse,israel_army,ارتش اشغالگر,14,0.011,5.7
channel,IRNA,after_truce_collapse,usa_naming,رئیس دولت تروریستی آمریکا,0,0.0,0.0
channel,IRNA,after_truce_collapse,usa_naming,ارتش تروریستی آمریکا,115,0.094,2.0
channel,IRNA,after_truce_collapse,usa_naming,ارتش کودک‌کش آمریکا,43,0.035,0.7
channel,IRNA,after_truce_collapse,usa_naming,ارتش متجاوز آمریکا,32,0.026,0.5
channel,IRNA,after_truce_collapse,usa_naming,شیطان بزرگ,15,0.012,0.3
channel,IRNA,after_truce_collapse,usa_naming,استکبار,70,0.057,1.2
channel,IRNA,after_truce_collapse,usa_naming,ایالات متحده,320,0.261,5.4
channel,IRNA,after_truce_collapse,usa_naming,آمریکا,4591,3.742,78.0
channel,IRNA,after_truce_collapse,usa_naming,کاخ سفید,113,0.092,1.9
channel,IRNA,after_truce_collapse,usa_naming,واشنگتن,585,0.477,9.9
channel,IRNA,after_truce_collapse,countries_actors,امارات,93,0.076,0.8
channel,IRNA,after_truce_collapse,countries_actors,بحرین,171,0.139,1.5
channel,IRNA,after_truce_collapse,countries_actors,کویت,255,0.208,2.3
channel,IRNA,after_truce_collapse,countries_actors,قطر,239,0.195,2.2
channel,IRNA,after_truce_collapse,countries_actors,"دریای عمان (sea, not the country)",17,0.014,0.2
channel,IRNA,after_truce_collapse,countries_actors,عمان,350,0.285,3.2
channel,IRNA,after_truce_collapse,countries_actors,عربستان,725,0.591,6.5
channel,IRNA,after_truce_collapse,countries_actors,اردن,266,0.217,2.4
channel,IRNA,after_truce_collapse,countries_actors,سوریه,373,0.304,3.4
channel,IRNA,after_truce_collapse,countries_actors,یمن,517,0.421,4.7
channel,IRNA,after_truce_collapse,countries_actors,انصارالله / حوثی‌ها,117,0.095,1.1
channel,IRNA,after_truce_collapse,countries_actors,عراق,1501,1.224,13.5
channel,IRNA,after_truce_collapse,countries_actors,مقاومت عراق / حشد شعبی,70,0.057,0.6
channel,IRNA,after_truce_collapse,countries_actors,فلسطین اشغالی (Israel),24,0.02,0.2
channel,IRNA,after_truce_collapse,countries_actors,فلسطین,361,0.294,3.2
channel,IRNA,after_truce_collapse,countries_actors,غزه,508,0.414,4.6
channel,IRNA,after_truce_collapse,countries_actors,حماس,267,0.218,2.4
channel,IRNA,after_truce_collapse,countries_actors,حزب‌الله,156,0.127,1.4
channel,IRNA,after_truce_collapse,countries_actors,لبنان,796,0.649,7.2
channel,IRNA,after_truce_collapse,countries_actors,ترکیه,332,0.271,3.0
channel,IRNA,after_truce_collapse,countries_actors,روسیه,935,0.762,8.4
channel,IRNA,after_truce_collapse,countries_actors,چین,473,0.386,4.3
channel,IRNA,after_truce_collapse,countries_actors,آذربایجان شرقی/غربی (Iranian provinces),58,0.047,0.5
channel,IRNA,after_truce_collapse,countries_actors,جمهوری آذربایجان,100,0.082,0.9
channel,IRNA,after_truce_collapse,countries_actors,پاکستان,603,0.492,5.4
channel,IRNA,after_truce_collapse,countries_actors,آلمان,163,0.133,1.5
channel,IRNA,after_truce_collapse,countries_actors,اتحادیه اروپا,463,0.377,4.2
channel,IRNA,after_truce_collapse,countries_actors,انگلیس,423,0.345,3.8
channel,IRNA,after_truce_collapse,countries_actors,فرانسه,293,0.239,2.6
channel,IRNA,after_truce_collapse,countries_actors,ایتالیا,103,0.084,0.9
channel,IRNA,after_truce_collapse,countries_actors,اسپانیا,270,0.22,2.4
channel,IRNA,after_truce_collapse,crimes,نسل‌کشی,74,0.06,7.6
channel,IRNA,after_truce_collapse,crimes,کودک‌کش / کودک‌کشی,81,0.066,8.3
channel,IRNA,after_truce_collapse,crimes,جنایت جنگی,115,0.094,11.8
channel,IRNA,after_truce_collapse,crimes,جنایت,384,0.313,39.5
channel,IRNA,after_truce_collapse,crimes,کشتار,72,0.059,7.4
channel,IRNA,after_truce_collapse,crimes,میناب (school attack),245,0.2,25.2
channel,IRNA,after_truce_collapse,diplomacy,مذاکره / مذاکرات,789,0.643,19.8
channel,IRNA,after_truce_collapse,diplomacy,گفت‌وگو,874,0.712,22.0
channel,IRNA,after_truce_collapse,diplomacy,توافق,577,0.47,14.5
channel,IRNA,after_truce_collapse,diplomacy,برجام,15,0.012,0.4
channel,IRNA,after_truce_collapse,diplomacy,دیپلماسی,630,0.514,15.8
channel,IRNA,after_truce_collapse,diplomacy,آتش‌بس,261,0.213,6.6
channel,IRNA,after_truce_collapse,diplomacy,صلح,384,0.313,9.6
channel,IRNA,after_truce_collapse,diplomacy,تفاهم‌نامه,450,0.367,11.3
channel,IRNA,after_truce_collapse,revenge,انتقام سخت,1,0.001,0.6
channel,IRNA,after_truce_collapse,revenge,انتقام,74,0.06,44.0
channel,IRNA,after_truce_collapse,revenge,خونخواهی,48,0.039,28.6
channel,IRNA,after_truce_collapse,revenge,قصاص,36,0.029,21.4
channel,IRNA,after_truce_collapse,revenge,پاسخ پشیمان‌کننده / کوبنده,9,0.007,5.4
channel,IRNA,after_truce_collapse,persons,ترامپ,1347,1.098,19.9
channel,IRNA,after_truce_collapse,persons,نتانیاهو,334,0.272,4.9
channel,IRNA,after_truce_collapse,persons,پزشکیان,691,0.563,10.2
channel,IRNA,after_truce_collapse,persons,عراقچی,400,0.326,5.9
channel,IRNA,after_truce_collapse,persons,بقائی,334,0.272,4.9
channel,IRNA,after_truce_collapse,persons,ظریف,15,0.012,0.2
channel,IRNA,after_truce_collapse,persons,خاتمی,12,0.01,0.2
channel,IRNA,after_truce_collapse,persons,حسن روحانی,1,0.001,0.0
channel,IRNA,after_truce_collapse,persons,احمدی‌نژاد,0,0.0,0.0
channel,IRNA,after_truce_collapse,persons,قالیباف,215,0.175,3.2
channel,IRNA,after_truce_collapse,persons,سخنگوی وزارت امور خارجه,338,0.276,5.0
channel,IRNA,after_truce_collapse,persons,وزیر امور خارجه,863,0.703,12.8
channel,IRNA,after_truce_collapse,labels_opponents,خائن / خیانت,24,0.02,30.4
channel,IRNA,after_truce_collapse,labels_opponents,وطن‌فروش,6,0.005,7.6
channel,IRNA,after_truce_collapse,labels_opponents,مزدور,21,0.017,26.6
channel,IRNA,after_truce_collapse,labels_opponents,منافقین,12,0.01,15.2
channel,IRNA,after_truce_collapse,labels_opponents,اغتشاشگر,1,0.001,1.3
channel,IRNA,after_truce_collapse,labels_opponents,ضدانقلاب,15,0.012,19.0
channel,IRNA,after_truce_collapse,countries_actors,جهاد اسلامی,22,0.018,0.2
channel,IRNA,after_truce_collapse,countries_actors,کتائب حزب‌الله,5,0.004,0.0
channel,IRNA,after_truce_collapse,countries_actors,داعش,37,0.03,0.3
channel,IRNA,after_truce_collapse,countries_actors,طالبان,13,0.011,0.1
channel,IRNA,after_truce_collapse,countries_actors,جیش‌العدل,0,0.0,0.0
channel,IRNA,after_truce_collapse,countries_actors,پژاک,1,0.001,0.0
channel,IRNA,after_truce_collapse,countries_actors,کومله,0,0.0,0.0
channel,IRNA,after_truce_collapse,countries_actors,مجاهدین خلق,4,0.003,0.0
channel,IRNA,after_truce_collapse,countries_actors,سلطنت‌طلبان,1,0.001,0.0
channel,IRNA,after_truce_collapse,countries_actors,رضا پهلوی,3,0.002,0.0
channel,IRNA,after_truce_collapse,persons,رئیس‌جمهور آمریکا (US president),379,0.309,5.6
channel,IRNA,after_truce_collapse,persons,"رئیس‌جمهور (other, mostly Iran)",1830,1.492,27.1
channel,IRNA,after_truce_collapse,israel_naming,رژیم کودک‌کش,10,0.008,0.5
channel,IRNA,after_truce_collapse,israel_naming,صهیونیست‌های کودک‌کش,0,0.0,0.0
channel,IRNA,after_truce_collapse,israel_army,ارتش کودک‌کش آمریکا (USA – not counted as Israel),43,0.035,17.6
channel,IRNA,after_truce_collapse,israel_army,ارتش کودک‌کش (Israel),17,0.014,7.0
channel,IRIB News,all,israel_naming,اسرائیل,3377,1.776,52.3
channel,IRIB News,all,israel_naming,رژیم صهیونیستی,2536,1.333,39.3
channel,IRIB News,all,israel_naming,رژیم اشغالگر,97,0.051,1.5
channel,IRIB News,all,israel_naming,رژیم غاصب,25,0.013,0.4
channel,IRIB News,all,israel_naming,صهیونیست‌ها,310,0.163,4.8
channel,IRIB News,all,israel_naming,دشمن صهیونیستی,64,0.034,1.0
channel,IRIB News,all,israel_territory,اسرائیل,3377,1.776,73.5
channel,IRIB News,all,israel_territory,فلسطین اشغالی,278,0.146,6.1
channel,IRIB News,all,israel_territory,سرزمین‌های اشغالی,805,0.423,17.5
channel,IRIB News,all,israel_territory,اراضی اشغالی,135,0.071,2.9
channel,IRIB News,all,israel_army,ارتش اسرائیل,194,0.102,29.9
channel,IRIB News,all,israel_army,ارتش رژیم صهیونیستی,167,0.088,25.8
channel,IRIB News,all,israel_army,ارتش صهیونیستی,53,0.028,8.2
channel,IRIB News,all,israel_army,ارتش اشغالگر,162,0.085,25.0
channel,IRIB News,all,usa_naming,رئیس دولت تروریستی آمریکا,8,0.004,0.1
channel,IRIB News,all,usa_naming,ارتش تروریستی آمریکا,177,0.093,1.4
channel,IRIB News,all,usa_naming,ارتش کودک‌کش آمریکا,48,0.025,0.4
channel,IRIB News,all,usa_naming,ارتش متجاوز آمریکا,36,0.019,0.3
channel,IRIB News,all,usa_naming,شیطان بزرگ,29,0.015,0.2
channel,IRIB News,all,usa_naming,استکبار,116,0.061,0.9
channel,IRIB News,all,usa_naming,ایالات متحده,672,0.353,5.1
channel,IRIB News,all,usa_naming,آمریکا,11031,5.8,84.2
channel,IRIB News,all,usa_naming,کاخ سفید,267,0.14,2.0
channel,IRIB News,all,usa_naming,واشنگتن,722,0.38,5.5
channel,IRIB News,all,countries_actors,امارات,567,0.298,3.3
channel,IRIB News,all,countries_actors,بحرین,583,0.307,3.4
channel,IRIB News,all,countries_actors,کویت,576,0.303,3.4
channel,IRIB News,all,countries_actors,قطر,422,0.222,2.5
channel,IRIB News,all,countries_actors,"دریای عمان (sea, not the country)",100,0.053,0.6
channel,IRIB News,all,countries_actors,عمان,506,0.266,3.0
channel,IRIB News,all,countries_actors,عربستان,818,0.43,4.8
channel,IRIB News,all,countries_actors,اردن,314,0.165,1.8
channel,IRIB News,all,countries_actors,سوریه,216,0.114,1.3
channel,IRIB News,all,countries_actors,یمن,525,0.276,3.1
channel,IRIB News,all,countries_actors,انصارالله / حوثی‌ها,131,0.069,0.8
channel,IRIB News,all,countries_actors,عراق,1353,0.711,7.9
channel,IRIB News,all,countries_actors,مقاومت عراق / حشد شعبی,95,0.05,0.6
channel,IRIB News,all,countries_actors,فلسطین اشغالی (Israel),278,0.146,1.6
channel,IRIB News,all,countries_actors,فلسطین,348,0.183,2.0
channel,IRIB News,all,countries_actors,غزه,560,0.294,3.3
channel,IRIB News,all,countries_actors,حماس,180,0.095,1.1
channel,IRIB News,all,countries_actors,حزب‌الله,1184,0.623,6.9
channel,IRIB News,all,countries_actors,لبنان,2372,1.247,13.8
channel,IRIB News,all,countries_actors,ترکیه,480,0.252,2.8
channel,IRIB News,all,countries_actors,روسیه,992,0.522,5.8
channel,IRIB News,all,countries_actors,چین,720,0.379,4.2
channel,IRIB News,all,countries_actors,آذربایجان شرقی/غربی (Iranian provinces),199,0.105,1.2
channel,IRIB News,all,countries_actors,جمهوری آذربایجان,273,0.144,1.6
channel,IRIB News,all,countries_actors,پاکستان,830,0.436,4.8
channel,IRIB News,all,countries_actors,آلمان,235,0.124,1.4
channel,IRIB News,all,countries_actors,اتحادیه اروپا,696,0.366,4.1
channel,IRIB News,all,countries_actors,انگلیس,619,0.325,3.6
channel,IRIB News,all,countries_actors,فرانسه,405,0.213,2.4
channel,IRIB News,all,countries_actors,ایتالیا,128,0.067,0.7
channel,IRIB News,all,countries_actors,اسپانیا,254,0.134,1.5
channel,IRIB News,all,crimes,نسل‌کشی,111,0.058,5.3
channel,IRIB News,all,crimes,کودک‌کش / کودک‌کشی,170,0.089,8.1
channel,IRIB News,all,crimes,جنایت جنگی,247,0.13,11.7
channel,IRIB News,all,crimes,جنایت,743,0.391,35.3
channel,IRIB News,all,crimes,کشتار,140,0.074,6.7
channel,IRIB News,all,crimes,میناب (school attack),693,0.364,32.9
channel,IRIB News,all,diplomacy,مذاکره / مذاکرات,1757,0.924,32.5
channel,IRIB News,all,diplomacy,گفت‌وگو,318,0.167,5.9
channel,IRIB News,all,diplomacy,توافق,884,0.465,16.3
channel,IRIB News,all,diplomacy,برجام,33,0.017,0.6
channel,IRIB News,all,diplomacy,دیپلماسی,546,0.287,10.1
channel,IRIB News,all,diplomacy,آتش‌بس,917,0.482,16.9
channel,IRIB News,all,diplomacy,صلح,577,0.303,10.7
channel,IRIB News,all,diplomacy,تفاهم‌نامه,381,0.2,7.0
channel,IRIB News,all,revenge,انتقام سخت,6,0.003,1.4
channel,IRIB News,all,revenge,انتقام,225,0.118,54.0
channel,IRIB News,all,revenge,خونخواهی,120,0.063,28.8
channel,IRIB News,all,revenge,قصاص,34,0.018,8.2
channel,IRIB News,all,revenge,پاسخ پشیمان‌کننده / کوبنده,32,0.017,7.7
channel,IRIB News,all,persons,ترامپ,4980,2.618,38.7
channel,IRIB News,all,persons,نتانیاهو,648,0.341,5.0
channel,IRIB News,all,persons,پزشکیان,684,0.36,5.3
channel,IRIB News,all,persons,عراقچی,1036,0.545,8.1
channel,IRIB News,all,persons,بقائی,452,0.238,3.5
channel,IRIB News,all,persons,ظریف,5,0.003,0.0
channel,IRIB News,all,persons,خاتمی,15,0.008,0.1
channel,IRIB News,all,persons,حسن روحانی,5,0.003,0.0
channel,IRIB News,all,persons,احمدی‌نژاد,2,0.001,0.0
channel,IRIB News,all,persons,قالیباف,579,0.304,4.5
channel,IRIB News,all,persons,سخنگوی وزارت امور خارجه,634,0.333,4.9
channel,IRIB News,all,persons,وزیر امور خارجه,1502,0.79,11.7
channel,IRIB News,all,labels_opponents,خائن / خیانت,102,0.054,16.3
channel,IRIB News,all,labels_opponents,وطن‌فروش,53,0.028,8.5
channel,IRIB News,all,labels_opponents,مزدور,221,0.116,35.3
channel,IRIB News,all,labels_opponents,منافقین,55,0.029,8.8
channel,IRIB News,all,labels_opponents,اغتشاشگر,134,0.07,21.4
channel,IRIB News,all,labels_opponents,ضدانقلاب,61,0.032,9.7
channel,IRIB News,all,countries_actors,جهاد اسلامی,6,0.003,0.0
channel,IRIB News,all,countries_actors,کتائب حزب‌الله,9,0.005,0.1
channel,IRIB News,all,countries_actors,داعش,74,0.039,0.4
channel,IRIB News,all,countries_actors,طالبان,16,0.008,0.1
channel,IRIB News,all,countries_actors,جیش‌العدل,1,0.001,0.0
channel,IRIB News,all,countries_actors,پژاک,10,0.005,0.1
channel,IRIB News,all,countries_actors,کومله,9,0.005,0.1
channel,IRIB News,all,countries_actors,مجاهدین خلق,0,0.0,0.0
channel,IRIB News,all,countries_actors,سلطنت‌طلبان,17,0.009,0.1
channel,IRIB News,all,countries_actors,رضا پهلوی,28,0.015,0.2
channel,IRIB News,all,persons,رئیس‌جمهور آمریکا (US president),404,0.212,3.1
channel,IRIB News,all,persons,"رئیس‌جمهور (other, mostly Iran)",1910,1.004,14.9
channel,IRIB News,all,israel_naming,رژیم کودک‌کش,44,0.023,0.7
channel,IRIB News,all,israel_naming,صهیونیست‌های کودک‌کش,0,0.0,0.0
channel,IRIB News,all,israel_army,ارتش کودک‌کش آمریکا (USA – not counted as Israel),48,0.025,7.4
channel,IRIB News,all,israel_army,ارتش کودک‌کش (Israel),24,0.013,3.7
channel,IRIB News,before_war,israel_naming,اسرائیل,181,0.76,44.5
channel,IRIB News,before_war,israel_naming,رژیم صهیونیستی,190,0.797,46.7
channel,IRIB News,before_war,israel_naming,رژیم اشغالگر,14,0.059,3.4
channel,IRIB News,before_war,israel_naming,رژیم غاصب,0,0.0,0.0
channel,IRIB News,before_war,israel_naming,صهیونیست‌ها,21,0.088,5.2
channel,IRIB News,before_war,israel_naming,دشمن صهیونیستی,1,0.004,0.2
channel,IRIB News,before_war,israel_territory,اسرائیل,181,0.76,90.5
channel,IRIB News,before_war,israel_territory,فلسطین اشغالی,5,0.021,2.5
channel,IRIB News,before_war,israel_territory,سرزمین‌های اشغالی,13,0.055,6.5
channel,IRIB News,before_war,israel_territory,اراضی اشغالی,1,0.004,0.5
channel,IRIB News,before_war,israel_army,ارتش اسرائیل,5,0.021,50.0
channel,IRIB News,before_war,israel_army,ارتش رژیم صهیونیستی,4,0.017,40.0
channel,IRIB News,before_war,israel_army,ارتش صهیونیستی,0,0.0,0.0
channel,IRIB News,before_war,israel_army,ارتش اشغالگر,1,0.004,10.0
channel,IRIB News,before_war,usa_naming,رئیس دولت تروریستی آمریکا,0,0.0,0.0
channel,IRIB News,before_war,usa_naming,ارتش تروریستی آمریکا,0,0.0,0.0
channel,IRIB News,before_war,usa_naming,ارتش کودک‌کش آمریکا,0,0.0,0.0
channel,IRIB News,before_war,usa_naming,ارتش متجاوز آمریکا,0,0.0,0.0
channel,IRIB News,before_war,usa_naming,شیطان بزرگ,2,0.008,0.2
channel,IRIB News,before_war,usa_naming,استکبار,7,0.029,0.6
channel,IRIB News,before_war,usa_naming,ایالات متحده,57,0.239,4.9
channel,IRIB News,before_war,usa_naming,آمریکا,1014,4.256,86.8
channel,IRIB News,before_war,usa_naming,کاخ سفید,25,0.105,2.1
channel,IRIB News,before_war,usa_naming,واشنگتن,63,0.264,5.4
channel,IRIB News,before_war,countries_actors,امارات,27,0.113,1.8
channel,IRIB News,before_war,countries_actors,بحرین,6,0.025,0.4
channel,IRIB News,before_war,countries_actors,کویت,2,0.008,0.1
channel,IRIB News,before_war,countries_actors,قطر,32,0.134,2.2
channel,IRIB News,before_war,countries_actors,"دریای عمان (sea, not the country)",5,0.021,0.3
channel,IRIB News,before_war,countries_actors,عمان,111,0.466,7.6
channel,IRIB News,before_war,countries_actors,عربستان,49,0.206,3.3
channel,IRIB News,before_war,countries_actors,اردن,14,0.059,1.0
channel,IRIB News,before_war,countries_actors,سوریه,38,0.159,2.6
channel,IRIB News,before_war,countries_actors,یمن,16,0.067,1.1
channel,IRIB News,before_war,countries_actors,انصارالله / حوثی‌ها,11,0.046,0.8
channel,IRIB News,before_war,countries_actors,عراق,86,0.361,5.9
channel,IRIB News,before_war,countries_actors,مقاومت عراق / حشد شعبی,2,0.008,0.1
channel,IRIB News,before_war,countries_actors,فلسطین اشغالی (Israel),5,0.021,0.3
channel,IRIB News,before_war,countries_actors,فلسطین,31,0.13,2.1
channel,IRIB News,before_war,countries_actors,غزه,74,0.311,5.0
channel,IRIB News,before_war,countries_actors,حماس,12,0.05,0.8
channel,IRIB News,before_war,countries_actors,حزب‌الله,34,0.143,2.3
channel,IRIB News,before_war,countries_actors,لبنان,122,0.512,8.3
channel,IRIB News,before_war,countries_actors,ترکیه,87,0.365,5.9
channel,IRIB News,before_war,countries_actors,روسیه,147,0.617,10.0
channel,IRIB News,before_war,countries_actors,چین,55,0.231,3.8
channel,IRIB News,before_war,countries_actors,آذربایجان شرقی/غربی (Iranian provinces),47,0.197,3.2
channel,IRIB News,before_war,countries_actors,جمهوری آذربایجان,54,0.227,3.7
channel,IRIB News,before_war,countries_actors,پاکستان,58,0.243,4.0
channel,IRIB News,before_war,countries_actors,آلمان,30,0.126,2.0
channel,IRIB News,before_war,countries_actors,اتحادیه اروپا,117,0.491,8.0
channel,IRIB News,before_war,countries_actors,انگلیس,59,0.248,4.0
channel,IRIB News,before_war,countries_actors,فرانسه,42,0.176,2.9
channel,IRIB News,before_war,countries_actors,ایتالیا,7,0.029,0.5
channel,IRIB News,before_war,countries_actors,اسپانیا,12,0.05,0.8
channel,IRIB News,before_war,crimes,نسل‌کشی,18,0.076,12.9
channel,IRIB News,before_war,crimes,کودک‌کش / کودک‌کشی,1,0.004,0.7
channel,IRIB News,before_war,crimes,جنایت جنگی,3,0.013,2.2
channel,IRIB News,before_war,crimes,جنایت,93,0.39,66.9
channel,IRIB News,before_war,crimes,کشتار,20,0.084,14.4
channel,IRIB News,before_war,crimes,میناب (school attack),4,0.017,2.9
channel,IRIB News,before_war,diplomacy,مذاکره / مذاکرات,365,1.532,50.6
channel,IRIB News,before_war,diplomacy,گفت‌وگو,55,0.231,7.6
channel,IRIB News,before_war,diplomacy,توافق,103,0.432,14.3
channel,IRIB News,before_war,diplomacy,برجام,3,0.013,0.4
channel,IRIB News,before_war,diplomacy,دیپلماسی,101,0.424,14.0
channel,IRIB News,before_war,diplomacy,آتش‌بس,16,0.067,2.2
channel,IRIB News,before_war,diplomacy,صلح,77,0.323,10.7
channel,IRIB News,before_war,diplomacy,تفاهم‌نامه,2,0.008,0.3
channel,IRIB News,before_war,revenge,انتقام سخت,0,0.0,0.0
channel,IRIB News,before_war,revenge,انتقام,9,0.038,42.9
channel,IRIB News,before_war,revenge,خونخواهی,3,0.013,14.3
channel,IRIB News,before_war,revenge,قصاص,7,0.029,33.3
channel,IRIB News,before_war,revenge,پاسخ پشیمان‌کننده / کوبنده,2,0.008,9.5
channel,IRIB News,before_war,persons,ترامپ,364,1.528,21.2
channel,IRIB News,before_war,persons,نتانیاهو,46,0.193,2.7
channel,IRIB News,before_war,persons,پزشکیان,122,0.512,7.1
channel,IRIB News,before_war,persons,عراقچی,208,0.873,12.1
channel,IRIB News,before_war,persons,بقائی,67,0.281,3.9
channel,IRIB News,before_war,persons,ظریف,0,0.0,0.0
channel,IRIB News,before_war,persons,خاتمی,2,0.008,0.1
channel,IRIB News,before_war,persons,حسن روحانی,0,0.0,0.0
channel,IRIB News,before_war,persons,احمدی‌نژاد,0,0.0,0.0
channel,IRIB News,before_war,persons,قالیباف,64,0.269,3.7
channel,IRIB News,before_war,persons,سخنگوی وزارت امور خارجه,78,0.327,4.6
channel,IRIB News,before_war,persons,وزیر امور خارجه,288,1.209,16.8
channel,IRIB News,before_war,labels_opponents,خائن / خیانت,13,0.055,6.0
channel,IRIB News,before_war,labels_opponents,وطن‌فروش,4,0.017,1.9
channel,IRIB News,before_war,labels_opponents,مزدور,39,0.164,18.1
channel,IRIB News,before_war,labels_opponents,منافقین,17,0.071,7.9
channel,IRIB News,before_war,labels_opponents,اغتشاشگر,122,0.512,56.7
channel,IRIB News,before_war,labels_opponents,ضدانقلاب,20,0.084,9.3
channel,IRIB News,before_war,countries_actors,جهاد اسلامی,1,0.004,0.1
channel,IRIB News,before_war,countries_actors,کتائب حزب‌الله,0,0.0,0.0
channel,IRIB News,before_war,countries_actors,داعش,43,0.18,2.9
channel,IRIB News,before_war,countries_actors,طالبان,7,0.029,0.5
channel,IRIB News,before_war,countries_actors,جیش‌العدل,0,0.0,0.0
channel,IRIB News,before_war,countries_actors,پژاک,4,0.017,0.3
channel,IRIB News,before_war,countries_actors,کومله,1,0.004,0.1
channel,IRIB News,before_war,countries_actors,مجاهدین خلق,0,0.0,0.0
channel,IRIB News,before_war,countries_actors,سلطنت‌طلبان,12,0.05,0.8
channel,IRIB News,before_war,countries_actors,رضا پهلوی,6,0.025,0.4
channel,IRIB News,before_war,persons,رئیس‌جمهور آمریکا (US president),87,0.365,5.1
channel,IRIB News,before_war,persons,"رئیس‌جمهور (other, mostly Iran)",387,1.624,22.6
channel,IRIB News,before_war,israel_naming,رژیم کودک‌کش,0,0.0,0.0
channel,IRIB News,before_war,israel_naming,صهیونیست‌های کودک‌کش,0,0.0,0.0
channel,IRIB News,before_war,israel_army,ارتش کودک‌کش آمریکا (USA – not counted as Israel),0,0.0,0.0
channel,IRIB News,before_war,israel_army,ارتش کودک‌کش (Israel),0,0.0,0.0
channel,IRIB News,war,israel_naming,اسرائیل,1346,2.884,57.3
channel,IRIB News,war,israel_naming,رژیم صهیونیستی,793,1.699,33.7
channel,IRIB News,war,israel_naming,رژیم اشغالگر,22,0.047,0.9
channel,IRIB News,war,israel_naming,رژیم غاصب,15,0.032,0.6
channel,IRIB News,war,israel_naming,صهیونیست‌ها,123,0.264,5.2
channel,IRIB News,war,israel_naming,دشمن صهیونیستی,25,0.054,1.1
channel,IRIB News,war,israel_territory,اسرائیل,1346,2.884,58.2
channel,IRIB News,war,israel_territory,فلسطین اشغالی,179,0.383,7.7
channel,IRIB News,war,israel_territory,سرزمین‌های اشغالی,697,1.493,30.1
channel,IRIB News,war,israel_territory,اراضی اشغالی,92,0.197,4.0
channel,IRIB News,war,israel_army,ارتش اسرائیل,60,0.129,25.2
channel,IRIB News,war,israel_army,ارتش رژیم صهیونیستی,27,0.058,11.3
channel,IRIB News,war,israel_army,ارتش صهیونیستی,13,0.028,5.5
channel,IRIB News,war,israel_army,ارتش اشغالگر,136,0.291,57.1
channel,IRIB News,war,usa_naming,رئیس دولت تروریستی آمریکا,0,0.0,0.0
channel,IRIB News,war,usa_naming,ارتش تروریستی آمریکا,58,0.124,1.5
channel,IRIB News,war,usa_naming,ارتش کودک‌کش آمریکا,0,0.0,0.0
channel,IRIB News,war,usa_naming,ارتش متجاوز آمریکا,10,0.021,0.3
channel,IRIB News,war,usa_naming,شیطان بزرگ,1,0.002,0.0
channel,IRIB News,war,usa_naming,استکبار,48,0.103,1.2
channel,IRIB News,war,usa_naming,ایالات متحده,265,0.568,6.9
channel,IRIB News,war,usa_naming,آمریکا,3278,7.022,85.1
channel,IRIB News,war,usa_naming,کاخ سفید,65,0.139,1.7
channel,IRIB News,war,usa_naming,واشنگتن,129,0.276,3.3
channel,IRIB News,war,countries_actors,امارات,256,0.548,6.5
channel,IRIB News,war,countries_actors,بحرین,300,0.643,7.7
channel,IRIB News,war,countries_actors,کویت,242,0.518,6.2
channel,IRIB News,war,countries_actors,قطر,120,0.257,3.1
channel,IRIB News,war,countries_actors,"دریای عمان (sea, not the country)",13,0.028,0.3
channel,IRIB News,war,countries_actors,عمان,60,0.129,1.5
channel,IRIB News,war,countries_actors,عربستان,156,0.334,4.0
channel,IRIB News,war,countries_actors,اردن,86,0.184,2.2
channel,IRIB News,war,countries_actors,سوریه,27,0.058,0.7
channel,IRIB News,war,countries_actors,یمن,96,0.206,2.4
channel,IRIB News,war,countries_actors,انصارالله / حوثی‌ها,34,0.073,0.9
channel,IRIB News,war,countries_actors,عراق,358,0.767,9.1
channel,IRIB News,war,countries_actors,مقاومت عراق / حشد شعبی,61,0.131,1.6
channel,IRIB News,war,countries_actors,فلسطین اشغالی (Israel),179,0.383,4.6
channel,IRIB News,war,countries_actors,فلسطین,76,0.163,1.9
channel,IRIB News,war,countries_actors,غزه,58,0.124,1.5
channel,IRIB News,war,countries_actors,حماس,17,0.036,0.4
channel,IRIB News,war,countries_actors,حزب‌الله,494,1.058,12.6
channel,IRIB News,war,countries_actors,لبنان,305,0.653,7.8
channel,IRIB News,war,countries_actors,ترکیه,97,0.208,2.5
channel,IRIB News,war,countries_actors,روسیه,168,0.36,4.3
channel,IRIB News,war,countries_actors,چین,77,0.165,2.0
channel,IRIB News,war,countries_actors,آذربایجان شرقی/غربی (Iranian provinces),28,0.06,0.7
channel,IRIB News,war,countries_actors,جمهوری آذربایجان,33,0.071,0.8
channel,IRIB News,war,countries_actors,پاکستان,69,0.148,1.8
channel,IRIB News,war,countries_actors,آلمان,50,0.107,1.3
channel,IRIB News,war,countries_actors,اتحادیه اروپا,145,0.311,3.7
channel,IRIB News,war,countries_actors,انگلیس,126,0.27,3.2
channel,IRIB News,war,countries_actors,فرانسه,80,0.171,2.0
channel,IRIB News,war,countries_actors,ایتالیا,19,0.041,0.5
channel,IRIB News,war,countries_actors,اسپانیا,54,0.116,1.4
channel,IRIB News,war,crimes,نسل‌کشی,26,0.056,3.3
channel,IRIB News,war,crimes,کودک‌کش / کودک‌کشی,51,0.109,6.4
channel,IRIB News,war,crimes,جنایت جنگی,114,0.244,14.4
channel,IRIB News,war,crimes,جنایت,272,0.583,34.3
channel,IRIB News,war,crimes,کشتار,53,0.114,6.7
channel,IRIB News,war,crimes,میناب (school attack),276,0.591,34.8
channel,IRIB News,war,diplomacy,مذاکره / مذاکرات,146,0.313,33.2
channel,IRIB News,war,diplomacy,گفت‌وگو,38,0.081,8.6
channel,IRIB News,war,diplomacy,توافق,53,0.114,12.0
channel,IRIB News,war,diplomacy,برجام,3,0.006,0.7
channel,IRIB News,war,diplomacy,دیپلماسی,46,0.099,10.5
channel,IRIB News,war,diplomacy,آتش‌بس,46,0.099,10.5
channel,IRIB News,war,diplomacy,صلح,108,0.231,24.5
channel,IRIB News,war,diplomacy,تفاهم‌نامه,0,0.0,0.0
channel,IRIB News,war,revenge,انتقام سخت,2,0.004,1.5
channel,IRIB News,war,revenge,انتقام,93,0.199,69.9
channel,IRIB News,war,revenge,خونخواهی,29,0.062,21.8
channel,IRIB News,war,revenge,قصاص,1,0.002,0.8
channel,IRIB News,war,revenge,پاسخ پشیمان‌کننده / کوبنده,8,0.017,6.0
channel,IRIB News,war,persons,ترامپ,1493,3.198,50.1
channel,IRIB News,war,persons,نتانیاهو,173,0.371,5.8
channel,IRIB News,war,persons,پزشکیان,86,0.184,2.9
channel,IRIB News,war,persons,عراقچی,235,0.503,7.9
channel,IRIB News,war,persons,بقائی,72,0.154,2.4
channel,IRIB News,war,persons,ظریف,3,0.006,0.1
channel,IRIB News,war,persons,خاتمی,6,0.013,0.2
channel,IRIB News,war,persons,حسن روحانی,5,0.011,0.2
channel,IRIB News,war,persons,احمدی‌نژاد,1,0.002,0.0
channel,IRIB News,war,persons,قالیباف,113,0.242,3.8
channel,IRIB News,war,persons,سخنگوی وزارت امور خارجه,100,0.214,3.4
channel,IRIB News,war,persons,وزیر امور خارجه,294,0.63,9.9
channel,IRIB News,war,labels_opponents,خائن / خیانت,28,0.06,15.5
channel,IRIB News,war,labels_opponents,وطن‌فروش,25,0.054,13.8
channel,IRIB News,war,labels_opponents,مزدور,87,0.186,48.1
channel,IRIB News,war,labels_opponents,منافقین,25,0.054,13.8
channel,IRIB News,war,labels_opponents,اغتشاشگر,3,0.006,1.7
channel,IRIB News,war,labels_opponents,ضدانقلاب,13,0.028,7.2
channel,IRIB News,war,countries_actors,جهاد اسلامی,3,0.006,0.1
channel,IRIB News,war,countries_actors,کتائب حزب‌الله,3,0.006,0.1
channel,IRIB News,war,countries_actors,داعش,9,0.019,0.2
channel,IRIB News,war,countries_actors,طالبان,3,0.006,0.1
channel,IRIB News,war,countries_actors,جیش‌العدل,0,0.0,0.0
channel,IRIB News,war,countries_actors,پژاک,2,0.004,0.1
channel,IRIB News,war,countries_actors,کومله,5,0.011,0.1
channel,IRIB News,war,countries_actors,مجاهدین خلق,0,0.0,0.0
channel,IRIB News,war,countries_actors,سلطنت‌طلبان,2,0.004,0.1
channel,IRIB News,war,countries_actors,رضا پهلوی,9,0.019,0.2
channel,IRIB News,war,persons,رئیس‌جمهور آمریکا (US president),78,0.167,2.6
channel,IRIB News,war,persons,"رئیس‌جمهور (other, mostly Iran)",322,0.69,10.8
channel,IRIB News,war,israel_naming,رژیم کودک‌کش,26,0.056,1.1
channel,IRIB News,war,israel_naming,صهیونیست‌های کودک‌کش,0,0.0,0.0
channel,IRIB News,war,israel_army,ارتش کودک‌کش آمریکا (USA – not counted as Israel),0,0.0,0.0
channel,IRIB News,war,israel_army,ارتش کودک‌کش (Israel),2,0.004,0.8
channel,IRIB News,ceasefire,israel_naming,اسرائیل,1548,1.877,53.1
channel,IRIB News,ceasefire,israel_naming,رژیم صهیونیستی,1146,1.389,39.3
channel,IRIB News,ceasefire,israel_naming,رژیم اشغالگر,42,0.051,1.4
channel,IRIB News,ceasefire,israel_naming,رژیم غاصب,9,0.011,0.3
channel,IRIB News,ceasefire,israel_naming,صهیونیست‌ها,123,0.149,4.2
channel,IRIB News,ceasefire,israel_naming,دشمن صهیونیستی,32,0.039,1.1
channel,IRIB News,ceasefire,israel_territory,اسرائیل,1548,1.877,88.9
channel,IRIB News,ceasefire,israel_territory,فلسطین اشغالی,87,0.105,5.0
channel,IRIB News,ceasefire,israel_territory,سرزمین‌های اشغالی,73,0.089,4.2
channel,IRIB News,ceasefire,israel_territory,اراضی اشغالی,33,0.04,1.9
channel,IRIB News,ceasefire,israel_army,ارتش اسرائیل,106,0.129,40.9
channel,IRIB News,ceasefire,israel_army,ارتش رژیم صهیونیستی,99,0.12,38.2
channel,IRIB News,ceasefire,israel_army,ارتش صهیونیستی,30,0.036,11.6
channel,IRIB News,ceasefire,israel_army,ارتش اشغالگر,16,0.019,6.2
channel,IRIB News,ceasefire,usa_naming,رئیس دولت تروریستی آمریکا,4,0.005,0.1
channel,IRIB News,ceasefire,usa_naming,ارتش تروریستی آمریکا,29,0.035,0.5
channel,IRIB News,ceasefire,usa_naming,ارتش کودک‌کش آمریکا,4,0.005,0.1
channel,IRIB News,ceasefire,usa_naming,ارتش متجاوز آمریکا,10,0.012,0.2
channel,IRIB News,ceasefire,usa_naming,شیطان بزرگ,10,0.012,0.2
channel,IRIB News,ceasefire,usa_naming,استکبار,34,0.041,0.6
channel,IRIB News,ceasefire,usa_naming,ایالات متحده,255,0.309,4.6
channel,IRIB News,ceasefire,usa_naming,آمریکا,4663,5.653,84.0
channel,IRIB News,ceasefire,usa_naming,کاخ سفید,149,0.181,2.7
channel,IRIB News,ceasefire,usa_naming,واشنگتن,392,0.475,7.1
channel,IRIB News,ceasefire,countries_actors,امارات,217,0.263,2.9
channel,IRIB News,ceasefire,countries_actors,بحرین,111,0.135,1.5
channel,IRIB News,ceasefire,countries_actors,کویت,139,0.169,1.8
channel,IRIB News,ceasefire,countries_actors,قطر,150,0.182,2.0
channel,IRIB News,ceasefire,countries_actors,"دریای عمان (sea, not the country)",46,0.056,0.6
channel,IRIB News,ceasefire,countries_actors,عمان,190,0.23,2.5
channel,IRIB News,ceasefire,countries_actors,عربستان,198,0.24,2.6
channel,IRIB News,ceasefire,countries_actors,اردن,42,0.051,0.6
channel,IRIB News,ceasefire,countries_actors,سوریه,56,0.068,0.7
channel,IRIB News,ceasefire,countries_actors,یمن,105,0.127,1.4
channel,IRIB News,ceasefire,countries_actors,انصارالله / حوثی‌ها,35,0.042,0.5
channel,IRIB News,ceasefire,countries_actors,عراق,365,0.443,4.8
channel,IRIB News,ceasefire,countries_actors,مقاومت عراق / حشد شعبی,8,0.01,0.1
channel,IRIB News,ceasefire,countries_actors,فلسطین اشغالی (Israel),87,0.105,1.2
channel,IRIB News,ceasefire,countries_actors,فلسطین,154,0.187,2.0
channel,IRIB News,ceasefire,countries_actors,غزه,254,0.308,3.4
channel,IRIB News,ceasefire,countries_actors,حماس,78,0.095,1.0
channel,IRIB News,ceasefire,countries_actors,حزب‌الله,585,0.709,7.8
channel,IRIB News,ceasefire,countries_actors,لبنان,1597,1.936,21.2
channel,IRIB News,ceasefire,countries_actors,ترکیه,192,0.233,2.6
channel,IRIB News,ceasefire,countries_actors,روسیه,480,0.582,6.4
channel,IRIB News,ceasefire,countries_actors,چین,441,0.535,5.9
channel,IRIB News,ceasefire,countries_actors,آذربایجان شرقی/غربی (Iranian provinces),96,0.116,1.3
channel,IRIB News,ceasefire,countries_actors,جمهوری آذربایجان,133,0.161,1.8
channel,IRIB News,ceasefire,countries_actors,پاکستان,562,0.681,7.5
channel,IRIB News,ceasefire,countries_actors,آلمان,121,0.147,1.6
channel,IRIB News,ceasefire,countries_actors,اتحادیه اروپا,355,0.43,4.7
channel,IRIB News,ceasefire,countries_actors,انگلیس,285,0.346,3.8
channel,IRIB News,ceasefire,countries_actors,فرانسه,199,0.241,2.6
channel,IRIB News,ceasefire,countries_actors,ایتالیا,86,0.104,1.1
channel,IRIB News,ceasefire,countries_actors,اسپانیا,125,0.152,1.7
channel,IRIB News,ceasefire,crimes,نسل‌کشی,55,0.067,7.0
channel,IRIB News,ceasefire,crimes,کودک‌کش / کودک‌کشی,39,0.047,4.9
channel,IRIB News,ceasefire,crimes,جنایت جنگی,83,0.101,10.5
channel,IRIB News,ceasefire,crimes,جنایت,242,0.293,30.7
channel,IRIB News,ceasefire,crimes,کشتار,53,0.064,6.7
channel,IRIB News,ceasefire,crimes,میناب (school attack),317,0.384,40.2
channel,IRIB News,ceasefire,diplomacy,مذاکره / مذاکرات,1078,1.307,30.3
channel,IRIB News,ceasefire,diplomacy,گفت‌وگو,157,0.19,4.4
channel,IRIB News,ceasefire,diplomacy,توافق,610,0.74,17.1
channel,IRIB News,ceasefire,diplomacy,برجام,27,0.033,0.8
channel,IRIB News,ceasefire,diplomacy,دیپلماسی,313,0.379,8.8
channel,IRIB News,ceasefire,diplomacy,آتش‌بس,807,0.978,22.6
channel,IRIB News,ceasefire,diplomacy,صلح,318,0.386,8.9
channel,IRIB News,ceasefire,diplomacy,تفاهم‌نامه,253,0.307,7.1
channel,IRIB News,ceasefire,revenge,انتقام سخت,4,0.005,2.9
channel,IRIB News,ceasefire,revenge,انتقام,52,0.063,38.0
channel,IRIB News,ceasefire,revenge,خونخواهی,46,0.056,33.6
channel,IRIB News,ceasefire,revenge,قصاص,18,0.022,13.1
channel,IRIB News,ceasefire,revenge,پاسخ پشیمان‌کننده / کوبنده,17,0.021,12.4
channel,IRIB News,ceasefire,persons,ترامپ,2452,2.973,40.2
channel,IRIB News,ceasefire,persons,نتانیاهو,332,0.402,5.4
channel,IRIB News,ceasefire,persons,پزشکیان,309,0.375,5.1
channel,IRIB News,ceasefire,persons,عراقچی,434,0.526,7.1
channel,IRIB News,ceasefire,persons,بقائی,239,0.29,3.9
channel,IRIB News,ceasefire,persons,ظریف,2,0.002,0.0
channel,IRIB News,ceasefire,persons,خاتمی,5,0.006,0.1
channel,IRIB News,ceasefire,persons,حسن روحانی,0,0.0,0.0
channel,IRIB News,ceasefire,persons,احمدی‌نژاد,1,0.001,0.0
channel,IRIB News,ceasefire,persons,قالیباف,284,0.344,4.7
channel,IRIB News,ceasefire,persons,سخنگوی وزارت امور خارجه,342,0.415,5.6
channel,IRIB News,ceasefire,persons,وزیر امور خارجه,689,0.835,11.3
channel,IRIB News,ceasefire,labels_opponents,خائن / خیانت,50,0.061,35.5
channel,IRIB News,ceasefire,labels_opponents,وطن‌فروش,21,0.025,14.9
channel,IRIB News,ceasefire,labels_opponents,مزدور,40,0.048,28.4
channel,IRIB News,ceasefire,labels_opponents,منافقین,5,0.006,3.5
channel,IRIB News,ceasefire,labels_opponents,اغتشاشگر,3,0.004,2.1
channel,IRIB News,ceasefire,labels_opponents,ضدانقلاب,22,0.027,15.6
channel,IRIB News,ceasefire,countries_actors,جهاد اسلامی,2,0.002,0.0
channel,IRIB News,ceasefire,countries_actors,کتائب حزب‌الله,4,0.005,0.1
channel,IRIB News,ceasefire,countries_actors,داعش,8,0.01,0.1
channel,IRIB News,ceasefire,countries_actors,طالبان,4,0.005,0.1
channel,IRIB News,ceasefire,countries_actors,جیش‌العدل,1,0.001,0.0
channel,IRIB News,ceasefire,countries_actors,پژاک,1,0.001,0.0
channel,IRIB News,ceasefire,countries_actors,کومله,3,0.004,0.0
channel,IRIB News,ceasefire,countries_actors,مجاهدین خلق,0,0.0,0.0
channel,IRIB News,ceasefire,countries_actors,سلطنت‌طلبان,3,0.004,0.0
channel,IRIB News,ceasefire,countries_actors,رضا پهلوی,9,0.011,0.1
channel,IRIB News,ceasefire,persons,رئیس‌جمهور آمریکا (US president),177,0.215,2.9
channel,IRIB News,ceasefire,persons,"رئیس‌جمهور (other, mostly Iran)",830,1.006,13.6
channel,IRIB News,ceasefire,israel_naming,رژیم کودک‌کش,13,0.016,0.4
channel,IRIB News,ceasefire,israel_naming,صهیونیست‌های کودک‌کش,0,0.0,0.0
channel,IRIB News,ceasefire,israel_army,ارتش کودک‌کش آمریکا (USA – not counted as Israel),4,0.005,1.5
channel,IRIB News,ceasefire,israel_army,ارتش کودک‌کش (Israel),4,0.005,1.5
channel,IRIB News,after_truce_collapse,israel_naming,اسرائیل,302,0.812,38.6
channel,IRIB News,after_truce_collapse,israel_naming,رژیم صهیونیستی,407,1.094,52.0
channel,IRIB News,after_truce_collapse,israel_naming,رژیم اشغالگر,19,0.051,2.4
channel,IRIB News,after_truce_collapse,israel_naming,رژیم غاصب,1,0.003,0.1
channel,IRIB News,after_truce_collapse,israel_naming,صهیونیست‌ها,43,0.116,5.5
channel,IRIB News,after_truce_collapse,israel_naming,دشمن صهیونیستی,6,0.016,0.8
channel,IRIB News,after_truce_collapse,israel_territory,اسرائیل,302,0.812,88.8
channel,IRIB News,after_truce_collapse,israel_territory,فلسطین اشغالی,7,0.019,2.1
channel,IRIB News,after_truce_collapse,israel_territory,سرزمین‌های اشغالی,22,0.059,6.5
channel,IRIB News,after_truce_collapse,israel_territory,اراضی اشغالی,9,0.024,2.6
channel,IRIB News,after_truce_collapse,israel_army,ارتش اسرائیل,23,0.062,16.3
channel,IRIB News,after_truce_collapse,israel_army,ارتش رژیم صهیونیستی,37,0.099,26.2
channel,IRIB News,after_truce_collapse,israel_army,ارتش صهیونیستی,10,0.027,7.1
channel,IRIB News,after_truce_collapse,israel_army,ارتش اشغالگر,9,0.024,6.4
channel,IRIB News,after_truce_collapse,usa_naming,رئیس دولت تروریستی آمریکا,4,0.011,0.2
channel,IRIB News,after_truce_collapse,usa_naming,ارتش تروریستی آمریکا,90,0.242,3.6
channel,IRIB News,after_truce_collapse,usa_naming,ارتش کودک‌کش آمریکا,44,0.118,1.7
channel,IRIB News,after_truce_collapse,usa_naming,ارتش متجاوز آمریکا,16,0.043,0.6
channel,IRIB News,after_truce_collapse,usa_naming,شیطان بزرگ,16,0.043,0.6
channel,IRIB News,after_truce_collapse,usa_naming,استکبار,27,0.073,1.1
channel,IRIB News,after_truce_collapse,usa_naming,ایالات متحده,95,0.255,3.7
channel,IRIB News,after_truce_collapse,usa_naming,آمریکا,2076,5.579,81.9
channel,IRIB News,after_truce_collapse,usa_naming,کاخ سفید,28,0.075,1.1
channel,IRIB News,after_truce_collapse,usa_naming,واشنگتن,138,0.371,5.4
channel,IRIB News,after_truce_collapse,countries_actors,امارات,67,0.18,1.6
channel,IRIB News,after_truce_collapse,countries_actors,بحرین,166,0.446,3.9
channel,IRIB News,after_truce_collapse,countries_actors,کویت,193,0.519,4.6
channel,IRIB News,after_truce_collapse,countries_actors,قطر,120,0.323,2.8
channel,IRIB News,after_truce_collapse,countries_actors,"دریای عمان (sea, not the country)",36,0.097,0.9
channel,IRIB News,after_truce_collapse,countries_actors,عمان,145,0.39,3.4
channel,IRIB News,after_truce_collapse,countries_actors,عربستان,415,1.115,9.8
channel,IRIB News,after_truce_collapse,countries_actors,اردن,172,0.462,4.1
channel,IRIB News,after_truce_collapse,countries_actors,سوریه,95,0.255,2.3
channel,IRIB News,after_truce_collapse,countries_actors,یمن,308,0.828,7.3
channel,IRIB News,after_truce_collapse,countries_actors,انصارالله / حوثی‌ها,51,0.137,1.2
channel,IRIB News,after_truce_collapse,countries_actors,عراق,544,1.462,12.9
channel,IRIB News,after_truce_collapse,countries_actors,مقاومت عراق / حشد شعبی,24,0.065,0.6
channel,IRIB News,after_truce_collapse,countries_actors,فلسطین اشغالی (Israel),7,0.019,0.2
channel,IRIB News,after_truce_collapse,countries_actors,فلسطین,87,0.234,2.1
channel,IRIB News,after_truce_collapse,countries_actors,غزه,174,0.468,4.1
channel,IRIB News,after_truce_collapse,countries_actors,حماس,73,0.196,1.7
channel,IRIB News,after_truce_collapse,countries_actors,حزب‌الله,71,0.191,1.7
channel,IRIB News,after_truce_collapse,countries_actors,لبنان,348,0.935,8.3
channel,IRIB News,after_truce_collapse,countries_actors,ترکیه,104,0.28,2.5
channel,IRIB News,after_truce_collapse,countries_actors,روسیه,197,0.529,4.7
channel,IRIB News,after_truce_collapse,countries_actors,چین,147,0.395,3.5
channel,IRIB News,after_truce_collapse,countries_actors,آذربایجان شرقی/غربی (Iranian provinces),28,0.075,0.7
channel,IRIB News,after_truce_collapse,countries_actors,جمهوری آذربایجان,53,0.142,1.3
channel,IRIB News,after_truce_collapse,countries_actors,پاکستان,141,0.379,3.3
channel,IRIB News,after_truce_collapse,countries_actors,آلمان,34,0.091,0.8
channel,IRIB News,after_truce_collapse,countries_actors,اتحادیه اروپا,79,0.212,1.9
channel,IRIB News,after_truce_collapse,countries_actors,انگلیس,149,0.4,3.5
channel,IRIB News,after_truce_collapse,countries_actors,فرانسه,84,0.226,2.0
channel,IRIB News,after_truce_collapse,countries_actors,ایتالیا,16,0.043,0.4
channel,IRIB News,after_truce_collapse,countries_actors,اسپانیا,63,0.169,1.5
channel,IRIB News,after_truce_collapse,crimes,نسل‌کشی,12,0.032,3.1
channel,IRIB News,after_truce_collapse,crimes,کودک‌کش / کودک‌کشی,79,0.212,20.6
channel,IRIB News,after_truce_collapse,crimes,جنایت جنگی,47,0.126,12.2
channel,IRIB News,after_truce_collapse,crimes,جنایت,136,0.366,35.4
channel,IRIB News,after_truce_collapse,crimes,کشتار,14,0.038,3.6
channel,IRIB News,after_truce_collapse,crimes,میناب (school attack),96,0.258,25.0
channel,IRIB News,after_truce_collapse,diplomacy,مذاکره / مذاکرات,168,0.452,24.4
channel,IRIB News,after_truce_collapse,diplomacy,گفت‌وگو,68,0.183,9.9
channel,IRIB News,after_truce_collapse,diplomacy,توافق,118,0.317,17.2
channel,IRIB News,after_truce_collapse,diplomacy,برجام,0,0.0,0.0
channel,IRIB News,after_truce_collapse,diplomacy,دیپلماسی,86,0.231,12.5
channel,IRIB News,after_truce_collapse,diplomacy,آتش‌بس,48,0.129,7.0
channel,IRIB News,after_truce_collapse,diplomacy,صلح,74,0.199,10.8
channel,IRIB News,after_truce_collapse,diplomacy,تفاهم‌نامه,126,0.339,18.3
channel,IRIB News,after_truce_collapse,revenge,انتقام سخت,0,0.0,0.0
channel,IRIB News,after_truce_collapse,revenge,انتقام,71,0.191,56.3
channel,IRIB News,after_truce_collapse,revenge,خونخواهی,42,0.113,33.3
channel,IRIB News,after_truce_collapse,revenge,قصاص,8,0.022,6.3
channel,IRIB News,after_truce_collapse,revenge,پاسخ پشیمان‌کننده / کوبنده,5,0.013,4.0
channel,IRIB News,after_truce_collapse,persons,ترامپ,671,1.803,32.5
channel,IRIB News,after_truce_collapse,persons,نتانیاهو,97,0.261,4.7
channel,IRIB News,after_truce_collapse,persons,پزشکیان,167,0.449,8.1
channel,IRIB News,after_truce_collapse,persons,عراقچی,159,0.427,7.7
channel,IRIB News,after_truce_collapse,persons,بقائی,74,0.199,3.6
channel,IRIB News,after_truce_collapse,persons,ظریف,0,0.0,0.0
channel,IRIB News,after_truce_collapse,persons,خاتمی,2,0.005,0.1
channel,IRIB News,after_truce_collapse,persons,حسن روحانی,0,0.0,0.0
channel,IRIB News,after_truce_collapse,persons,احمدی‌نژاد,0,0.0,0.0
channel,IRIB News,after_truce_collapse,persons,قالیباف,118,0.317,5.7
channel,IRIB News,after_truce_collapse,persons,سخنگوی وزارت امور خارجه,114,0.306,5.5
channel,IRIB News,after_truce_collapse,persons,وزیر امور خارجه,231,0.621,11.2
channel,IRIB News,after_truce_collapse,labels_opponents,خائن / خیانت,11,0.03,12.4
channel,IRIB News,after_truce_collapse,labels_opponents,وطن‌فروش,3,0.008,3.4
channel,IRIB News,after_truce_collapse,labels_opponents,مزدور,55,0.148,61.8
channel,IRIB News,after_truce_collapse,labels_opponents,منافقین,8,0.022,9.0
channel,IRIB News,after_truce_collapse,labels_opponents,اغتشاشگر,6,0.016,6.7
channel,IRIB News,after_truce_collapse,labels_opponents,ضدانقلاب,6,0.016,6.7
channel,IRIB News,after_truce_collapse,countries_actors,جهاد اسلامی,0,0.0,0.0
channel,IRIB News,after_truce_collapse,countries_actors,کتائب حزب‌الله,2,0.005,0.0
channel,IRIB News,after_truce_collapse,countries_actors,داعش,14,0.038,0.3
channel,IRIB News,after_truce_collapse,countries_actors,طالبان,2,0.005,0.0
channel,IRIB News,after_truce_collapse,countries_actors,جیش‌العدل,0,0.0,0.0
channel,IRIB News,after_truce_collapse,countries_actors,پژاک,3,0.008,0.1
channel,IRIB News,after_truce_collapse,countries_actors,کومله,0,0.0,0.0
channel,IRIB News,after_truce_collapse,countries_actors,مجاهدین خلق,0,0.0,0.0
channel,IRIB News,after_truce_collapse,countries_actors,سلطنت‌طلبان,0,0.0,0.0
channel,IRIB News,after_truce_collapse,countries_actors,رضا پهلوی,4,0.011,0.1
channel,IRIB News,after_truce_collapse,persons,رئیس‌جمهور آمریکا (US president),62,0.167,3.0
channel,IRIB News,after_truce_collapse,persons,"رئیس‌جمهور (other, mostly Iran)",371,0.997,18.0
channel,IRIB News,after_truce_collapse,israel_naming,رژیم کودک‌کش,5,0.013,0.6
channel,IRIB News,after_truce_collapse,israel_naming,صهیونیست‌های کودک‌کش,0,0.0,0.0
channel,IRIB News,after_truce_collapse,israel_army,ارتش کودک‌کش آمریکا (USA – not counted as Israel),44,0.118,31.2
channel,IRIB News,after_truce_collapse,israel_army,ارتش کودک‌کش (Israel),18,0.048,12.8
channel,Mehr News,all,israel_naming,اسرائیل,3527,1.416,43.0
channel,Mehr News,all,israel_naming,رژیم صهیونیستی,3953,1.587,48.2
channel,Mehr News,all,israel_naming,رژیم اشغالگر,107,0.043,1.3
channel,Mehr News,all,israel_naming,رژیم غاصب,30,0.012,0.4
channel,Mehr News,all,israel_naming,صهیونیست‌ها,427,0.171,5.2
channel,Mehr News,all,israel_naming,دشمن صهیونیستی,115,0.046,1.4
channel,Mehr News,all,israel_territory,اسرائیل,3527,1.416,75.9
channel,Mehr News,all,israel_territory,فلسطین اشغالی,314,0.126,6.8
channel,Mehr News,all,israel_territory,سرزمین‌های اشغالی,554,0.222,11.9
channel,Mehr News,all,israel_territory,اراضی اشغالی,250,0.1,5.4
channel,Mehr News,all,israel_army,ارتش اسرائیل,169,0.068,27.5
channel,Mehr News,all,israel_army,ارتش رژیم صهیونیستی,261,0.105,42.5
channel,Mehr News,all,israel_army,ارتش صهیونیستی,64,0.026,10.4
channel,Mehr News,all,israel_army,ارتش اشغالگر,56,0.022,9.1
channel,Mehr News,all,usa_naming,رئیس دولت تروریستی آمریکا,11,0.004,0.1
channel,Mehr News,all,usa_naming,ارتش تروریستی آمریکا,182,0.073,1.3
channel,Mehr News,all,usa_naming,ارتش کودک‌کش آمریکا,39,0.016,0.3
channel,Mehr News,all,usa_naming,ارتش متجاوز آمریکا,33,0.013,0.2
channel,Mehr News,all,usa_naming,شیطان بزرگ,38,0.015,0.3
channel,Mehr News,all,usa_naming,استکبار,180,0.072,1.3
channel,Mehr News,all,usa_naming,ایالات متحده,738,0.296,5.2
channel,Mehr News,all,usa_naming,آمریکا,11803,4.74,82.7
channel,Mehr News,all,usa_naming,کاخ سفید,259,0.104,1.8
channel,Mehr News,all,usa_naming,واشنگتن,996,0.4,7.0
channel,Mehr News,all,countries_actors,امارات,622,0.25,2.7
channel,Mehr News,all,countries_actors,بحرین,531,0.213,2.3
channel,Mehr News,all,countries_actors,کویت,525,0.211,2.3
channel,Mehr News,all,countries_actors,قطر,633,0.254,2.8
channel,Mehr News,all,countries_actors,"دریای عمان (sea, not the country)",84,0.034,0.4
channel,Mehr News,all,countries_actors,عمان,599,0.241,2.6
channel,Mehr News,all,countries_actors,عربستان,1142,0.459,5.0
channel,Mehr News,all,countries_actors,اردن,377,0.151,1.6
channel,Mehr News,all,countries_actors,سوریه,469,0.188,2.0
channel,Mehr News,all,countries_actors,یمن,801,0.322,3.5
channel,Mehr News,all,countries_actors,انصارالله / حوثی‌ها,265,0.106,1.2
channel,Mehr News,all,countries_actors,عراق,1746,0.701,7.6
channel,Mehr News,all,countries_actors,مقاومت عراق / حشد شعبی,137,0.055,0.6
channel,Mehr News,all,countries_actors,فلسطین اشغالی (Israel),314,0.126,1.4
channel,Mehr News,all,countries_actors,فلسطین,658,0.264,2.9
channel,Mehr News,all,countries_actors,غزه,1066,0.428,4.6
channel,Mehr News,all,countries_actors,حماس,302,0.121,1.3
channel,Mehr News,all,countries_actors,حزب‌الله,1513,0.608,6.6
channel,Mehr News,all,countries_actors,لبنان,3856,1.549,16.8
channel,Mehr News,all,countries_actors,ترکیه,693,0.278,3.0
channel,Mehr News,all,countries_actors,روسیه,1274,0.512,5.6
channel,Mehr News,all,countries_actors,چین,882,0.354,3.8
channel,Mehr News,all,countries_actors,آذربایجان شرقی/غربی (Iranian provinces),214,0.086,0.9
channel,Mehr News,all,countries_actors,جمهوری آذربایجان,230,0.092,1.0
channel,Mehr News,all,countries_actors,پاکستان,1246,0.5,5.4
channel,Mehr News,all,countries_actors,آلمان,251,0.101,1.1
channel,Mehr News,all,countries_actors,اتحادیه اروپا,735,0.295,3.2
channel,Mehr News,all,countries_actors,انگلیس,559,0.224,2.4
channel,Mehr News,all,countries_actors,فرانسه,460,0.185,2.0
channel,Mehr News,all,countries_actors,ایتالیا,138,0.055,0.6
channel,Mehr News,all,countries_actors,اسپانیا,290,0.116,1.3
channel,Mehr News,all,crimes,نسل‌کشی,142,0.057,4.6
channel,Mehr News,all,crimes,کودک‌کش / کودک‌کشی,176,0.071,5.7
channel,Mehr News,all,crimes,جنایت جنگی,210,0.084,6.8
channel,Mehr News,all,crimes,جنایت,972,0.39,31.6
channel,Mehr News,all,crimes,کشتار,187,0.075,6.1
channel,Mehr News,all,crimes,میناب (school attack),1391,0.559,45.2
channel,Mehr News,all,diplomacy,مذاکره / مذاکرات,2854,1.146,32.8
channel,Mehr News,all,diplomacy,گفت‌وگو,774,0.311,8.9
channel,Mehr News,all,diplomacy,توافق,1523,0.612,17.5
channel,Mehr News,all,diplomacy,برجام,38,0.015,0.4
channel,Mehr News,all,diplomacy,دیپلماسی,640,0.257,7.3
channel,Mehr News,all,diplomacy,آتش‌بس,1506,0.605,17.3
channel,Mehr News,all,diplomacy,صلح,813,0.326,9.3
channel,Mehr News,all,diplomacy,تفاهم‌نامه,563,0.226,6.5
channel,Mehr News,all,revenge,انتقام سخت,11,0.004,1.2
channel,Mehr News,all,revenge,انتقام,409,0.164,45.4
channel,Mehr News,all,revenge,خونخواهی,359,0.144,39.8
channel,Mehr News,all,revenge,قصاص,85,0.034,9.4
channel,Mehr News,all,revenge,پاسخ پشیمان‌کننده / کوبنده,37,0.015,4.1
channel,Mehr News,all,persons,ترامپ,4524,1.817,31.1
channel,Mehr News,all,persons,نتانیاهو,731,0.294,5.0
channel,Mehr News,all,persons,پزشکیان,945,0.38,6.5
channel,Mehr News,all,persons,عراقچی,1149,0.461,7.9
channel,Mehr News,all,persons,بقائی,642,0.258,4.4
channel,Mehr News,all,persons,ظریف,28,0.011,0.2
channel,Mehr News,all,persons,خاتمی,29,0.012,0.2
channel,Mehr News,all,persons,حسن روحانی,7,0.003,0.0
channel,Mehr News,all,persons,احمدی‌نژاد,11,0.004,0.1
channel,Mehr News,all,persons,قالیباف,652,0.262,4.5
channel,Mehr News,all,persons,سخنگوی وزارت امور خارجه,700,0.281,4.8
channel,Mehr News,all,persons,وزیر امور خارجه,2047,0.822,14.1
channel,Mehr News,all,labels_opponents,خائن / خیانت,145,0.058,14.0
channel,Mehr News,all,labels_opponents,وطن‌فروش,101,0.041,9.7
channel,Mehr News,all,labels_opponents,مزدور,337,0.135,32.5
channel,Mehr News,all,labels_opponents,منافقین,111,0.045,10.7
channel,Mehr News,all,labels_opponents,اغتشاشگر,265,0.106,25.6
channel,Mehr News,all,labels_opponents,ضدانقلاب,77,0.031,7.4
channel,Mehr News,all,countries_actors,جهاد اسلامی,34,0.014,0.1
channel,Mehr News,all,countries_actors,کتائب حزب‌الله,19,0.008,0.1
channel,Mehr News,all,countries_actors,داعش,108,0.043,0.5
channel,Mehr News,all,countries_actors,طالبان,33,0.013,0.1
channel,Mehr News,all,countries_actors,جیش‌العدل,1,0.0,0.0
channel,Mehr News,all,countries_actors,پژاک,7,0.003,0.0
channel,Mehr News,all,countries_actors,کومله,10,0.004,0.0
channel,Mehr News,all,countries_actors,مجاهدین خلق,6,0.002,0.0
channel,Mehr News,all,countries_actors,سلطنت‌طلبان,22,0.009,0.1
channel,Mehr News,all,countries_actors,رضا پهلوی,76,0.031,0.3
channel,Mehr News,all,persons,رئیس‌جمهور آمریکا (US president),672,0.27,4.6
channel,Mehr News,all,persons,"رئیس‌جمهور (other, mostly Iran)",2417,0.971,16.6
channel,Mehr News,all,israel_naming,رژیم کودک‌کش,49,0.02,0.6
channel,Mehr News,all,israel_naming,صهیونیست‌های کودک‌کش,1,0.0,0.0
channel,Mehr News,all,israel_army,ارتش کودک‌کش آمریکا (USA – not counted as Israel),39,0.016,6.4
channel,Mehr News,all,israel_army,ارتش کودک‌کش (Israel),25,0.01,4.1
channel,Mehr News,before_war,israel_naming,اسرائیل,388,0.951,46.3
channel,Mehr News,before_war,israel_naming,رژیم صهیونیستی,367,0.9,43.8
channel,Mehr News,before_war,israel_naming,رژیم اشغالگر,23,0.056,2.7
channel,Mehr News,before_war,israel_naming,رژیم غاصب,0,0.0,0.0
channel,Mehr News,before_war,israel_naming,صهیونیست‌ها,51,0.125,6.1
channel,Mehr News,before_war,israel_naming,دشمن صهیونیستی,5,0.012,0.6
channel,Mehr News,before_war,israel_territory,اسرائیل,388,0.951,87.4
channel,Mehr News,before_war,israel_territory,فلسطین اشغالی,7,0.017,1.6
channel,Mehr News,before_war,israel_territory,سرزمین‌های اشغالی,27,0.066,6.1
channel,Mehr News,before_war,israel_territory,اراضی اشغالی,22,0.054,5.0
channel,Mehr News,before_war,israel_army,ارتش اسرائیل,12,0.029,26.7
channel,Mehr News,before_war,israel_army,ارتش رژیم صهیونیستی,28,0.069,62.2
channel,Mehr News,before_war,israel_army,ارتش صهیونیستی,3,0.007,6.7
channel,Mehr News,before_war,israel_army,ارتش اشغالگر,2,0.005,4.4
channel,Mehr News,before_war,usa_naming,رئیس دولت تروریستی آمریکا,0,0.0,0.0
channel,Mehr News,before_war,usa_naming,ارتش تروریستی آمریکا,0,0.0,0.0
channel,Mehr News,before_war,usa_naming,ارتش کودک‌کش آمریکا,0,0.0,0.0
channel,Mehr News,before_war,usa_naming,ارتش متجاوز آمریکا,0,0.0,0.0
channel,Mehr News,before_war,usa_naming,شیطان بزرگ,1,0.002,0.1
channel,Mehr News,before_war,usa_naming,استکبار,14,0.034,0.7
channel,Mehr News,before_war,usa_naming,ایالات متحده,125,0.306,6.4
channel,Mehr News,before_war,usa_naming,آمریکا,1614,3.956,82.7
channel,Mehr News,before_war,usa_naming,کاخ سفید,50,0.123,2.6
channel,Mehr News,before_war,usa_naming,واشنگتن,148,0.363,7.6
channel,Mehr News,before_war,countries_actors,امارات,77,0.189,2.2
channel,Mehr News,before_war,countries_actors,بحرین,11,0.027,0.3
channel,Mehr News,before_war,countries_actors,کویت,7,0.017,0.2
channel,Mehr News,before_war,countries_actors,قطر,95,0.233,2.8
channel,Mehr News,before_war,countries_actors,"دریای عمان (sea, not the country)",11,0.027,0.3
channel,Mehr News,before_war,countries_actors,عمان,105,0.257,3.0
channel,Mehr News,before_war,countries_actors,عربستان,132,0.324,3.8
channel,Mehr News,before_war,countries_actors,اردن,54,0.132,1.6
channel,Mehr News,before_war,countries_actors,سوریه,191,0.468,5.5
channel,Mehr News,before_war,countries_actors,یمن,91,0.223,2.6
channel,Mehr News,before_war,countries_actors,انصارالله / حوثی‌ها,43,0.105,1.2
channel,Mehr News,before_war,countries_actors,عراق,225,0.551,6.5
channel,Mehr News,before_war,countries_actors,مقاومت عراق / حشد شعبی,5,0.012,0.1
channel,Mehr News,before_war,countries_actors,فلسطین اشغالی (Israel),7,0.017,0.2
channel,Mehr News,before_war,countries_actors,فلسطین,149,0.365,4.3
channel,Mehr News,before_war,countries_actors,غزه,318,0.779,9.2
channel,Mehr News,before_war,countries_actors,حماس,64,0.157,1.9
channel,Mehr News,before_war,countries_actors,حزب‌الله,95,0.233,2.8
channel,Mehr News,before_war,countries_actors,لبنان,288,0.706,8.4
channel,Mehr News,before_war,countries_actors,ترکیه,118,0.289,3.4
channel,Mehr News,before_war,countries_actors,روسیه,312,0.765,9.1
channel,Mehr News,before_war,countries_actors,چین,122,0.299,3.5
channel,Mehr News,before_war,countries_actors,آذربایجان شرقی/غربی (Iranian provinces),44,0.108,1.3
channel,Mehr News,before_war,countries_actors,جمهوری آذربایجان,45,0.11,1.3
channel,Mehr News,before_war,countries_actors,پاکستان,123,0.301,3.6
channel,Mehr News,before_war,countries_actors,آلمان,65,0.159,1.9
channel,Mehr News,before_war,countries_actors,اتحادیه اروپا,260,0.637,7.5
channel,Mehr News,before_war,countries_actors,انگلیس,81,0.199,2.4
channel,Mehr News,before_war,countries_actors,فرانسه,79,0.194,2.3
channel,Mehr News,before_war,countries_actors,ایتالیا,12,0.029,0.3
channel,Mehr News,before_war,countries_actors,اسپانیا,37,0.091,1.1
channel,Mehr News,before_war,crimes,نسل‌کشی,28,0.069,16.0
channel,Mehr News,before_war,crimes,کودک‌کش / کودک‌کشی,6,0.015,3.4
channel,Mehr News,before_war,crimes,جنایت جنگی,4,0.01,2.3
channel,Mehr News,before_war,crimes,جنایت,103,0.252,58.9
channel,Mehr News,before_war,crimes,کشتار,33,0.081,18.9
channel,Mehr News,before_war,crimes,میناب (school attack),1,0.002,0.6
channel,Mehr News,before_war,diplomacy,مذاکره / مذاکرات,614,1.505,42.6
channel,Mehr News,before_war,diplomacy,گفت‌وگو,216,0.529,15.0
channel,Mehr News,before_war,diplomacy,توافق,180,0.441,12.5
channel,Mehr News,before_war,diplomacy,برجام,10,0.025,0.7
channel,Mehr News,before_war,diplomacy,دیپلماسی,131,0.321,9.1
channel,Mehr News,before_war,diplomacy,آتش‌بس,62,0.152,4.3
channel,Mehr News,before_war,diplomacy,صلح,222,0.544,15.4
channel,Mehr News,before_war,diplomacy,تفاهم‌نامه,8,0.02,0.6
channel,Mehr News,before_war,revenge,انتقام سخت,0,0.0,0.0
channel,Mehr News,before_war,revenge,انتقام,8,0.02,44.4
channel,Mehr News,before_war,revenge,خونخواهی,1,0.002,5.6
channel,Mehr News,before_war,revenge,قصاص,6,0.015,33.3
channel,Mehr News,before_war,revenge,پاسخ پشیمان‌کننده / کوبنده,3,0.007,16.7
channel,Mehr News,before_war,persons,ترامپ,790,1.936,27.6
channel,Mehr News,before_war,persons,نتانیاهو,87,0.213,3.0
channel,Mehr News,before_war,persons,پزشکیان,231,0.566,8.1
channel,Mehr News,before_war,persons,عراقچی,291,0.713,10.2
channel,Mehr News,before_war,persons,بقائی,62,0.152,2.2
channel,Mehr News,before_war,persons,ظریف,10,0.025,0.3
channel,Mehr News,before_war,persons,خاتمی,3,0.007,0.1
channel,Mehr News,before_war,persons,حسن روحانی,2,0.005,0.1
channel,Mehr News,before_war,persons,احمدی‌نژاد,2,0.005,0.1
channel,Mehr News,before_war,persons,قالیباف,54,0.132,1.9
channel,Mehr News,before_war,persons,سخنگوی وزارت امور خارجه,97,0.238,3.4
channel,Mehr News,before_war,persons,وزیر امور خارجه,491,1.203,17.1
channel,Mehr News,before_war,labels_opponents,خائن / خیانت,13,0.032,3.7
channel,Mehr News,before_war,labels_opponents,وطن‌فروش,4,0.01,1.1
channel,Mehr News,before_war,labels_opponents,مزدور,29,0.071,8.2
channel,Mehr News,before_war,labels_opponents,منافقین,35,0.086,9.9
channel,Mehr News,before_war,labels_opponents,اغتشاشگر,244,0.598,68.9
channel,Mehr News,before_war,labels_opponents,ضدانقلاب,29,0.071,8.2
channel,Mehr News,before_war,countries_actors,جهاد اسلامی,9,0.022,0.3
channel,Mehr News,before_war,countries_actors,کتائب حزب‌الله,7,0.017,0.2
channel,Mehr News,before_war,countries_actors,داعش,74,0.181,2.1
channel,Mehr News,before_war,countries_actors,طالبان,13,0.032,0.4
channel,Mehr News,before_war,countries_actors,جیش‌العدل,0,0.0,0.0
channel,Mehr News,before_war,countries_actors,پژاک,6,0.015,0.2
channel,Mehr News,before_war,countries_actors,کومله,2,0.005,0.1
channel,Mehr News,before_war,countries_actors,مجاهدین خلق,4,0.01,0.1
channel,Mehr News,before_war,countries_actors,سلطنت‌طلبان,16,0.039,0.5
channel,Mehr News,before_war,countries_actors,رضا پهلوی,47,0.115,1.4
channel,Mehr News,before_war,persons,رئیس‌جمهور آمریکا (US president),173,0.424,6.0
channel,Mehr News,before_war,persons,"رئیس‌جمهور (other, mostly Iran)",572,1.402,20.0
channel,Mehr News,before_war,israel_naming,رژیم کودک‌کش,4,0.01,0.5
channel,Mehr News,before_war,israel_naming,صهیونیست‌های کودک‌کش,0,0.0,0.0
channel,Mehr News,before_war,israel_army,ارتش کودک‌کش آمریکا (USA – not counted as Israel),0,0.0,0.0
channel,Mehr News,before_war,israel_army,ارتش کودک‌کش (Israel),0,0.0,0.0
channel,Mehr News,war,israel_naming,اسرائیل,1190,2.111,47.5
channel,Mehr News,war,israel_naming,رژیم صهیونیستی,1057,1.875,42.2
channel,Mehr News,war,israel_naming,رژیم اشغالگر,15,0.027,0.6
channel,Mehr News,war,israel_naming,رژیم غاصب,21,0.037,0.8
channel,Mehr News,war,israel_naming,صهیونیست‌ها,141,0.25,5.6
channel,Mehr News,war,israel_naming,دشمن صهیونیستی,47,0.083,1.9
channel,Mehr News,war,israel_territory,اسرائیل,1190,2.111,60.2
channel,Mehr News,war,israel_territory,فلسطین اشغالی,212,0.376,10.7
channel,Mehr News,war,israel_territory,سرزمین‌های اشغالی,407,0.722,20.6
channel,Mehr News,war,israel_territory,اراضی اشغالی,169,0.3,8.5
channel,Mehr News,war,israel_army,ارتش اسرائیل,44,0.078,39.3
channel,Mehr News,war,israel_army,ارتش رژیم صهیونیستی,36,0.064,32.1
channel,Mehr News,war,israel_army,ارتش صهیونیستی,10,0.018,8.9
channel,Mehr News,war,israel_army,ارتش اشغالگر,18,0.032,16.1
channel,Mehr News,war,usa_naming,رئیس دولت تروریستی آمریکا,2,0.004,0.1
channel,Mehr News,war,usa_naming,ارتش تروریستی آمریکا,42,0.075,1.2
channel,Mehr News,war,usa_naming,ارتش کودک‌کش آمریکا,0,0.0,0.0
channel,Mehr News,war,usa_naming,ارتش متجاوز آمریکا,9,0.016,0.3
channel,Mehr News,war,usa_naming,شیطان بزرگ,7,0.012,0.2
channel,Mehr News,war,usa_naming,استکبار,72,0.128,2.0
channel,Mehr News,war,usa_naming,ایالات متحده,205,0.364,5.8
channel,Mehr News,war,usa_naming,آمریکا,3079,5.463,86.6
channel,Mehr News,war,usa_naming,کاخ سفید,33,0.059,0.9
channel,Mehr News,war,usa_naming,واشنگتن,105,0.186,3.0
channel,Mehr News,war,countries_actors,امارات,200,0.355,5.1
channel,Mehr News,war,countries_actors,بحرین,263,0.467,6.7
channel,Mehr News,war,countries_actors,کویت,198,0.351,5.0
channel,Mehr News,war,countries_actors,قطر,126,0.224,3.2
channel,Mehr News,war,countries_actors,"دریای عمان (sea, not the country)",11,0.02,0.3
channel,Mehr News,war,countries_actors,عمان,61,0.108,1.5
channel,Mehr News,war,countries_actors,عربستان,195,0.346,4.9
channel,Mehr News,war,countries_actors,اردن,73,0.13,1.9
channel,Mehr News,war,countries_actors,سوریه,23,0.041,0.6
channel,Mehr News,war,countries_actors,یمن,101,0.179,2.6
channel,Mehr News,war,countries_actors,انصارالله / حوثی‌ها,35,0.062,0.9
channel,Mehr News,war,countries_actors,عراق,334,0.593,8.5
channel,Mehr News,war,countries_actors,مقاومت عراق / حشد شعبی,67,0.119,1.7
channel,Mehr News,war,countries_actors,فلسطین اشغالی (Israel),212,0.376,5.4
channel,Mehr News,war,countries_actors,فلسطین,97,0.172,2.5
channel,Mehr News,war,countries_actors,غزه,50,0.089,1.3
channel,Mehr News,war,countries_actors,حماس,18,0.032,0.5
channel,Mehr News,war,countries_actors,حزب‌الله,449,0.797,11.4
channel,Mehr News,war,countries_actors,لبنان,442,0.784,11.2
channel,Mehr News,war,countries_actors,ترکیه,106,0.188,2.7
channel,Mehr News,war,countries_actors,روسیه,151,0.268,3.8
channel,Mehr News,war,countries_actors,چین,116,0.206,2.9
channel,Mehr News,war,countries_actors,آذربایجان شرقی/غربی (Iranian provinces),67,0.119,1.7
channel,Mehr News,war,countries_actors,جمهوری آذربایجان,58,0.103,1.5
channel,Mehr News,war,countries_actors,پاکستان,86,0.153,2.2
channel,Mehr News,war,countries_actors,آلمان,43,0.076,1.1
channel,Mehr News,war,countries_actors,اتحادیه اروپا,92,0.163,2.3
channel,Mehr News,war,countries_actors,انگلیس,87,0.154,2.2
channel,Mehr News,war,countries_actors,فرانسه,72,0.128,1.8
channel,Mehr News,war,countries_actors,ایتالیا,23,0.041,0.6
channel,Mehr News,war,countries_actors,اسپانیا,45,0.08,1.1
channel,Mehr News,war,crimes,نسل‌کشی,30,0.053,2.5
channel,Mehr News,war,crimes,کودک‌کش / کودک‌کشی,66,0.117,5.6
channel,Mehr News,war,crimes,جنایت جنگی,80,0.142,6.8
channel,Mehr News,war,crimes,جنایت,369,0.655,31.4
channel,Mehr News,war,crimes,کشتار,71,0.126,6.0
channel,Mehr News,war,crimes,میناب (school attack),561,0.995,47.7
channel,Mehr News,war,diplomacy,مذاکره / مذاکرات,215,0.381,35.7
channel,Mehr News,war,diplomacy,گفت‌وگو,91,0.161,15.1
channel,Mehr News,war,diplomacy,توافق,52,0.092,8.6
channel,Mehr News,war,diplomacy,برجام,2,0.004,0.3
channel,Mehr News,war,diplomacy,دیپلماسی,68,0.121,11.3
channel,Mehr News,war,diplomacy,آتش‌بس,74,0.131,12.3
channel,Mehr News,war,diplomacy,صلح,100,0.177,16.6
channel,Mehr News,war,diplomacy,تفاهم‌نامه,0,0.0,0.0
channel,Mehr News,war,revenge,انتقام سخت,6,0.011,3.0
channel,Mehr News,war,revenge,انتقام,128,0.227,63.1
channel,Mehr News,war,revenge,خونخواهی,60,0.106,29.6
channel,Mehr News,war,revenge,قصاص,4,0.007,2.0
channel,Mehr News,war,revenge,پاسخ پشیمان‌کننده / کوبنده,5,0.009,2.5
channel,Mehr News,war,persons,ترامپ,1056,1.874,40.9
channel,Mehr News,war,persons,نتانیاهو,149,0.264,5.8
channel,Mehr News,war,persons,پزشکیان,129,0.229,5.0
channel,Mehr News,war,persons,عراقچی,198,0.351,7.7
channel,Mehr News,war,persons,بقائی,90,0.16,3.5
channel,Mehr News,war,persons,ظریف,8,0.014,0.3
channel,Mehr News,war,persons,خاتمی,15,0.027,0.6
channel,Mehr News,war,persons,حسن روحانی,5,0.009,0.2
channel,Mehr News,war,persons,احمدی‌نژاد,5,0.009,0.2
channel,Mehr News,war,persons,قالیباف,100,0.177,3.9
channel,Mehr News,war,persons,سخنگوی وزارت امور خارجه,115,0.204,4.5
channel,Mehr News,war,persons,وزیر امور خارجه,304,0.539,11.8
channel,Mehr News,war,labels_opponents,خائن / خیانت,53,0.094,15.2
channel,Mehr News,war,labels_opponents,وطن‌فروش,58,0.103,16.6
channel,Mehr News,war,labels_opponents,مزدور,179,0.318,51.3
channel,Mehr News,war,labels_opponents,منافقین,36,0.064,10.3
channel,Mehr News,war,labels_opponents,اغتشاشگر,5,0.009,1.4
channel,Mehr News,war,labels_opponents,ضدانقلاب,18,0.032,5.2
channel,Mehr News,war,countries_actors,جهاد اسلامی,6,0.011,0.2
channel,Mehr News,war,countries_actors,کتائب حزب‌الله,4,0.007,0.1
channel,Mehr News,war,countries_actors,داعش,6,0.011,0.2
channel,Mehr News,war,countries_actors,طالبان,8,0.014,0.2
channel,Mehr News,war,countries_actors,جیش‌العدل,0,0.0,0.0
channel,Mehr News,war,countries_actors,پژاک,0,0.0,0.0
channel,Mehr News,war,countries_actors,کومله,6,0.011,0.2
channel,Mehr News,war,countries_actors,مجاهدین خلق,0,0.0,0.0
channel,Mehr News,war,countries_actors,سلطنت‌طلبان,0,0.0,0.0
channel,Mehr News,war,countries_actors,رضا پهلوی,14,0.025,0.4
channel,Mehr News,war,persons,رئیس‌جمهور آمریکا (US president),59,0.105,2.3
channel,Mehr News,war,persons,"رئیس‌جمهور (other, mostly Iran)",350,0.621,13.6
channel,Mehr News,war,israel_naming,رژیم کودک‌کش,31,0.055,1.2
channel,Mehr News,war,israel_naming,صهیونیست‌های کودک‌کش,1,0.002,0.0
channel,Mehr News,war,israel_army,ارتش کودک‌کش آمریکا (USA – not counted as Israel),0,0.0,0.0
channel,Mehr News,war,israel_army,ارتش کودک‌کش (Israel),4,0.007,3.6
channel,Mehr News,ceasefire,israel_naming,اسرائیل,1512,1.566,41.7
channel,Mehr News,ceasefire,israel_naming,رژیم صهیونیستی,1824,1.889,50.3
channel,Mehr News,ceasefire,israel_naming,رژیم اشغالگر,42,0.043,1.2
channel,Mehr News,ceasefire,israel_naming,رژیم غاصب,9,0.009,0.2
channel,Mehr News,ceasefire,israel_naming,صهیونیست‌ها,178,0.184,4.9
channel,Mehr News,ceasefire,israel_naming,دشمن صهیونیستی,52,0.054,1.4
channel,Mehr News,ceasefire,israel_territory,اسرائیل,1512,1.566,87.1
channel,Mehr News,ceasefire,israel_territory,فلسطین اشغالی,86,0.089,5.0
channel,Mehr News,ceasefire,israel_territory,سرزمین‌های اشغالی,95,0.098,5.5
channel,Mehr News,ceasefire,israel_territory,اراضی اشغالی,43,0.045,2.5
channel,Mehr News,ceasefire,israel_army,ارتش اسرائیل,93,0.096,30.7
channel,Mehr News,ceasefire,israel_army,ارتش رژیم صهیونیستی,139,0.144,45.9
channel,Mehr News,ceasefire,israel_army,ارتش صهیونیستی,39,0.04,12.9
channel,Mehr News,ceasefire,israel_army,ارتش اشغالگر,23,0.024,7.6
channel,Mehr News,ceasefire,usa_naming,رئیس دولت تروریستی آمریکا,4,0.004,0.1
channel,Mehr News,ceasefire,usa_naming,ارتش تروریستی آمریکا,32,0.033,0.6
channel,Mehr News,ceasefire,usa_naming,ارتش کودک‌کش آمریکا,4,0.004,0.1
channel,Mehr News,ceasefire,usa_naming,ارتش متجاوز آمریکا,10,0.01,0.2
channel,Mehr News,ceasefire,usa_naming,شیطان بزرگ,14,0.014,0.3
channel,Mehr News,ceasefire,usa_naming,استکبار,51,0.053,0.9
channel,Mehr News,ceasefire,usa_naming,ایالات متحده,282,0.292,5.2
channel,Mehr News,ceasefire,usa_naming,آمریکا,4442,4.6,82.0
channel,Mehr News,ceasefire,usa_naming,کاخ سفید,119,0.123,2.2
channel,Mehr News,ceasefire,usa_naming,واشنگتن,461,0.477,8.5
channel,Mehr News,ceasefire,countries_actors,امارات,256,0.265,2.7
channel,Mehr News,ceasefire,countries_actors,بحرین,112,0.116,1.2
channel,Mehr News,ceasefire,countries_actors,کویت,90,0.093,1.0
channel,Mehr News,ceasefire,countries_actors,قطر,243,0.252,2.6
channel,Mehr News,ceasefire,countries_actors,"دریای عمان (sea, not the country)",47,0.049,0.5
channel,Mehr News,ceasefire,countries_actors,عمان,220,0.228,2.4
channel,Mehr News,ceasefire,countries_actors,عربستان,195,0.202,2.1
channel,Mehr News,ceasefire,countries_actors,اردن,47,0.049,0.5
channel,Mehr News,ceasefire,countries_actors,سوریه,90,0.093,1.0
channel,Mehr News,ceasefire,countries_actors,یمن,169,0.175,1.8
channel,Mehr News,ceasefire,countries_actors,انصارالله / حوثی‌ها,65,0.067,0.7
channel,Mehr News,ceasefire,countries_actors,عراق,461,0.477,5.0
channel,Mehr News,ceasefire,countries_actors,مقاومت عراق / حشد شعبی,15,0.016,0.2
channel,Mehr News,ceasefire,countries_actors,فلسطین اشغالی (Israel),86,0.089,0.9
channel,Mehr News,ceasefire,countries_actors,فلسطین,224,0.232,2.4
channel,Mehr News,ceasefire,countries_actors,غزه,365,0.378,3.9
channel,Mehr News,ceasefire,countries_actors,حماس,104,0.108,1.1
channel,Mehr News,ceasefire,countries_actors,حزب‌الله,857,0.888,9.2
channel,Mehr News,ceasefire,countries_actors,لبنان,2602,2.695,27.9
channel,Mehr News,ceasefire,countries_actors,ترکیه,250,0.259,2.7
channel,Mehr News,ceasefire,countries_actors,روسیه,489,0.506,5.3
channel,Mehr News,ceasefire,countries_actors,چین,452,0.468,4.9
channel,Mehr News,ceasefire,countries_actors,آذربایجان شرقی/غربی (Iranian provinces),78,0.081,0.8
channel,Mehr News,ceasefire,countries_actors,جمهوری آذربایجان,92,0.095,1.0
channel,Mehr News,ceasefire,countries_actors,پاکستان,783,0.811,8.4
channel,Mehr News,ceasefire,countries_actors,آلمان,91,0.094,1.0
channel,Mehr News,ceasefire,countries_actors,اتحادیه اروپا,244,0.253,2.6
channel,Mehr News,ceasefire,countries_actors,انگلیس,206,0.213,2.2
channel,Mehr News,ceasefire,countries_actors,فرانسه,170,0.176,1.8
channel,Mehr News,ceasefire,countries_actors,ایتالیا,77,0.08,0.8
channel,Mehr News,ceasefire,countries_actors,اسپانیا,85,0.088,0.9
channel,Mehr News,ceasefire,crimes,نسل‌کشی,62,0.064,5.4
channel,Mehr News,ceasefire,crimes,کودک‌کش / کودک‌کشی,31,0.032,2.7
channel,Mehr News,ceasefire,crimes,جنایت جنگی,79,0.082,6.8
channel,Mehr News,ceasefire,crimes,جنایت,308,0.319,26.6
channel,Mehr News,ceasefire,crimes,کشتار,62,0.064,5.4
channel,Mehr News,ceasefire,crimes,میناب (school attack),615,0.637,53.2
channel,Mehr News,ceasefire,diplomacy,مذاکره / مذاکرات,1691,1.751,31.4
channel,Mehr News,ceasefire,diplomacy,گفت‌وگو,310,0.321,5.8
channel,Mehr News,ceasefire,diplomacy,توافق,998,1.034,18.6
channel,Mehr News,ceasefire,diplomacy,برجام,24,0.025,0.4
channel,Mehr News,ceasefire,diplomacy,دیپلماسی,343,0.355,6.4
channel,Mehr News,ceasefire,diplomacy,آتش‌بس,1249,1.294,23.2
channel,Mehr News,ceasefire,diplomacy,صلح,363,0.376,6.8
channel,Mehr News,ceasefire,diplomacy,تفاهم‌نامه,399,0.413,7.4
channel,Mehr News,ceasefire,revenge,انتقام سخت,5,0.005,2.3
channel,Mehr News,ceasefire,revenge,انتقام,88,0.091,40.4
channel,Mehr News,ceasefire,revenge,خونخواهی,69,0.071,31.7
channel,Mehr News,ceasefire,revenge,قصاص,33,0.034,15.1
channel,Mehr News,ceasefire,revenge,پاسخ پشیمان‌کننده / کوبنده,23,0.024,10.6
channel,Mehr News,ceasefire,persons,ترامپ,1786,1.85,29.1
channel,Mehr News,ceasefire,persons,نتانیاهو,350,0.362,5.7
channel,Mehr News,ceasefire,persons,پزشکیان,360,0.373,5.9
channel,Mehr News,ceasefire,persons,عراقچی,461,0.477,7.5
channel,Mehr News,ceasefire,persons,بقائی,333,0.345,5.4
channel,Mehr News,ceasefire,persons,ظریف,8,0.008,0.1
channel,Mehr News,ceasefire,persons,خاتمی,8,0.008,0.1
channel,Mehr News,ceasefire,persons,حسن روحانی,0,0.0,0.0
channel,Mehr News,ceasefire,persons,احمدی‌نژاد,1,0.001,0.0
channel,Mehr News,ceasefire,persons,قالیباف,350,0.362,5.7
channel,Mehr News,ceasefire,persons,سخنگوی وزارت امور خارجه,358,0.371,5.8
channel,Mehr News,ceasefire,persons,وزیر امور خارجه,864,0.895,14.1
channel,Mehr News,ceasefire,labels_opponents,خائن / خیانت,58,0.06,27.6
channel,Mehr News,ceasefire,labels_opponents,وطن‌فروش,32,0.033,15.2
channel,Mehr News,ceasefire,labels_opponents,مزدور,63,0.065,30.0
channel,Mehr News,ceasefire,labels_opponents,منافقین,22,0.023,10.5
channel,Mehr News,ceasefire,labels_opponents,اغتشاشگر,12,0.012,5.7
channel,Mehr News,ceasefire,labels_opponents,ضدانقلاب,23,0.024,11.0
channel,Mehr News,ceasefire,countries_actors,جهاد اسلامی,7,0.007,0.1
channel,Mehr News,ceasefire,countries_actors,کتائب حزب‌الله,4,0.004,0.0
channel,Mehr News,ceasefire,countries_actors,داعش,12,0.012,0.1
channel,Mehr News,ceasefire,countries_actors,طالبان,4,0.004,0.0
channel,Mehr News,ceasefire,countries_actors,جیش‌العدل,1,0.001,0.0
channel,Mehr News,ceasefire,countries_actors,پژاک,0,0.0,0.0
channel,Mehr News,ceasefire,countries_actors,کومله,2,0.002,0.0
channel,Mehr News,ceasefire,countries_actors,مجاهدین خلق,0,0.0,0.0
channel,Mehr News,ceasefire,countries_actors,سلطنت‌طلبان,5,0.005,0.1
channel,Mehr News,ceasefire,countries_actors,رضا پهلوی,11,0.011,0.1
channel,Mehr News,ceasefire,persons,رئیس‌جمهور آمریکا (US president),280,0.29,4.6
channel,Mehr News,ceasefire,persons,"رئیس‌جمهور (other, mostly Iran)",975,1.01,15.9
channel,Mehr News,ceasefire,israel_naming,رژیم کودک‌کش,8,0.008,0.2
channel,Mehr News,ceasefire,israel_naming,صهیونیست‌های کودک‌کش,0,0.0,0.0
channel,Mehr News,ceasefire,israel_army,ارتش کودک‌کش آمریکا (USA – not counted as Israel),4,0.004,1.3
channel,Mehr News,ceasefire,israel_army,ارتش کودک‌کش (Israel),5,0.005,1.7
channel,Mehr News,after_truce_collapse,israel_naming,اسرائیل,437,0.79,35.2
channel,Mehr News,after_truce_collapse,israel_naming,رژیم صهیونیستی,705,1.275,56.7
channel,Mehr News,after_truce_collapse,israel_naming,رژیم اشغالگر,27,0.049,2.2
channel,Mehr News,after_truce_collapse,israel_naming,رژیم غاصب,0,0.0,0.0
channel,Mehr News,after_truce_collapse,israel_naming,صهیونیست‌ها,57,0.103,4.6
channel,Mehr News,after_truce_collapse,israel_naming,دشمن صهیونیستی,11,0.02,0.9
channel,Mehr News,after_truce_collapse,israel_territory,اسرائیل,437,0.79,89.7
channel,Mehr News,after_truce_collapse,israel_territory,فلسطین اشغالی,9,0.016,1.8
channel,Mehr News,after_truce_collapse,israel_territory,سرزمین‌های اشغالی,25,0.045,5.1
channel,Mehr News,after_truce_collapse,israel_territory,اراضی اشغالی,16,0.029,3.3
channel,Mehr News,after_truce_collapse,israel_army,ارتش اسرائیل,20,0.036,13.0
channel,Mehr News,after_truce_collapse,israel_army,ارتش رژیم صهیونیستی,58,0.105,37.7
channel,Mehr News,after_truce_collapse,israel_army,ارتش صهیونیستی,12,0.022,7.8
channel,Mehr News,after_truce_collapse,israel_army,ارتش اشغالگر,13,0.024,8.4
channel,Mehr News,after_truce_collapse,usa_naming,رئیس دولت تروریستی آمریکا,5,0.009,0.1
channel,Mehr News,after_truce_collapse,usa_naming,ارتش تروریستی آمریکا,108,0.195,3.2
channel,Mehr News,after_truce_collapse,usa_naming,ارتش کودک‌کش آمریکا,35,0.063,1.0
channel,Mehr News,after_truce_collapse,usa_naming,ارتش متجاوز آمریکا,14,0.025,0.4
channel,Mehr News,after_truce_collapse,usa_naming,شیطان بزرگ,16,0.029,0.5
channel,Mehr News,after_truce_collapse,usa_naming,استکبار,43,0.078,1.3
channel,Mehr News,after_truce_collapse,usa_naming,ایالات متحده,126,0.228,3.8
channel,Mehr News,after_truce_collapse,usa_naming,آمریکا,2668,4.826,79.5
channel,Mehr News,after_truce_collapse,usa_naming,کاخ سفید,57,0.103,1.7
channel,Mehr News,after_truce_collapse,usa_naming,واشنگتن,282,0.51,8.4
channel,Mehr News,after_truce_collapse,countries_actors,امارات,89,0.161,1.4
channel,Mehr News,after_truce_collapse,countries_actors,بحرین,145,0.262,2.3
channel,Mehr News,after_truce_collapse,countries_actors,کویت,230,0.416,3.7
channel,Mehr News,after_truce_collapse,countries_actors,قطر,169,0.306,2.7
channel,Mehr News,after_truce_collapse,countries_actors,"دریای عمان (sea, not the country)",15,0.027,0.2
channel,Mehr News,after_truce_collapse,countries_actors,عمان,213,0.385,3.4
channel,Mehr News,after_truce_collapse,countries_actors,عربستان,620,1.121,10.0
channel,Mehr News,after_truce_collapse,countries_actors,اردن,203,0.367,3.3
channel,Mehr News,after_truce_collapse,countries_actors,سوریه,165,0.298,2.6
channel,Mehr News,after_truce_collapse,countries_actors,یمن,440,0.796,7.1
channel,Mehr News,after_truce_collapse,countries_actors,انصارالله / حوثی‌ها,122,0.221,2.0
channel,Mehr News,after_truce_collapse,countries_actors,عراق,726,1.313,11.7
channel,Mehr News,after_truce_collapse,countries_actors,مقاومت عراق / حشد شعبی,50,0.09,0.8
channel,Mehr News,after_truce_collapse,countries_actors,فلسطین اشغالی (Israel),9,0.016,0.1
channel,Mehr News,after_truce_collapse,countries_actors,فلسطین,188,0.34,3.0
channel,Mehr News,after_truce_collapse,countries_actors,غزه,333,0.602,5.3
channel,Mehr News,after_truce_collapse,countries_actors,حماس,116,0.21,1.9
channel,Mehr News,after_truce_collapse,countries_actors,حزب‌الله,112,0.203,1.8
channel,Mehr News,after_truce_collapse,countries_actors,لبنان,524,0.948,8.4
channel,Mehr News,after_truce_collapse,countries_actors,ترکیه,219,0.396,3.5
channel,Mehr News,after_truce_collapse,countries_actors,روسیه,322,0.582,5.2
channel,Mehr News,after_truce_collapse,countries_actors,چین,192,0.347,3.1
channel,Mehr News,after_truce_collapse,countries_actors,آذربایجان شرقی/غربی (Iranian provinces),25,0.045,0.4
channel,Mehr News,after_truce_collapse,countries_actors,جمهوری آذربایجان,35,0.063,0.6
channel,Mehr News,after_truce_collapse,countries_actors,پاکستان,254,0.459,4.1
channel,Mehr News,after_truce_collapse,countries_actors,آلمان,52,0.094,0.8
channel,Mehr News,after_truce_collapse,countries_actors,اتحادیه اروپا,139,0.251,2.2
channel,Mehr News,after_truce_collapse,countries_actors,انگلیس,185,0.335,3.0
channel,Mehr News,after_truce_collapse,countries_actors,فرانسه,139,0.251,2.2
channel,Mehr News,after_truce_collapse,countries_actors,ایتالیا,26,0.047,0.4
channel,Mehr News,after_truce_collapse,countries_actors,اسپانیا,123,0.222,2.0
channel,Mehr News,after_truce_collapse,crimes,نسل‌کشی,22,0.04,3.9
channel,Mehr News,after_truce_collapse,crimes,کودک‌کش / کودک‌کشی,73,0.132,12.8
channel,Mehr News,after_truce_collapse,crimes,جنایت جنگی,47,0.085,8.3
channel,Mehr News,after_truce_collapse,crimes,جنایت,192,0.347,33.7
channel,Mehr News,after_truce_collapse,crimes,کشتار,21,0.038,3.7
channel,Mehr News,after_truce_collapse,crimes,میناب (school attack),214,0.387,37.6
channel,Mehr News,after_truce_collapse,diplomacy,مذاکره / مذاکرات,334,0.604,25.9
channel,Mehr News,after_truce_collapse,diplomacy,گفت‌وگو,157,0.284,12.2
channel,Mehr News,after_truce_collapse,diplomacy,توافق,293,0.53,22.7
channel,Mehr News,after_truce_collapse,diplomacy,برجام,2,0.004,0.2
channel,Mehr News,after_truce_collapse,diplomacy,دیپلماسی,98,0.177,7.6
channel,Mehr News,after_truce_collapse,diplomacy,آتش‌بس,121,0.219,9.4
channel,Mehr News,after_truce_collapse,diplomacy,صلح,128,0.232,9.9
channel,Mehr News,after_truce_collapse,diplomacy,تفاهم‌نامه,156,0.282,12.1
channel,Mehr News,after_truce_collapse,revenge,انتقام سخت,0,0.0,0.0
channel,Mehr News,after_truce_collapse,revenge,انتقام,185,0.335,40.0
channel,Mehr News,after_truce_collapse,revenge,خونخواهی,229,0.414,49.6
channel,Mehr News,after_truce_collapse,revenge,قصاص,42,0.076,9.1
channel,Mehr News,after_truce_collapse,revenge,پاسخ پشیمان‌کننده / کوبنده,6,0.011,1.3
channel,Mehr News,after_truce_collapse,persons,ترامپ,892,1.613,30.0
channel,Mehr News,after_truce_collapse,persons,نتانیاهو,145,0.262,4.9
channel,Mehr News,after_truce_collapse,persons,پزشکیان,225,0.407,7.6
channel,Mehr News,after_truce_collapse,persons,عراقچی,199,0.36,6.7
channel,Mehr News,after_truce_collapse,persons,بقائی,157,0.284,5.3
channel,Mehr News,after_truce_collapse,persons,ظریف,2,0.004,0.1
channel,Mehr News,after_truce_collapse,persons,خاتمی,3,0.005,0.1
channel,Mehr News,after_truce_collapse,persons,حسن روحانی,0,0.0,0.0
channel,Mehr News,after_truce_collapse,persons,احمدی‌نژاد,3,0.005,0.1
channel,Mehr News,after_truce_collapse,persons,قالیباف,148,0.268,5.0
channel,Mehr News,after_truce_collapse,persons,سخنگوی وزارت امور خارجه,130,0.235,4.4
channel,Mehr News,after_truce_collapse,persons,وزیر امور خارجه,388,0.702,13.1
channel,Mehr News,after_truce_collapse,labels_opponents,خائن / خیانت,21,0.038,17.1
channel,Mehr News,after_truce_collapse,labels_opponents,وطن‌فروش,7,0.013,5.7
channel,Mehr News,after_truce_collapse,labels_opponents,مزدور,66,0.119,53.7
channel,Mehr News,after_truce_collapse,labels_opponents,منافقین,18,0.033,14.6
channel,Mehr News,after_truce_collapse,labels_opponents,اغتشاشگر,4,0.007,3.3
channel,Mehr News,after_truce_collapse,labels_opponents,ضدانقلاب,7,0.013,5.7
channel,Mehr News,after_truce_collapse,countries_actors,جهاد اسلامی,12,0.022,0.2
channel,Mehr News,after_truce_collapse,countries_actors,کتائب حزب‌الله,4,0.007,0.1
channel,Mehr News,after_truce_collapse,countries_actors,داعش,16,0.029,0.3
channel,Mehr News,after_truce_collapse,countries_actors,طالبان,8,0.014,0.1
channel,Mehr News,after_truce_collapse,countries_actors,جیش‌العدل,0,0.0,0.0
channel,Mehr News,after_truce_collapse,countries_actors,پژاک,1,0.002,0.0
channel,Mehr News,after_truce_collapse,countries_actors,کومله,0,0.0,0.0
channel,Mehr News,after_truce_collapse,countries_actors,مجاهدین خلق,2,0.004,0.0
channel,Mehr News,after_truce_collapse,countries_actors,سلطنت‌طلبان,1,0.002,0.0
channel,Mehr News,after_truce_collapse,countries_actors,رضا پهلوی,4,0.007,0.1
channel,Mehr News,after_truce_collapse,persons,رئیس‌جمهور آمریکا (US president),160,0.289,5.4
channel,Mehr News,after_truce_collapse,persons,"رئیس‌جمهور (other, mostly Iran)",520,0.941,17.5
channel,Mehr News,after_truce_collapse,israel_naming,رژیم کودک‌کش,6,0.011,0.5
channel,Mehr News,after_truce_collapse,israel_naming,صهیونیست‌های کودک‌کش,0,0.0,0.0
channel,Mehr News,after_truce_collapse,israel_army,ارتش کودک‌کش آمریکا (USA – not counted as Israel),35,0.063,22.7
channel,Mehr News,after_truce_collapse,israel_army,ارتش کودک‌کش (Israel),16,0.029,10.4
channel,Tasnim News,all,israel_naming,اسرائیل,5531,1.818,46.7
channel,Tasnim News,all,israel_naming,رژیم صهیونیستی,5156,1.694,43.6
channel,Tasnim News,all,israel_naming,رژیم اشغالگر,262,0.086,2.2
channel,Tasnim News,all,israel_naming,رژیم غاصب,48,0.016,0.4
channel,Tasnim News,all,israel_naming,صهیونیست‌ها,655,0.215,5.5
channel,Tasnim News,all,israel_naming,دشمن صهیونیستی,120,0.039,1.0
channel,Tasnim News,all,israel_territory,اسرائیل,5531,1.818,75.4
channel,Tasnim News,all,israel_territory,فلسطین اشغالی,818,0.269,11.2
channel,Tasnim News,all,israel_territory,سرزمین‌های اشغالی,789,0.259,10.8
channel,Tasnim News,all,israel_territory,اراضی اشغالی,197,0.065,2.7
channel,Tasnim News,all,israel_army,ارتش اسرائیل,481,0.158,34.6
channel,Tasnim News,all,israel_army,ارتش رژیم صهیونیستی,572,0.188,41.2
channel,Tasnim News,all,israel_army,ارتش صهیونیستی,131,0.043,9.4
channel,Tasnim News,all,israel_army,ارتش اشغالگر,129,0.042,9.3
channel,Tasnim News,all,usa_naming,رئیس دولت تروریستی آمریکا,216,0.071,1.2
channel,Tasnim News,all,usa_naming,ارتش تروریستی آمریکا,257,0.084,1.5
channel,Tasnim News,all,usa_naming,ارتش کودک‌کش آمریکا,50,0.016,0.3
channel,Tasnim News,all,usa_naming,ارتش متجاوز آمریکا,41,0.013,0.2
channel,Tasnim News,all,usa_naming,شیطان بزرگ,41,0.013,0.2
channel,Tasnim News,all,usa_naming,استکبار,266,0.087,1.5
channel,Tasnim News,all,usa_naming,ایالات متحده,1040,0.342,5.9
channel,Tasnim News,all,usa_naming,آمریکا,14440,4.746,82.1
channel,Tasnim News,all,usa_naming,کاخ سفید,363,0.119,2.1
channel,Tasnim News,all,usa_naming,واشنگتن,878,0.289,5.0
channel,Tasnim News,all,countries_actors,امارات,1088,0.358,3.5
channel,Tasnim News,all,countries_actors,بحرین,706,0.232,2.3
channel,Tasnim News,all,countries_actors,کویت,795,0.261,2.6
channel,Tasnim News,all,countries_actors,قطر,789,0.259,2.5
channel,Tasnim News,all,countries_actors,"دریای عمان (sea, not the country)",108,0.035,0.3
channel,Tasnim News,all,countries_actors,عمان,735,0.242,2.4
channel,Tasnim News,all,countries_actors,عربستان,1589,0.522,5.1
channel,Tasnim News,all,countries_actors,اردن,467,0.153,1.5
channel,Tasnim News,all,countries_actors,سوریه,644,0.212,2.1
channel,Tasnim News,all,countries_actors,یمن,1180,0.388,3.8
channel,Tasnim News,all,countries_actors,انصارالله / حوثی‌ها,298,0.098,1.0
channel,Tasnim News,all,countries_actors,عراق,2422,0.796,7.8
channel,Tasnim News,all,countries_actors,مقاومت عراق / حشد شعبی,263,0.086,0.8
channel,Tasnim News,all,countries_actors,فلسطین اشغالی (Israel),818,0.269,2.6
channel,Tasnim News,all,countries_actors,فلسطین,694,0.228,2.2
channel,Tasnim News,all,countries_actors,غزه,1236,0.406,4.0
channel,Tasnim News,all,countries_actors,حماس,252,0.083,0.8
channel,Tasnim News,all,countries_actors,حزب‌الله,2675,0.879,8.6
channel,Tasnim News,all,countries_actors,لبنان,5088,1.672,16.3
channel,Tasnim News,all,countries_actors,ترکیه,817,0.268,2.6
channel,Tasnim News,all,countries_actors,روسیه,1854,0.609,5.9
channel,Tasnim News,all,countries_actors,چین,1196,0.393,3.8
channel,Tasnim News,all,countries_actors,آذربایجان شرقی/غربی (Iranian provinces),185,0.061,0.6
channel,Tasnim News,all,countries_actors,جمهوری آذربایجان,257,0.084,0.8
channel,Tasnim News,all,countries_actors,پاکستان,1418,0.466,4.5
channel,Tasnim News,all,countries_actors,آلمان,388,0.128,1.2
channel,Tasnim News,all,countries_actors,اتحادیه اروپا,817,0.268,2.6
channel,Tasnim News,all,countries_actors,انگلیس,822,0.27,2.6
channel,Tasnim News,all,countries_actors,فرانسه,547,0.18,1.8
channel,Tasnim News,all,countries_actors,ایتالیا,205,0.067,0.7
channel,Tasnim News,all,countries_actors,اسپانیا,307,0.101,1.0
channel,Tasnim News,all,crimes,نسل‌کشی,182,0.06,6.7
channel,Tasnim News,all,crimes,کودک‌کش / کودک‌کشی,244,0.08,9.0
channel,Tasnim News,all,crimes,جنایت جنگی,225,0.074,8.3
channel,Tasnim News,all,crimes,جنایت,1064,0.35,39.2
channel,Tasnim News,all,crimes,کشتار,172,0.057,6.3
channel,Tasnim News,all,crimes,میناب (school attack),830,0.273,30.5
channel,Tasnim News,all,diplomacy,مذاکره / مذاکرات,3238,1.064,34.4
channel,Tasnim News,all,diplomacy,گفت‌وگو,970,0.319,10.3
channel,Tasnim News,all,diplomacy,توافق,1505,0.495,16.0
channel,Tasnim News,all,diplomacy,برجام,54,0.018,0.6
channel,Tasnim News,all,diplomacy,دیپلماسی,668,0.22,7.1
channel,Tasnim News,all,diplomacy,آتش‌بس,1437,0.472,15.3
channel,Tasnim News,all,diplomacy,صلح,741,0.244,7.9
channel,Tasnim News,all,diplomacy,تفاهم‌نامه,795,0.261,8.5
channel,Tasnim News,all,revenge,انتقام سخت,19,0.006,2.0
channel,Tasnim News,all,revenge,انتقام,500,0.164,53.4
channel,Tasnim News,all,revenge,خونخواهی,324,0.106,34.6
channel,Tasnim News,all,revenge,قصاص,51,0.017,5.4
channel,Tasnim News,all,revenge,پاسخ پشیمان‌کننده / کوبنده,43,0.014,4.6
channel,Tasnim News,all,persons,ترامپ,5878,1.932,34.5
channel,Tasnim News,all,persons,نتانیاهو,1280,0.421,7.5
channel,Tasnim News,all,persons,پزشکیان,876,0.288,5.1
channel,Tasnim News,all,persons,عراقچی,1328,0.436,7.8
channel,Tasnim News,all,persons,بقائی,505,0.166,3.0
channel,Tasnim News,all,persons,ظریف,30,0.01,0.2
channel,Tasnim News,all,persons,خاتمی,67,0.022,0.4
channel,Tasnim News,all,persons,حسن روحانی,10,0.003,0.1
channel,Tasnim News,all,persons,احمدی‌نژاد,3,0.001,0.0
channel,Tasnim News,all,persons,قالیباف,845,0.278,5.0
channel,Tasnim News,all,persons,سخنگوی وزارت امور خارجه,624,0.205,3.7
channel,Tasnim News,all,persons,وزیر امور خارجه,2461,0.809,14.5
channel,Tasnim News,all,labels_opponents,خائن / خیانت,174,0.057,12.5
channel,Tasnim News,all,labels_opponents,وطن‌فروش,121,0.04,8.7
channel,Tasnim News,all,labels_opponents,مزدور,440,0.145,31.5
channel,Tasnim News,all,labels_opponents,منافقین,139,0.046,10.0
channel,Tasnim News,all,labels_opponents,اغتشاشگر,359,0.118,25.7
channel,Tasnim News,all,labels_opponents,ضدانقلاب,163,0.054,11.7
channel,Tasnim News,all,countries_actors,جهاد اسلامی,22,0.007,0.1
channel,Tasnim News,all,countries_actors,کتائب حزب‌الله,12,0.004,0.0
channel,Tasnim News,all,countries_actors,داعش,162,0.053,0.5
channel,Tasnim News,all,countries_actors,طالبان,60,0.02,0.2
channel,Tasnim News,all,countries_actors,جیش‌العدل,2,0.001,0.0
channel,Tasnim News,all,countries_actors,پژاک,13,0.004,0.0
channel,Tasnim News,all,countries_actors,کومله,21,0.007,0.1
channel,Tasnim News,all,countries_actors,مجاهدین خلق,10,0.003,0.0
channel,Tasnim News,all,countries_actors,سلطنت‌طلبان,44,0.014,0.1
channel,Tasnim News,all,countries_actors,رضا پهلوی,170,0.056,0.5
channel,Tasnim News,all,persons,رئیس‌جمهور آمریکا (US president),501,0.165,2.9
channel,Tasnim News,all,persons,"رئیس‌جمهور (other, mostly Iran)",2614,0.859,15.4
channel,Tasnim News,all,israel_naming,رژیم کودک‌کش,64,0.021,0.5
channel,Tasnim News,all,israel_naming,صهیونیست‌های کودک‌کش,1,0.0,0.0
channel,Tasnim News,all,israel_army,ارتش کودک‌کش آمریکا (USA – not counted as Israel),50,0.016,3.6
channel,Tasnim News,all,israel_army,ارتش کودک‌کش (Israel),27,0.009,1.9
channel,Tasnim News,before_war,israel_naming,اسرائیل,446,1.064,45.9
channel,Tasnim News,before_war,israel_naming,رژیم صهیونیستی,424,1.012,43.7
channel,Tasnim News,before_war,israel_naming,رژیم اشغالگر,29,0.069,3.0
channel,Tasnim News,before_war,israel_naming,رژیم غاصب,3,0.007,0.3
channel,Tasnim News,before_war,israel_naming,صهیونیست‌ها,63,0.15,6.5
channel,Tasnim News,before_war,israel_naming,دشمن صهیونیستی,3,0.007,0.3
channel,Tasnim News,before_war,israel_territory,اسرائیل,446,1.064,88.3
channel,Tasnim News,before_war,israel_territory,فلسطین اشغالی,31,0.074,6.1
channel,Tasnim News,before_war,israel_territory,سرزمین‌های اشغالی,17,0.041,3.4
channel,Tasnim News,before_war,israel_territory,اراضی اشغالی,11,0.026,2.2
channel,Tasnim News,before_war,israel_army,ارتش اسرائیل,20,0.048,30.8
channel,Tasnim News,before_war,israel_army,ارتش رژیم صهیونیستی,33,0.079,50.8
channel,Tasnim News,before_war,israel_army,ارتش صهیونیستی,2,0.005,3.1
channel,Tasnim News,before_war,israel_army,ارتش اشغالگر,10,0.024,15.4
channel,Tasnim News,before_war,usa_naming,رئیس دولت تروریستی آمریکا,0,0.0,0.0
channel,Tasnim News,before_war,usa_naming,ارتش تروریستی آمریکا,0,0.0,0.0
channel,Tasnim News,before_war,usa_naming,ارتش کودک‌کش آمریکا,0,0.0,0.0
channel,Tasnim News,before_war,usa_naming,ارتش متجاوز آمریکا,0,0.0,0.0
channel,Tasnim News,before_war,usa_naming,شیطان بزرگ,2,0.005,0.1
channel,Tasnim News,before_war,usa_naming,استکبار,15,0.036,0.8
channel,Tasnim News,before_war,usa_naming,ایالات متحده,176,0.42,9.4
channel,Tasnim News,before_war,usa_naming,آمریکا,1533,3.658,81.7
channel,Tasnim News,before_war,usa_naming,کاخ سفید,46,0.11,2.5
channel,Tasnim News,before_war,usa_naming,واشنگتن,104,0.248,5.5
channel,Tasnim News,before_war,countries_actors,امارات,69,0.165,2.1
channel,Tasnim News,before_war,countries_actors,بحرین,7,0.017,0.2
channel,Tasnim News,before_war,countries_actors,کویت,9,0.021,0.3
channel,Tasnim News,before_war,countries_actors,قطر,111,0.265,3.4
channel,Tasnim News,before_war,countries_actors,"دریای عمان (sea, not the country)",5,0.012,0.2
channel,Tasnim News,before_war,countries_actors,عمان,147,0.351,4.5
channel,Tasnim News,before_war,countries_actors,عربستان,131,0.313,4.0
channel,Tasnim News,before_war,countries_actors,اردن,31,0.074,0.9
channel,Tasnim News,before_war,countries_actors,سوریه,187,0.446,5.7
channel,Tasnim News,before_war,countries_actors,یمن,84,0.2,2.6
channel,Tasnim News,before_war,countries_actors,انصارالله / حوثی‌ها,34,0.081,1.0
channel,Tasnim News,before_war,countries_actors,عراق,228,0.544,7.0
channel,Tasnim News,before_war,countries_actors,مقاومت عراق / حشد شعبی,8,0.019,0.2
channel,Tasnim News,before_war,countries_actors,فلسطین اشغالی (Israel),31,0.074,0.9
channel,Tasnim News,before_war,countries_actors,فلسطین,74,0.177,2.3
channel,Tasnim News,before_war,countries_actors,غزه,238,0.568,7.3
channel,Tasnim News,before_war,countries_actors,حماس,34,0.081,1.0
channel,Tasnim News,before_war,countries_actors,حزب‌الله,85,0.203,2.6
channel,Tasnim News,before_war,countries_actors,لبنان,269,0.642,8.2
channel,Tasnim News,before_war,countries_actors,ترکیه,137,0.327,4.2
channel,Tasnim News,before_war,countries_actors,روسیه,319,0.761,9.7
channel,Tasnim News,before_war,countries_actors,چین,173,0.413,5.3
channel,Tasnim News,before_war,countries_actors,آذربایجان شرقی/غربی (Iranian provinces),41,0.098,1.3
channel,Tasnim News,before_war,countries_actors,جمهوری آذربایجان,59,0.141,1.8
channel,Tasnim News,before_war,countries_actors,پاکستان,91,0.217,2.8
channel,Tasnim News,before_war,countries_actors,آلمان,57,0.136,1.7
channel,Tasnim News,before_war,countries_actors,اتحادیه اروپا,207,0.494,6.3
channel,Tasnim News,before_war,countries_actors,انگلیس,82,0.196,2.5
channel,Tasnim News,before_war,countries_actors,فرانسه,58,0.138,1.8
channel,Tasnim News,before_war,countries_actors,ایتالیا,22,0.052,0.7
channel,Tasnim News,before_war,countries_actors,اسپانیا,27,0.064,0.8
channel,Tasnim News,before_war,crimes,نسل‌کشی,25,0.06,14.0
channel,Tasnim News,before_war,crimes,کودک‌کش / کودک‌کشی,7,0.017,3.9
channel,Tasnim News,before_war,crimes,جنایت جنگی,6,0.014,3.4
channel,Tasnim News,before_war,crimes,جنایت,114,0.272,63.7
channel,Tasnim News,before_war,crimes,کشتار,26,0.062,14.5
channel,Tasnim News,before_war,crimes,میناب (school attack),1,0.002,0.6
channel,Tasnim News,before_war,diplomacy,مذاکره / مذاکرات,668,1.594,47.9
channel,Tasnim News,before_war,diplomacy,گفت‌وگو,185,0.441,13.3
channel,Tasnim News,before_war,diplomacy,توافق,197,0.47,14.1
channel,Tasnim News,before_war,diplomacy,برجام,12,0.029,0.9
channel,Tasnim News,before_war,diplomacy,دیپلماسی,123,0.293,8.8
channel,Tasnim News,before_war,diplomacy,آتش‌بس,55,0.131,3.9
channel,Tasnim News,before_war,diplomacy,صلح,148,0.353,10.6
channel,Tasnim News,before_war,diplomacy,تفاهم‌نامه,7,0.017,0.5
channel,Tasnim News,before_war,revenge,انتقام سخت,0,0.0,0.0
channel,Tasnim News,before_war,revenge,انتقام,16,0.038,61.5
channel,Tasnim News,before_war,revenge,خونخواهی,4,0.01,15.4
channel,Tasnim News,before_war,revenge,قصاص,3,0.007,11.5
channel,Tasnim News,before_war,revenge,پاسخ پشیمان‌کننده / کوبنده,3,0.007,11.5
channel,Tasnim News,before_war,persons,ترامپ,661,1.577,23.3
channel,Tasnim News,before_war,persons,نتانیاهو,127,0.303,4.5
channel,Tasnim News,before_war,persons,پزشکیان,216,0.515,7.6
channel,Tasnim News,before_war,persons,عراقچی,302,0.721,10.7
channel,Tasnim News,before_war,persons,بقائی,49,0.117,1.7
channel,Tasnim News,before_war,persons,ظریف,5,0.012,0.2
channel,Tasnim News,before_war,persons,خاتمی,25,0.06,0.9
channel,Tasnim News,before_war,persons,حسن روحانی,5,0.012,0.2
channel,Tasnim News,before_war,persons,احمدی‌نژاد,1,0.002,0.0
channel,Tasnim News,before_war,persons,قالیباف,83,0.198,2.9
channel,Tasnim News,before_war,persons,سخنگوی وزارت امور خارجه,72,0.172,2.5
channel,Tasnim News,before_war,persons,وزیر امور خارجه,529,1.262,18.7
channel,Tasnim News,before_war,labels_opponents,خائن / خیانت,14,0.033,2.5
channel,Tasnim News,before_war,labels_opponents,وطن‌فروش,7,0.017,1.3
channel,Tasnim News,before_war,labels_opponents,مزدور,66,0.157,11.9
channel,Tasnim News,before_war,labels_opponents,منافقین,51,0.122,9.2
channel,Tasnim News,before_war,labels_opponents,اغتشاشگر,338,0.806,60.9
channel,Tasnim News,before_war,labels_opponents,ضدانقلاب,79,0.188,14.2
channel,Tasnim News,before_war,countries_actors,جهاد اسلامی,4,0.01,0.1
channel,Tasnim News,before_war,countries_actors,کتائب حزب‌الله,1,0.002,0.0
channel,Tasnim News,before_war,countries_actors,داعش,103,0.246,3.1
channel,Tasnim News,before_war,countries_actors,طالبان,23,0.055,0.7
channel,Tasnim News,before_war,countries_actors,جیش‌العدل,1,0.002,0.0
channel,Tasnim News,before_war,countries_actors,پژاک,4,0.01,0.1
channel,Tasnim News,before_war,countries_actors,کومله,5,0.012,0.2
channel,Tasnim News,before_war,countries_actors,مجاهدین خلق,6,0.014,0.2
channel,Tasnim News,before_war,countries_actors,سلطنت‌طلبان,19,0.045,0.6
channel,Tasnim News,before_war,countries_actors,رضا پهلوی,56,0.134,1.7
channel,Tasnim News,before_war,persons,رئیس‌جمهور آمریکا (US president),181,0.432,6.4
channel,Tasnim News,before_war,persons,"رئیس‌جمهور (other, mostly Iran)",578,1.379,20.4
channel,Tasnim News,before_war,israel_naming,رژیم کودک‌کش,3,0.007,0.3
channel,Tasnim News,before_war,israel_naming,صهیونیست‌های کودک‌کش,0,0.0,0.0
channel,Tasnim News,before_war,israel_army,ارتش کودک‌کش آمریکا (USA – not counted as Israel),0,0.0,0.0
channel,Tasnim News,before_war,israel_army,ارتش کودک‌کش (Israel),0,0.0,0.0
channel,Tasnim News,war,israel_naming,اسرائیل,2117,2.973,55.6
channel,Tasnim News,war,israel_naming,رژیم صهیونیستی,1366,1.918,35.9
channel,Tasnim News,war,israel_naming,رژیم اشغالگر,33,0.046,0.9
channel,Tasnim News,war,israel_naming,رژیم غاصب,31,0.044,0.8
channel,Tasnim News,war,israel_naming,صهیونیست‌ها,174,0.244,4.6
channel,Tasnim News,war,israel_naming,دشمن صهیونیستی,48,0.067,1.3
channel,Tasnim News,war,israel_territory,اسرائیل,2117,2.973,63.6
channel,Tasnim News,war,israel_territory,فلسطین اشغالی,479,0.673,14.4
channel,Tasnim News,war,israel_territory,سرزمین‌های اشغالی,604,0.848,18.1
channel,Tasnim News,war,israel_territory,اراضی اشغالی,130,0.183,3.9
channel,Tasnim News,war,israel_army,ارتش اسرائیل,126,0.177,45.3
channel,Tasnim News,war,israel_army,ارتش رژیم صهیونیستی,99,0.139,35.6
channel,Tasnim News,war,israel_army,ارتش صهیونیستی,19,0.027,6.8
channel,Tasnim News,war,israel_army,ارتش اشغالگر,27,0.038,9.7
channel,Tasnim News,war,usa_naming,رئیس دولت تروریستی آمریکا,29,0.041,0.6
channel,Tasnim News,war,usa_naming,ارتش تروریستی آمریکا,72,0.101,1.5
channel,Tasnim News,war,usa_naming,ارتش کودک‌کش آمریکا,0,0.0,0.0
channel,Tasnim News,war,usa_naming,ارتش متجاوز آمریکا,11,0.015,0.2
channel,Tasnim News,war,usa_naming,شیطان بزرگ,8,0.011,0.2
channel,Tasnim News,war,usa_naming,استکبار,115,0.161,2.4
channel,Tasnim News,war,usa_naming,ایالات متحده,239,0.336,5.0
channel,Tasnim News,war,usa_naming,آمریکا,4113,5.776,86.5
channel,Tasnim News,war,usa_naming,کاخ سفید,61,0.086,1.3
channel,Tasnim News,war,usa_naming,واشنگتن,109,0.153,2.3
channel,Tasnim News,war,countries_actors,امارات,337,0.473,5.8
channel,Tasnim News,war,countries_actors,بحرین,252,0.354,4.3
channel,Tasnim News,war,countries_actors,کویت,267,0.375,4.6
channel,Tasnim News,war,countries_actors,قطر,162,0.227,2.8
channel,Tasnim News,war,countries_actors,"دریای عمان (sea, not the country)",17,0.024,0.3
channel,Tasnim News,war,countries_actors,عمان,56,0.079,1.0
channel,Tasnim News,war,countries_actors,عربستان,250,0.351,4.3
channel,Tasnim News,war,countries_actors,اردن,92,0.129,1.6
channel,Tasnim News,war,countries_actors,سوریه,43,0.06,0.7
channel,Tasnim News,war,countries_actors,یمن,135,0.19,2.3
channel,Tasnim News,war,countries_actors,انصارالله / حوثی‌ها,47,0.066,0.8
channel,Tasnim News,war,countries_actors,عراق,484,0.68,8.3
channel,Tasnim News,war,countries_actors,مقاومت عراق / حشد شعبی,129,0.181,2.2
channel,Tasnim News,war,countries_actors,فلسطین اشغالی (Israel),479,0.673,8.2
channel,Tasnim News,war,countries_actors,فلسطین,124,0.174,2.1
channel,Tasnim News,war,countries_actors,غزه,59,0.083,1.0
channel,Tasnim News,war,countries_actors,حماس,17,0.024,0.3
channel,Tasnim News,war,countries_actors,حزب‌الله,966,1.356,16.6
channel,Tasnim News,war,countries_actors,لبنان,728,1.022,12.5
channel,Tasnim News,war,countries_actors,ترکیه,132,0.185,2.3
channel,Tasnim News,war,countries_actors,روسیه,185,0.26,3.2
channel,Tasnim News,war,countries_actors,چین,91,0.128,1.6
channel,Tasnim News,war,countries_actors,آذربایجان شرقی/غربی (Iranian provinces),55,0.077,0.9
channel,Tasnim News,war,countries_actors,جمهوری آذربایجان,53,0.074,0.9
channel,Tasnim News,war,countries_actors,پاکستان,140,0.197,2.4
channel,Tasnim News,war,countries_actors,آلمان,58,0.081,1.0
channel,Tasnim News,war,countries_actors,اتحادیه اروپا,130,0.183,2.2
channel,Tasnim News,war,countries_actors,انگلیس,122,0.171,2.1
channel,Tasnim News,war,countries_actors,فرانسه,87,0.122,1.5
channel,Tasnim News,war,countries_actors,ایتالیا,29,0.041,0.5
channel,Tasnim News,war,countries_actors,اسپانیا,37,0.052,0.6
channel,Tasnim News,war,crimes,نسل‌کشی,21,0.029,2.2
channel,Tasnim News,war,crimes,کودک‌کش / کودک‌کشی,109,0.153,11.3
channel,Tasnim News,war,crimes,جنایت جنگی,98,0.138,10.2
channel,Tasnim News,war,crimes,جنایت,377,0.529,39.1
channel,Tasnim News,war,crimes,کشتار,52,0.073,5.4
channel,Tasnim News,war,crimes,میناب (school attack),306,0.43,31.8
channel,Tasnim News,war,diplomacy,مذاکره / مذاکرات,234,0.329,34.5
channel,Tasnim News,war,diplomacy,گفت‌وگو,108,0.152,15.9
channel,Tasnim News,war,diplomacy,توافق,76,0.107,11.2
channel,Tasnim News,war,diplomacy,برجام,5,0.007,0.7
channel,Tasnim News,war,diplomacy,دیپلماسی,67,0.094,9.9
channel,Tasnim News,war,diplomacy,آتش‌بس,76,0.107,11.2
channel,Tasnim News,war,diplomacy,صلح,111,0.156,16.4
channel,Tasnim News,war,diplomacy,تفاهم‌نامه,1,0.001,0.1
channel,Tasnim News,war,revenge,انتقام سخت,12,0.017,3.2
channel,Tasnim News,war,revenge,انتقام,202,0.284,53.6
channel,Tasnim News,war,revenge,خونخواهی,145,0.204,38.5
channel,Tasnim News,war,revenge,قصاص,3,0.004,0.8
channel,Tasnim News,war,revenge,پاسخ پشیمان‌کننده / کوبنده,15,0.021,4.0
channel,Tasnim News,war,persons,ترامپ,1332,1.87,40.2
channel,Tasnim News,war,persons,نتانیاهو,377,0.529,11.4
channel,Tasnim News,war,persons,پزشکیان,119,0.167,3.6
channel,Tasnim News,war,persons,عراقچی,274,0.385,8.3
channel,Tasnim News,war,persons,بقائی,58,0.081,1.8
channel,Tasnim News,war,persons,ظریف,16,0.022,0.5
channel,Tasnim News,war,persons,خاتمی,7,0.01,0.2
channel,Tasnim News,war,persons,حسن روحانی,5,0.007,0.2
channel,Tasnim News,war,persons,احمدی‌نژاد,0,0.0,0.0
channel,Tasnim News,war,persons,قالیباف,147,0.206,4.4
channel,Tasnim News,war,persons,سخنگوی وزارت امور خارجه,71,0.1,2.1
channel,Tasnim News,war,persons,وزیر امور خارجه,467,0.656,14.1
channel,Tasnim News,war,labels_opponents,خائن / خیانت,63,0.088,15.6
channel,Tasnim News,war,labels_opponents,وطن‌فروش,74,0.104,18.4
channel,Tasnim News,war,labels_opponents,مزدور,174,0.244,43.2
channel,Tasnim News,war,labels_opponents,منافقین,56,0.079,13.9
channel,Tasnim News,war,labels_opponents,اغتشاشگر,6,0.008,1.5
channel,Tasnim News,war,labels_opponents,ضدانقلاب,30,0.042,7.4
channel,Tasnim News,war,countries_actors,جهاد اسلامی,1,0.001,0.0
channel,Tasnim News,war,countries_actors,کتائب حزب‌الله,6,0.008,0.1
channel,Tasnim News,war,countries_actors,داعش,4,0.006,0.1
channel,Tasnim News,war,countries_actors,طالبان,8,0.011,0.1
channel,Tasnim News,war,countries_actors,جیش‌العدل,0,0.0,0.0
channel,Tasnim News,war,countries_actors,پژاک,1,0.001,0.0
channel,Tasnim News,war,countries_actors,کومله,10,0.014,0.2
channel,Tasnim News,war,countries_actors,مجاهدین خلق,0,0.0,0.0
channel,Tasnim News,war,countries_actors,سلطنت‌طلبان,6,0.008,0.1
channel,Tasnim News,war,countries_actors,رضا پهلوی,33,0.046,0.6
channel,Tasnim News,war,persons,رئیس‌جمهور آمریکا (US president),84,0.118,2.5
channel,Tasnim News,war,persons,"رئیس‌جمهور (other, mostly Iran)",356,0.5,10.7
channel,Tasnim News,war,israel_naming,رژیم کودک‌کش,37,0.052,1.0
channel,Tasnim News,war,israel_naming,صهیونیست‌های کودک‌کش,1,0.001,0.0
channel,Tasnim News,war,israel_army,ارتش کودک‌کش آمریکا (USA – not counted as Israel),0,0.0,0.0
channel,Tasnim News,war,israel_army,ارتش کودک‌کش (Israel),7,0.01,2.5
channel,Tasnim News,ceasefire,israel_naming,اسرائیل,2419,1.928,45.9
channel,Tasnim News,ceasefire,israel_naming,رژیم صهیونیستی,2315,1.845,43.9
channel,Tasnim News,ceasefire,israel_naming,رژیم اشغالگر,140,0.112,2.7
channel,Tasnim News,ceasefire,israel_naming,رژیم غاصب,7,0.006,0.1
channel,Tasnim News,ceasefire,israel_naming,صهیونیست‌ها,320,0.255,6.1
channel,Tasnim News,ceasefire,israel_naming,دشمن صهیونیستی,60,0.048,1.1
channel,Tasnim News,ceasefire,israel_territory,اسرائیل,2419,1.928,84.3
channel,Tasnim News,ceasefire,israel_territory,فلسطین اشغالی,279,0.222,9.7
channel,Tasnim News,ceasefire,israel_territory,سرزمین‌های اشغالی,120,0.096,4.2
channel,Tasnim News,ceasefire,israel_territory,اراضی اشغالی,50,0.04,1.7
channel,Tasnim News,ceasefire,israel_army,ارتش اسرائیل,295,0.235,37.7
channel,Tasnim News,ceasefire,israel_army,ارتش رژیم صهیونیستی,320,0.255,40.9
channel,Tasnim News,ceasefire,israel_army,ارتش صهیونیستی,94,0.075,12.0
channel,Tasnim News,ceasefire,israel_army,ارتش اشغالگر,64,0.051,8.2
channel,Tasnim News,ceasefire,usa_naming,رئیس دولت تروریستی آمریکا,128,0.102,1.7
channel,Tasnim News,ceasefire,usa_naming,ارتش تروریستی آمریکا,70,0.056,1.0
channel,Tasnim News,ceasefire,usa_naming,ارتش کودک‌کش آمریکا,5,0.004,0.1
channel,Tasnim News,ceasefire,usa_naming,ارتش متجاوز آمریکا,14,0.011,0.2
channel,Tasnim News,ceasefire,usa_naming,شیطان بزرگ,10,0.008,0.1
channel,Tasnim News,ceasefire,usa_naming,استکبار,79,0.063,1.1
channel,Tasnim News,ceasefire,usa_naming,ایالات متحده,465,0.371,6.3
channel,Tasnim News,ceasefire,usa_naming,آمریکا,5948,4.74,80.8
channel,Tasnim News,ceasefire,usa_naming,کاخ سفید,215,0.171,2.9
channel,Tasnim News,ceasefire,usa_naming,واشنگتن,430,0.343,5.8
channel,Tasnim News,ceasefire,countries_actors,امارات,543,0.433,3.8
channel,Tasnim News,ceasefire,countries_actors,بحرین,207,0.165,1.5
channel,Tasnim News,ceasefire,countries_actors,کویت,191,0.152,1.3
channel,Tasnim News,ceasefire,countries_actors,قطر,314,0.25,2.2
channel,Tasnim News,ceasefire,countries_actors,"دریای عمان (sea, not the country)",55,0.044,0.4
channel,Tasnim News,ceasefire,countries_actors,عمان,265,0.211,1.9
channel,Tasnim News,ceasefire,countries_actors,عربستان,342,0.273,2.4
channel,Tasnim News,ceasefire,countries_actors,اردن,63,0.05,0.4
channel,Tasnim News,ceasefire,countries_actors,سوریه,190,0.151,1.3
channel,Tasnim News,ceasefire,countries_actors,یمن,264,0.21,1.9
channel,Tasnim News,ceasefire,countries_actors,انصارالله / حوثی‌ها,88,0.07,0.6
channel,Tasnim News,ceasefire,countries_actors,عراق,717,0.571,5.1
channel,Tasnim News,ceasefire,countries_actors,مقاومت عراق / حشد شعبی,42,0.033,0.3
channel,Tasnim News,ceasefire,countries_actors,فلسطین اشغالی (Israel),279,0.222,2.0
channel,Tasnim News,ceasefire,countries_actors,فلسطین,300,0.239,2.1
channel,Tasnim News,ceasefire,countries_actors,غزه,593,0.473,4.2
channel,Tasnim News,ceasefire,countries_actors,حماس,122,0.097,0.9
channel,Tasnim News,ceasefire,countries_actors,حزب‌الله,1478,1.178,10.4
channel,Tasnim News,ceasefire,countries_actors,لبنان,3343,2.664,23.6
channel,Tasnim News,ceasefire,countries_actors,ترکیه,363,0.289,2.6
channel,Tasnim News,ceasefire,countries_actors,روسیه,910,0.725,6.4
channel,Tasnim News,ceasefire,countries_actors,چین,704,0.561,5.0
channel,Tasnim News,ceasefire,countries_actors,آذربایجان شرقی/غربی (Iranian provinces),66,0.053,0.5
channel,Tasnim News,ceasefire,countries_actors,جمهوری آذربایجان,102,0.081,0.7
channel,Tasnim News,ceasefire,countries_actors,پاکستان,954,0.76,6.7
channel,Tasnim News,ceasefire,countries_actors,آلمان,213,0.17,1.5
channel,Tasnim News,ceasefire,countries_actors,اتحادیه اروپا,384,0.306,2.7
channel,Tasnim News,ceasefire,countries_actors,انگلیس,383,0.305,2.7
channel,Tasnim News,ceasefire,countries_actors,فرانسه,261,0.208,1.8
channel,Tasnim News,ceasefire,countries_actors,ایتالیا,121,0.096,0.9
channel,Tasnim News,ceasefire,countries_actors,اسپانیا,132,0.105,0.9
channel,Tasnim News,ceasefire,crimes,نسل‌کشی,80,0.064,8.2
channel,Tasnim News,ceasefire,crimes,کودک‌کش / کودک‌کشی,40,0.032,4.1
channel,Tasnim News,ceasefire,crimes,جنایت جنگی,64,0.051,6.5
channel,Tasnim News,ceasefire,crimes,جنایت,341,0.272,34.8
channel,Tasnim News,ceasefire,crimes,کشتار,61,0.049,6.2
channel,Tasnim News,ceasefire,crimes,میناب (school attack),394,0.314,40.2
channel,Tasnim News,ceasefire,diplomacy,مذاکره / مذاکرات,1983,1.58,33.1
channel,Tasnim News,ceasefire,diplomacy,گفت‌وگو,441,0.351,7.4
channel,Tasnim News,ceasefire,diplomacy,توافق,1011,0.806,16.9
channel,Tasnim News,ceasefire,diplomacy,برجام,33,0.026,0.6
channel,Tasnim News,ceasefire,diplomacy,دیپلماسی,372,0.296,6.2
channel,Tasnim News,ceasefire,diplomacy,آتش‌بس,1218,0.971,20.4
channel,Tasnim News,ceasefire,diplomacy,صلح,349,0.278,5.8
channel,Tasnim News,ceasefire,diplomacy,تفاهم‌نامه,576,0.459,9.6
channel,Tasnim News,ceasefire,revenge,انتقام سخت,6,0.005,2.1
channel,Tasnim News,ceasefire,revenge,انتقام,139,0.111,49.1
channel,Tasnim News,ceasefire,revenge,خونخواهی,100,0.08,35.3
channel,Tasnim News,ceasefire,revenge,قصاص,21,0.017,7.4
channel,Tasnim News,ceasefire,revenge,پاسخ پشیمان‌کننده / کوبنده,17,0.014,6.0
channel,Tasnim News,ceasefire,persons,ترامپ,2994,2.386,37.9
channel,Tasnim News,ceasefire,persons,نتانیاهو,585,0.466,7.4
channel,Tasnim News,ceasefire,persons,پزشکیان,371,0.296,4.7
channel,Tasnim News,ceasefire,persons,عراقچی,541,0.431,6.8
channel,Tasnim News,ceasefire,persons,بقائی,241,0.192,3.1
channel,Tasnim News,ceasefire,persons,ظریف,5,0.004,0.1
channel,Tasnim News,ceasefire,persons,خاتمی,4,0.003,0.1
channel,Tasnim News,ceasefire,persons,حسن روحانی,0,0.0,0.0
channel,Tasnim News,ceasefire,persons,احمدی‌نژاد,0,0.0,0.0
channel,Tasnim News,ceasefire,persons,قالیباف,451,0.359,5.7
channel,Tasnim News,ceasefire,persons,سخنگوی وزارت امور خارجه,313,0.249,4.0
channel,Tasnim News,ceasefire,persons,وزیر امور خارجه,1045,0.833,13.2
channel,Tasnim News,ceasefire,labels_opponents,خائن / خیانت,76,0.061,30.6
channel,Tasnim News,ceasefire,labels_opponents,وطن‌فروش,34,0.027,13.7
channel,Tasnim News,ceasefire,labels_opponents,مزدور,71,0.057,28.6
channel,Tasnim News,ceasefire,labels_opponents,منافقین,19,0.015,7.7
channel,Tasnim News,ceasefire,labels_opponents,اغتشاشگر,9,0.007,3.6
channel,Tasnim News,ceasefire,labels_opponents,ضدانقلاب,39,0.031,15.7
channel,Tasnim News,ceasefire,countries_actors,جهاد اسلامی,7,0.006,0.0
channel,Tasnim News,ceasefire,countries_actors,کتائب حزب‌الله,2,0.002,0.0
channel,Tasnim News,ceasefire,countries_actors,داعش,28,0.022,0.2
channel,Tasnim News,ceasefire,countries_actors,طالبان,26,0.021,0.2
channel,Tasnim News,ceasefire,countries_actors,جیش‌العدل,1,0.001,0.0
channel,Tasnim News,ceasefire,countries_actors,پژاک,5,0.004,0.0
channel,Tasnim News,ceasefire,countries_actors,کومله,5,0.004,0.0
channel,Tasnim News,ceasefire,countries_actors,مجاهدین خلق,4,0.003,0.0
channel,Tasnim News,ceasefire,countries_actors,سلطنت‌طلبان,17,0.014,0.1
channel,Tasnim News,ceasefire,countries_actors,رضا پهلوی,70,0.056,0.5
channel,Tasnim News,ceasefire,persons,رئیس‌جمهور آمریکا (US president),189,0.151,2.4
channel,Tasnim News,ceasefire,persons,"رئیس‌جمهور (other, mostly Iran)",1161,0.925,14.7
channel,Tasnim News,ceasefire,israel_naming,رژیم کودک‌کش,13,0.01,0.2
channel,Tasnim News,ceasefire,israel_naming,صهیونیست‌های کودک‌کش,0,0.0,0.0
channel,Tasnim News,ceasefire,israel_army,ارتش کودک‌کش آمریکا (USA – not counted as Israel),5,0.004,0.6
channel,Tasnim News,ceasefire,israel_army,ارتش کودک‌کش (Israel),4,0.003,0.5
channel,Tasnim News,after_truce_collapse,israel_naming,اسرائیل,549,0.836,30.8
channel,Tasnim News,after_truce_collapse,israel_naming,رژیم صهیونیستی,1051,1.6,58.9
channel,Tasnim News,after_truce_collapse,israel_naming,رژیم اشغالگر,60,0.091,3.4
channel,Tasnim News,after_truce_collapse,israel_naming,رژیم غاصب,7,0.011,0.4
channel,Tasnim News,after_truce_collapse,israel_naming,صهیونیست‌ها,98,0.149,5.5
channel,Tasnim News,after_truce_collapse,israel_naming,دشمن صهیونیستی,9,0.014,0.5
channel,Tasnim News,after_truce_collapse,israel_territory,اسرائیل,549,0.836,86.9
channel,Tasnim News,after_truce_collapse,israel_territory,فلسطین اشغالی,29,0.044,4.6
channel,Tasnim News,after_truce_collapse,israel_territory,سرزمین‌های اشغالی,48,0.073,7.6
channel,Tasnim News,after_truce_collapse,israel_territory,اراضی اشغالی,6,0.009,0.9
channel,Tasnim News,after_truce_collapse,israel_army,ارتش اسرائیل,40,0.061,15.1
channel,Tasnim News,after_truce_collapse,israel_army,ارتش رژیم صهیونیستی,120,0.183,45.3
channel,Tasnim News,after_truce_collapse,israel_army,ارتش صهیونیستی,16,0.024,6.0
channel,Tasnim News,after_truce_collapse,israel_army,ارتش اشغالگر,28,0.043,10.6
channel,Tasnim News,after_truce_collapse,usa_naming,رئیس دولت تروریستی آمریکا,59,0.09,1.6
channel,Tasnim News,after_truce_collapse,usa_naming,ارتش تروریستی آمریکا,115,0.175,3.2
channel,Tasnim News,after_truce_collapse,usa_naming,ارتش کودک‌کش آمریکا,45,0.069,1.3
channel,Tasnim News,after_truce_collapse,usa_naming,ارتش متجاوز آمریکا,16,0.024,0.4
channel,Tasnim News,after_truce_collapse,usa_naming,شیطان بزرگ,21,0.032,0.6
channel,Tasnim News,after_truce_collapse,usa_naming,استکبار,57,0.087,1.6
channel,Tasnim News,after_truce_collapse,usa_naming,ایالات متحده,160,0.244,4.5
channel,Tasnim News,after_truce_collapse,usa_naming,آمریکا,2846,4.333,79.2
channel,Tasnim News,after_truce_collapse,usa_naming,کاخ سفید,41,0.062,1.1
channel,Tasnim News,after_truce_collapse,usa_naming,واشنگتن,235,0.358,6.5
channel,Tasnim News,after_truce_collapse,countries_actors,امارات,139,0.212,1.8
channel,Tasnim News,after_truce_collapse,countries_actors,بحرین,240,0.365,3.0
channel,Tasnim News,after_truce_collapse,countries_actors,کویت,328,0.499,4.1
channel,Tasnim News,after_truce_collapse,countries_actors,قطر,202,0.308,2.6
channel,Tasnim News,after_truce_collapse,countries_actors,"دریای عمان (sea, not the country)",31,0.047,0.4
channel,Tasnim News,after_truce_collapse,countries_actors,عمان,267,0.407,3.4
channel,Tasnim News,after_truce_collapse,countries_actors,عربستان,866,1.319,10.9
channel,Tasnim News,after_truce_collapse,countries_actors,اردن,281,0.428,3.6
channel,Tasnim News,after_truce_collapse,countries_actors,سوریه,224,0.341,2.8
channel,Tasnim News,after_truce_collapse,countries_actors,یمن,697,1.061,8.8
channel,Tasnim News,after_truce_collapse,countries_actors,انصارالله / حوثی‌ها,129,0.196,1.6
channel,Tasnim News,after_truce_collapse,countries_actors,عراق,993,1.512,12.5
channel,Tasnim News,after_truce_collapse,countries_actors,مقاومت عراق / حشد شعبی,84,0.128,1.1
channel,Tasnim News,after_truce_collapse,countries_actors,فلسطین اشغالی (Israel),29,0.044,0.4
channel,Tasnim News,after_truce_collapse,countries_actors,فلسطین,196,0.298,2.5
channel,Tasnim News,after_truce_collapse,countries_actors,غزه,346,0.527,4.4
channel,Tasnim News,after_truce_collapse,countries_actors,حماس,79,0.12,1.0
channel,Tasnim News,after_truce_collapse,countries_actors,حزب‌الله,146,0.222,1.8
channel,Tasnim News,after_truce_collapse,countries_actors,لبنان,748,1.139,9.5
channel,Tasnim News,after_truce_collapse,countries_actors,ترکیه,185,0.282,2.3
channel,Tasnim News,after_truce_collapse,countries_actors,روسیه,440,0.67,5.6
channel,Tasnim News,after_truce_collapse,countries_actors,چین,228,0.347,2.9
channel,Tasnim News,after_truce_collapse,countries_actors,آذربایجان شرقی/غربی (Iranian provinces),23,0.035,0.3
channel,Tasnim News,after_truce_collapse,countries_actors,جمهوری آذربایجان,43,0.065,0.5
channel,Tasnim News,after_truce_collapse,countries_actors,پاکستان,233,0.355,2.9
channel,Tasnim News,after_truce_collapse,countries_actors,آلمان,60,0.091,0.8
channel,Tasnim News,after_truce_collapse,countries_actors,اتحادیه اروپا,96,0.146,1.2
channel,Tasnim News,after_truce_collapse,countries_actors,انگلیس,235,0.358,3.0
channel,Tasnim News,after_truce_collapse,countries_actors,فرانسه,141,0.215,1.8
channel,Tasnim News,after_truce_collapse,countries_actors,ایتالیا,33,0.05,0.4
channel,Tasnim News,after_truce_collapse,countries_actors,اسپانیا,111,0.169,1.4
channel,Tasnim News,after_truce_collapse,crimes,نسل‌کشی,56,0.085,9.4
channel,Tasnim News,after_truce_collapse,crimes,کودک‌کش / کودک‌کشی,88,0.134,14.8
channel,Tasnim News,after_truce_collapse,crimes,جنایت جنگی,57,0.087,9.6
channel,Tasnim News,after_truce_collapse,crimes,جنایت,232,0.353,39.0
channel,Tasnim News,after_truce_collapse,crimes,کشتار,33,0.05,5.5
channel,Tasnim News,after_truce_collapse,crimes,میناب (school attack),129,0.196,21.7
channel,Tasnim News,after_truce_collapse,diplomacy,مذاکره / مذاکرات,353,0.537,26.1
channel,Tasnim News,after_truce_collapse,diplomacy,گفت‌وگو,236,0.359,17.5
channel,Tasnim News,after_truce_collapse,diplomacy,توافق,221,0.336,16.3
channel,Tasnim News,after_truce_collapse,diplomacy,برجام,4,0.006,0.3
channel,Tasnim News,after_truce_collapse,diplomacy,دیپلماسی,106,0.161,7.8
channel,Tasnim News,after_truce_collapse,diplomacy,آتش‌بس,88,0.134,6.5
channel,Tasnim News,after_truce_collapse,diplomacy,صلح,133,0.203,9.8
channel,Tasnim News,after_truce_collapse,diplomacy,تفاهم‌نامه,211,0.321,15.6
channel,Tasnim News,after_truce_collapse,revenge,انتقام سخت,1,0.002,0.4
channel,Tasnim News,after_truce_collapse,revenge,انتقام,143,0.218,57.0
channel,Tasnim News,after_truce_collapse,revenge,خونخواهی,75,0.114,29.9
channel,Tasnim News,after_truce_collapse,revenge,قصاص,24,0.037,9.6
channel,Tasnim News,after_truce_collapse,revenge,پاسخ پشیمان‌کننده / کوبنده,8,0.012,3.2
channel,Tasnim News,after_truce_collapse,persons,ترامپ,891,1.357,29.9
channel,Tasnim News,after_truce_collapse,persons,نتانیاهو,191,0.291,6.4
channel,Tasnim News,after_truce_collapse,persons,پزشکیان,170,0.259,5.7
channel,Tasnim News,after_truce_collapse,persons,عراقچی,211,0.321,7.1
channel,Tasnim News,after_truce_collapse,persons,بقائی,157,0.239,5.3
channel,Tasnim News,after_truce_collapse,persons,ظریف,4,0.006,0.1
channel,Tasnim News,after_truce_collapse,persons,خاتمی,31,0.047,1.0
channel,Tasnim News,after_truce_collapse,persons,حسن روحانی,0,0.0,0.0
channel,Tasnim News,after_truce_collapse,persons,احمدی‌نژاد,2,0.003,0.1
channel,Tasnim News,after_truce_collapse,persons,قالیباف,164,0.25,5.5
channel,Tasnim News,after_truce_collapse,persons,سخنگوی وزارت امور خارجه,168,0.256,5.6
channel,Tasnim News,after_truce_collapse,persons,وزیر امور خارجه,420,0.639,14.1
channel,Tasnim News,after_truce_collapse,labels_opponents,خائن / خیانت,21,0.032,11.1
channel,Tasnim News,after_truce_collapse,labels_opponents,وطن‌فروش,6,0.009,3.2
channel,Tasnim News,after_truce_collapse,labels_opponents,مزدور,129,0.196,67.9
channel,Tasnim News,after_truce_collapse,labels_opponents,منافقین,13,0.02,6.8
channel,Tasnim News,after_truce_collapse,labels_opponents,اغتشاشگر,6,0.009,3.2
channel,Tasnim News,after_truce_collapse,labels_opponents,ضدانقلاب,15,0.023,7.9
channel,Tasnim News,after_truce_collapse,countries_actors,جهاد اسلامی,10,0.015,0.1
channel,Tasnim News,after_truce_collapse,countries_actors,کتائب حزب‌الله,3,0.005,0.0
channel,Tasnim News,after_truce_collapse,countries_actors,داعش,27,0.041,0.3
channel,Tasnim News,after_truce_collapse,countries_actors,طالبان,3,0.005,0.0
channel,Tasnim News,after_truce_collapse,countries_actors,جیش‌العدل,0,0.0,0.0
channel,Tasnim News,after_truce_collapse,countries_actors,پژاک,3,0.005,0.0
channel,Tasnim News,after_truce_collapse,countries_actors,کومله,1,0.002,0.0
channel,Tasnim News,after_truce_collapse,countries_actors,مجاهدین خلق,0,0.0,0.0
channel,Tasnim News,after_truce_collapse,countries_actors,سلطنت‌طلبان,2,0.003,0.0
channel,Tasnim News,after_truce_collapse,countries_actors,رضا پهلوی,11,0.017,0.1
channel,Tasnim News,after_truce_collapse,persons,رئیس‌جمهور آمریکا (US president),47,0.072,1.6
channel,Tasnim News,after_truce_collapse,persons,"رئیس‌جمهور (other, mostly Iran)",519,0.79,17.4
channel,Tasnim News,after_truce_collapse,israel_naming,رژیم کودک‌کش,11,0.017,0.6
channel,Tasnim News,after_truce_collapse,israel_naming,صهیونیست‌های کودک‌کش,0,0.0,0.0
channel,Tasnim News,after_truce_collapse,israel_army,ارتش کودک‌کش آمریکا (USA – not counted as Israel),45,0.069,17.0
channel,Tasnim News,after_truce_collapse,israel_army,ارتش کودک‌کش (Israel),16,0.024,6.0
channel,Fars News,all,israel_naming,اسرائیل,3034,1.784,56.4
channel,Fars News,all,israel_naming,رژیم صهیونیستی,1709,1.005,31.8
channel,Fars News,all,israel_naming,رژیم اشغالگر,68,0.04,1.3
channel,Fars News,all,israel_naming,رژیم غاصب,15,0.009,0.3
channel,Fars News,all,israel_naming,صهیونیست‌ها,445,0.262,8.3
channel,Fars News,all,israel_naming,دشمن صهیونیستی,63,0.037,1.2
channel,Fars News,all,israel_territory,اسرائیل,3034,1.784,74.6
channel,Fars News,all,israel_territory,فلسطین اشغالی,349,0.205,8.6
channel,Fars News,all,israel_territory,سرزمین‌های اشغالی,277,0.163,6.8
channel,Fars News,all,israel_territory,اراضی اشغالی,408,0.24,10.0
channel,Fars News,all,israel_army,ارتش اسرائیل,243,0.143,41.4
channel,Fars News,all,israel_army,ارتش رژیم صهیونیستی,144,0.085,24.5
channel,Fars News,all,israel_army,ارتش صهیونیستی,80,0.047,13.6
channel,Fars News,all,israel_army,ارتش اشغالگر,42,0.025,7.2
channel,Fars News,all,usa_naming,رئیس دولت تروریستی آمریکا,2,0.001,0.0
channel,Fars News,all,usa_naming,ارتش تروریستی آمریکا,145,0.085,1.4
channel,Fars News,all,usa_naming,ارتش کودک‌کش آمریکا,51,0.03,0.5
channel,Fars News,all,usa_naming,ارتش متجاوز آمریکا,36,0.021,0.3
channel,Fars News,all,usa_naming,شیطان بزرگ,32,0.019,0.3
channel,Fars News,all,usa_naming,استکبار,111,0.065,1.0
channel,Fars News,all,usa_naming,ایالات متحده,456,0.268,4.3
channel,Fars News,all,usa_naming,آمریکا,9119,5.362,86.2
channel,Fars News,all,usa_naming,کاخ سفید,226,0.133,2.1
channel,Fars News,all,usa_naming,واشنگتن,407,0.239,3.8
channel,Fars News,all,countries_actors,امارات,817,0.48,5.3
channel,Fars News,all,countries_actors,بحرین,598,0.352,3.9
channel,Fars News,all,countries_actors,کویت,689,0.405,4.5
channel,Fars News,all,countries_actors,قطر,455,0.268,3.0
channel,Fars News,all,countries_actors,"دریای عمان (sea, not the country)",91,0.054,0.6
channel,Fars News,all,countries_actors,عمان,415,0.244,2.7
channel,Fars News,all,countries_actors,عربستان,1091,0.641,7.1
channel,Fars News,all,countries_actors,اردن,337,0.198,2.2
channel,Fars News,all,countries_actors,سوریه,181,0.106,1.2
channel,Fars News,all,countries_actors,یمن,571,0.336,3.7
channel,Fars News,all,countries_actors,انصارالله / حوثی‌ها,135,0.079,0.9
channel,Fars News,all,countries_actors,عراق,1153,0.678,7.5
channel,Fars News,all,countries_actors,مقاومت عراق / حشد شعبی,97,0.057,0.6
channel,Fars News,all,countries_actors,فلسطین اشغالی (Israel),349,0.205,2.3
channel,Fars News,all,countries_actors,فلسطین,238,0.14,1.6
channel,Fars News,all,countries_actors,غزه,404,0.238,2.6
channel,Fars News,all,countries_actors,حماس,100,0.059,0.7
channel,Fars News,all,countries_actors,حزب‌الله,1353,0.796,8.8
channel,Fars News,all,countries_actors,لبنان,1957,1.151,12.8
channel,Fars News,all,countries_actors,ترکیه,293,0.172,1.9
channel,Fars News,all,countries_actors,روسیه,692,0.407,4.5
channel,Fars News,all,countries_actors,چین,553,0.325,3.6
channel,Fars News,all,countries_actors,آذربایجان شرقی/غربی (Iranian provinces),64,0.038,0.4
channel,Fars News,all,countries_actors,جمهوری آذربایجان,124,0.073,0.8
channel,Fars News,all,countries_actors,پاکستان,586,0.345,3.8
channel,Fars News,all,countries_actors,آلمان,181,0.106,1.2
channel,Fars News,all,countries_actors,اتحادیه اروپا,430,0.253,2.8
channel,Fars News,all,countries_actors,انگلیس,430,0.253,2.8
channel,Fars News,all,countries_actors,فرانسه,295,0.173,1.9
channel,Fars News,all,countries_actors,ایتالیا,81,0.048,0.5
channel,Fars News,all,countries_actors,اسپانیا,191,0.112,1.2
channel,Fars News,all,crimes,نسل‌کشی,57,0.034,3.6
channel,Fars News,all,crimes,کودک‌کش / کودک‌کشی,182,0.107,11.6
channel,Fars News,all,crimes,جنایت جنگی,117,0.069,7.4
channel,Fars News,all,crimes,جنایت,537,0.316,34.2
channel,Fars News,all,crimes,کشتار,101,0.059,6.4
channel,Fars News,all,crimes,میناب (school attack),577,0.339,36.7
channel,Fars News,all,diplomacy,مذاکره / مذاکرات,1768,1.04,35.2
channel,Fars News,all,diplomacy,گفت‌وگو,597,0.351,11.9
channel,Fars News,all,diplomacy,توافق,867,0.51,17.3
channel,Fars News,all,diplomacy,برجام,53,0.031,1.1
channel,Fars News,all,diplomacy,دیپلماسی,276,0.162,5.5
channel,Fars News,all,diplomacy,آتش‌بس,776,0.456,15.5
channel,Fars News,all,diplomacy,صلح,299,0.176,6.0
channel,Fars News,all,diplomacy,تفاهم‌نامه,383,0.225,7.6
channel,Fars News,all,revenge,انتقام سخت,9,0.005,1.6
channel,Fars News,all,revenge,انتقام,280,0.165,50.3
channel,Fars News,all,revenge,خونخواهی,202,0.119,36.3
channel,Fars News,all,revenge,قصاص,38,0.022,6.8
channel,Fars News,all,revenge,پاسخ پشیمان‌کننده / کوبنده,28,0.016,5.0
channel,Fars News,all,persons,ترامپ,3878,2.28,41.8
channel,Fars News,all,persons,نتانیاهو,518,0.305,5.6
channel,Fars News,all,persons,پزشکیان,801,0.471,8.6
channel,Fars News,all,persons,عراقچی,691,0.406,7.4
channel,Fars News,all,persons,بقائی,138,0.081,1.5
channel,Fars News,all,persons,ظریف,24,0.014,0.3
channel,Fars News,all,persons,خاتمی,20,0.012,0.2
channel,Fars News,all,persons,حسن روحانی,6,0.004,0.1
channel,Fars News,all,persons,احمدی‌نژاد,6,0.004,0.1
channel,Fars News,all,persons,قالیباف,651,0.383,7.0
channel,Fars News,all,persons,سخنگوی وزارت امور خارجه,412,0.242,4.4
channel,Fars News,all,persons,وزیر امور خارجه,549,0.323,5.9
channel,Fars News,all,labels_opponents,خائن / خیانت,111,0.065,12.6
channel,Fars News,all,labels_opponents,وطن‌فروش,73,0.043,8.3
channel,Fars News,all,labels_opponents,مزدور,243,0.143,27.7
channel,Fars News,all,labels_opponents,منافقین,104,0.061,11.8
channel,Fars News,all,labels_opponents,اغتشاشگر,206,0.121,23.5
channel,Fars News,all,labels_opponents,ضدانقلاب,141,0.083,16.1
channel,Fars News,all,countries_actors,جهاد اسلامی,6,0.004,0.0
channel,Fars News,all,countries_actors,کتائب حزب‌الله,12,0.007,0.1
channel,Fars News,all,countries_actors,داعش,49,0.029,0.3
channel,Fars News,all,countries_actors,طالبان,42,0.025,0.3
channel,Fars News,all,countries_actors,جیش‌العدل,1,0.001,0.0
channel,Fars News,all,countries_actors,پژاک,17,0.01,0.1
channel,Fars News,all,countries_actors,کومله,28,0.016,0.2
channel,Fars News,all,countries_actors,مجاهدین خلق,3,0.002,0.0
channel,Fars News,all,countries_actors,سلطنت‌طلبان,47,0.028,0.3
channel,Fars News,all,countries_actors,رضا پهلوی,134,0.079,0.9
channel,Fars News,all,persons,رئیس‌جمهور آمریکا (US president),413,0.243,4.4
channel,Fars News,all,persons,"رئیس‌جمهور (other, mostly Iran)",1179,0.693,12.7
channel,Fars News,all,israel_naming,رژیم کودک‌کش,46,0.027,0.9
channel,Fars News,all,israel_naming,صهیونیست‌های کودک‌کش,1,0.001,0.0
channel,Fars News,all,israel_army,ارتش کودک‌کش آمریکا (USA – not counted as Israel),51,0.03,8.7
channel,Fars News,all,israel_army,ارتش کودک‌کش (Israel),27,0.016,4.6
channel,Fars News,before_war,israel_naming,اسرائیل,229,0.99,62.4
channel,Fars News,before_war,israel_naming,رژیم صهیونیستی,111,0.48,30.2
channel,Fars News,before_war,israel_naming,رژیم اشغالگر,3,0.013,0.8
channel,Fars News,before_war,israel_naming,رژیم غاصب,0,0.0,0.0
channel,Fars News,before_war,israel_naming,صهیونیست‌ها,24,0.104,6.5
channel,Fars News,before_war,israel_naming,دشمن صهیونیستی,0,0.0,0.0
channel,Fars News,before_war,israel_territory,اسرائیل,229,0.99,95.4
channel,Fars News,before_war,israel_territory,فلسطین اشغالی,4,0.017,1.7
channel,Fars News,before_war,israel_territory,سرزمین‌های اشغالی,4,0.017,1.7
channel,Fars News,before_war,israel_territory,اراضی اشغالی,3,0.013,1.2
channel,Fars News,before_war,israel_army,ارتش اسرائیل,7,0.03,53.8
channel,Fars News,before_war,israel_army,ارتش رژیم صهیونیستی,6,0.026,46.2
channel,Fars News,before_war,israel_army,ارتش صهیونیستی,0,0.0,0.0
channel,Fars News,before_war,israel_army,ارتش اشغالگر,0,0.0,0.0
channel,Fars News,before_war,usa_naming,رئیس دولت تروریستی آمریکا,0,0.0,0.0
channel,Fars News,before_war,usa_naming,ارتش تروریستی آمریکا,0,0.0,0.0
channel,Fars News,before_war,usa_naming,ارتش کودک‌کش آمریکا,0,0.0,0.0
channel,Fars News,before_war,usa_naming,ارتش متجاوز آمریکا,0,0.0,0.0
channel,Fars News,before_war,usa_naming,شیطان بزرگ,1,0.004,0.1
channel,Fars News,before_war,usa_naming,استکبار,6,0.026,0.6
channel,Fars News,before_war,usa_naming,ایالات متحده,39,0.169,4.1
channel,Fars News,before_war,usa_naming,آمریکا,848,3.665,88.8
channel,Fars News,before_war,usa_naming,کاخ سفید,18,0.078,1.9
channel,Fars News,before_war,usa_naming,واشنگتن,43,0.186,4.5
channel,Fars News,before_war,countries_actors,امارات,51,0.22,3.9
channel,Fars News,before_war,countries_actors,بحرین,5,0.022,0.4
channel,Fars News,before_war,countries_actors,کویت,0,0.0,0.0
channel,Fars News,before_war,countries_actors,قطر,37,0.16,2.8
channel,Fars News,before_war,countries_actors,"دریای عمان (sea, not the country)",5,0.022,0.4
channel,Fars News,before_war,countries_actors,عمان,37,0.16,2.8
channel,Fars News,before_war,countries_actors,عربستان,66,0.285,5.1
channel,Fars News,before_war,countries_actors,اردن,15,0.065,1.1
channel,Fars News,before_war,countries_actors,سوریه,32,0.138,2.5
channel,Fars News,before_war,countries_actors,یمن,31,0.134,2.4
channel,Fars News,before_war,countries_actors,انصارالله / حوثی‌ها,12,0.052,0.9
channel,Fars News,before_war,countries_actors,عراق,60,0.259,4.6
channel,Fars News,before_war,countries_actors,مقاومت عراق / حشد شعبی,4,0.017,0.3
channel,Fars News,before_war,countries_actors,فلسطین اشغالی (Israel),4,0.017,0.3
channel,Fars News,before_war,countries_actors,فلسطین,13,0.056,1.0
channel,Fars News,before_war,countries_actors,غزه,54,0.233,4.1
channel,Fars News,before_war,countries_actors,حماس,15,0.065,1.1
channel,Fars News,before_war,countries_actors,حزب‌الله,23,0.099,1.8
channel,Fars News,before_war,countries_actors,لبنان,69,0.298,5.3
channel,Fars News,before_war,countries_actors,ترکیه,69,0.298,5.3
channel,Fars News,before_war,countries_actors,روسیه,140,0.605,10.7
channel,Fars News,before_war,countries_actors,چین,80,0.346,6.1
channel,Fars News,before_war,countries_actors,آذربایجان شرقی/غربی (Iranian provinces),13,0.056,1.0
channel,Fars News,before_war,countries_actors,جمهوری آذربایجان,35,0.151,2.7
channel,Fars News,before_war,countries_actors,پاکستان,45,0.194,3.4
channel,Fars News,before_war,countries_actors,آلمان,25,0.108,1.9
channel,Fars News,before_war,countries_actors,اتحادیه اروپا,118,0.51,9.0
channel,Fars News,before_war,countries_actors,انگلیس,36,0.156,2.8
channel,Fars News,before_war,countries_actors,فرانسه,43,0.186,3.3
channel,Fars News,before_war,countries_actors,ایتالیا,12,0.052,0.9
channel,Fars News,before_war,countries_actors,اسپانیا,20,0.086,1.5
channel,Fars News,before_war,crimes,نسل‌کشی,11,0.048,11.1
channel,Fars News,before_war,crimes,کودک‌کش / کودک‌کشی,1,0.004,1.0
channel,Fars News,before_war,crimes,جنایت جنگی,2,0.009,2.0
channel,Fars News,before_war,crimes,جنایت,64,0.277,64.6
channel,Fars News,before_war,crimes,کشتار,16,0.069,16.2
channel,Fars News,before_war,crimes,میناب (school attack),5,0.022,5.1
channel,Fars News,before_war,diplomacy,مذاکره / مذاکرات,275,1.189,44.9
channel,Fars News,before_war,diplomacy,گفت‌وگو,119,0.514,19.4
channel,Fars News,before_war,diplomacy,توافق,88,0.38,14.4
channel,Fars News,before_war,diplomacy,برجام,8,0.035,1.3
channel,Fars News,before_war,diplomacy,دیپلماسی,51,0.22,8.3
channel,Fars News,before_war,diplomacy,آتش‌بس,10,0.043,1.6
channel,Fars News,before_war,diplomacy,صلح,47,0.203,7.7
channel,Fars News,before_war,diplomacy,تفاهم‌نامه,14,0.061,2.3
channel,Fars News,before_war,revenge,انتقام سخت,0,0.0,0.0
channel,Fars News,before_war,revenge,انتقام,5,0.022,38.5
channel,Fars News,before_war,revenge,خونخواهی,1,0.004,7.7
channel,Fars News,before_war,revenge,قصاص,2,0.009,15.4
channel,Fars News,before_war,revenge,پاسخ پشیمان‌کننده / کوبنده,5,0.022,38.5
channel,Fars News,before_war,persons,ترامپ,493,2.131,36.4
channel,Fars News,before_war,persons,نتانیاهو,60,0.259,4.4
channel,Fars News,before_war,persons,پزشکیان,175,0.756,12.9
channel,Fars News,before_war,persons,عراقچی,151,0.653,11.2
channel,Fars News,before_war,persons,بقائی,9,0.039,0.7
channel,Fars News,before_war,persons,ظریف,10,0.043,0.7
channel,Fars News,before_war,persons,خاتمی,4,0.017,0.3
channel,Fars News,before_war,persons,حسن روحانی,3,0.013,0.2
channel,Fars News,before_war,persons,احمدی‌نژاد,4,0.017,0.3
channel,Fars News,before_war,persons,قالیباف,45,0.194,3.3
channel,Fars News,before_war,persons,سخنگوی وزارت امور خارجه,32,0.138,2.4
channel,Fars News,before_war,persons,وزیر امور خارجه,102,0.441,7.5
channel,Fars News,before_war,labels_opponents,خائن / خیانت,11,0.048,3.4
channel,Fars News,before_war,labels_opponents,وطن‌فروش,5,0.022,1.6
channel,Fars News,before_war,labels_opponents,مزدور,25,0.108,7.8
channel,Fars News,before_war,labels_opponents,منافقین,47,0.203,14.7
channel,Fars News,before_war,labels_opponents,اغتشاشگر,186,0.804,58.3
channel,Fars News,before_war,labels_opponents,ضدانقلاب,45,0.194,14.1
channel,Fars News,before_war,countries_actors,جهاد اسلامی,2,0.009,0.2
channel,Fars News,before_war,countries_actors,کتائب حزب‌الله,3,0.013,0.2
channel,Fars News,before_war,countries_actors,داعش,22,0.095,1.7
channel,Fars News,before_war,countries_actors,طالبان,22,0.095,1.7
channel,Fars News,before_war,countries_actors,جیش‌العدل,0,0.0,0.0
channel,Fars News,before_war,countries_actors,پژاک,6,0.026,0.5
channel,Fars News,before_war,countries_actors,کومله,6,0.026,0.5
channel,Fars News,before_war,countries_actors,مجاهدین خلق,0,0.0,0.0
channel,Fars News,before_war,countries_actors,سلطنت‌طلبان,23,0.099,1.8
channel,Fars News,before_war,countries_actors,رضا پهلوی,53,0.229,4.1
channel,Fars News,before_war,persons,رئیس‌جمهور آمریکا (US president),55,0.238,4.1
channel,Fars News,before_war,persons,"رئیس‌جمهور (other, mostly Iran)",210,0.908,15.5
channel,Fars News,before_war,israel_naming,رژیم کودک‌کش,0,0.0,0.0
channel,Fars News,before_war,israel_naming,صهیونیست‌های کودک‌کش,0,0.0,0.0
channel,Fars News,before_war,israel_army,ارتش کودک‌کش آمریکا (USA – not counted as Israel),0,0.0,0.0
channel,Fars News,before_war,israel_army,ارتش کودک‌کش (Israel),0,0.0,0.0
channel,Fars News,war,israel_naming,اسرائیل,1108,2.63,52.3
channel,Fars News,war,israel_naming,رژیم صهیونیستی,686,1.628,32.4
channel,Fars News,war,israel_naming,رژیم اشغالگر,28,0.066,1.3
channel,Fars News,war,israel_naming,رژیم غاصب,10,0.024,0.5
channel,Fars News,war,israel_naming,صهیونیست‌ها,230,0.546,10.8
channel,Fars News,war,israel_naming,دشمن صهیونیستی,30,0.071,1.4
channel,Fars News,war,israel_territory,اسرائیل,1108,2.63,57.5
channel,Fars News,war,israel_territory,فلسطین اشغالی,271,0.643,14.1
channel,Fars News,war,israel_territory,سرزمین‌های اشغالی,216,0.513,11.2
channel,Fars News,war,israel_territory,اراضی اشغالی,331,0.786,17.2
channel,Fars News,war,israel_army,ارتش اسرائیل,71,0.169,46.1
channel,Fars News,war,israel_army,ارتش رژیم صهیونیستی,34,0.081,22.1
channel,Fars News,war,israel_army,ارتش صهیونیستی,35,0.083,22.7
channel,Fars News,war,israel_army,ارتش اشغالگر,6,0.014,3.9
channel,Fars News,war,usa_naming,رئیس دولت تروریستی آمریکا,0,0.0,0.0
channel,Fars News,war,usa_naming,ارتش تروریستی آمریکا,53,0.126,1.7
channel,Fars News,war,usa_naming,ارتش کودک‌کش آمریکا,0,0.0,0.0
channel,Fars News,war,usa_naming,ارتش متجاوز آمریکا,9,0.021,0.3
channel,Fars News,war,usa_naming,شیطان بزرگ,7,0.017,0.2
channel,Fars News,war,usa_naming,استکبار,53,0.126,1.7
channel,Fars News,war,usa_naming,ایالات متحده,137,0.325,4.4
channel,Fars News,war,usa_naming,آمریکا,2764,6.56,87.9
channel,Fars News,war,usa_naming,کاخ سفید,49,0.116,1.6
channel,Fars News,war,usa_naming,واشنگتن,74,0.176,2.4
channel,Fars News,war,countries_actors,امارات,293,0.695,8.3
channel,Fars News,war,countries_actors,بحرین,274,0.65,7.7
channel,Fars News,war,countries_actors,کویت,262,0.622,7.4
channel,Fars News,war,countries_actors,قطر,117,0.278,3.3
channel,Fars News,war,countries_actors,"دریای عمان (sea, not the country)",13,0.031,0.4
channel,Fars News,war,countries_actors,عمان,65,0.154,1.8
channel,Fars News,war,countries_actors,عربستان,252,0.598,7.1
channel,Fars News,war,countries_actors,اردن,76,0.18,2.1
channel,Fars News,war,countries_actors,سوریه,23,0.055,0.6
channel,Fars News,war,countries_actors,یمن,98,0.233,2.8
channel,Fars News,war,countries_actors,انصارالله / حوثی‌ها,32,0.076,0.9
channel,Fars News,war,countries_actors,عراق,269,0.638,7.6
channel,Fars News,war,countries_actors,مقاومت عراق / حشد شعبی,65,0.154,1.8
channel,Fars News,war,countries_actors,فلسطین اشغالی (Israel),271,0.643,7.7
channel,Fars News,war,countries_actors,فلسطین,66,0.157,1.9
channel,Fars News,war,countries_actors,غزه,33,0.078,0.9
channel,Fars News,war,countries_actors,حماس,4,0.009,0.1
channel,Fars News,war,countries_actors,حزب‌الله,440,1.044,12.4
channel,Fars News,war,countries_actors,لبنان,270,0.641,7.6
channel,Fars News,war,countries_actors,ترکیه,34,0.081,1.0
channel,Fars News,war,countries_actors,روسیه,87,0.206,2.5
channel,Fars News,war,countries_actors,چین,60,0.142,1.7
channel,Fars News,war,countries_actors,آذربایجان شرقی/غربی (Iranian provinces),21,0.05,0.6
channel,Fars News,war,countries_actors,جمهوری آذربایجان,20,0.047,0.6
channel,Fars News,war,countries_actors,پاکستان,42,0.1,1.2
channel,Fars News,war,countries_actors,آلمان,49,0.116,1.4
channel,Fars News,war,countries_actors,اتحادیه اروپا,71,0.169,2.0
channel,Fars News,war,countries_actors,انگلیس,90,0.214,2.5
channel,Fars News,war,countries_actors,فرانسه,53,0.126,1.5
channel,Fars News,war,countries_actors,ایتالیا,18,0.043,0.5
channel,Fars News,war,countries_actors,اسپانیا,23,0.055,0.6
channel,Fars News,war,crimes,نسل‌کشی,12,0.028,2.1
channel,Fars News,war,crimes,کودک‌کش / کودک‌کشی,67,0.159,12.0
channel,Fars News,war,crimes,جنایت جنگی,51,0.121,9.1
channel,Fars News,war,crimes,جنایت,181,0.43,32.4
channel,Fars News,war,crimes,کشتار,40,0.095,7.2
channel,Fars News,war,crimes,میناب (school attack),208,0.494,37.2
channel,Fars News,war,diplomacy,مذاکره / مذاکرات,156,0.37,39.3
channel,Fars News,war,diplomacy,گفت‌وگو,67,0.159,16.9
channel,Fars News,war,diplomacy,توافق,42,0.1,10.6
channel,Fars News,war,diplomacy,برجام,3,0.007,0.8
channel,Fars News,war,diplomacy,دیپلماسی,23,0.055,5.8
channel,Fars News,war,diplomacy,آتش‌بس,56,0.133,14.1
channel,Fars News,war,diplomacy,صلح,50,0.119,12.6
channel,Fars News,war,diplomacy,تفاهم‌نامه,0,0.0,0.0
channel,Fars News,war,revenge,انتقام سخت,6,0.014,3.6
channel,Fars News,war,revenge,انتقام,107,0.254,64.8
channel,Fars News,war,revenge,خونخواهی,43,0.102,26.1
channel,Fars News,war,revenge,قصاص,2,0.005,1.2
channel,Fars News,war,revenge,پاسخ پشیمان‌کننده / کوبنده,7,0.017,4.2
channel,Fars News,war,persons,ترامپ,1028,2.44,53.4
channel,Fars News,war,persons,نتانیاهو,138,0.328,7.2
channel,Fars News,war,persons,پزشکیان,71,0.169,3.7
channel,Fars News,war,persons,عراقچی,137,0.325,7.1
channel,Fars News,war,persons,بقائی,26,0.062,1.4
channel,Fars News,war,persons,ظریف,8,0.019,0.4
channel,Fars News,war,persons,خاتمی,5,0.012,0.3
channel,Fars News,war,persons,حسن روحانی,3,0.007,0.2
channel,Fars News,war,persons,احمدی‌نژاد,1,0.002,0.1
channel,Fars News,war,persons,قالیباف,112,0.266,5.8
channel,Fars News,war,persons,سخنگوی وزارت امور خارجه,28,0.066,1.5
channel,Fars News,war,persons,وزیر امور خارجه,67,0.159,3.5
channel,Fars News,war,labels_opponents,خائن / خیانت,34,0.081,11.8
channel,Fars News,war,labels_opponents,وطن‌فروش,39,0.093,13.6
channel,Fars News,war,labels_opponents,مزدور,137,0.325,47.7
channel,Fars News,war,labels_opponents,منافقین,35,0.083,12.2
channel,Fars News,war,labels_opponents,اغتشاشگر,5,0.012,1.7
channel,Fars News,war,labels_opponents,ضدانقلاب,37,0.088,12.9
channel,Fars News,war,countries_actors,جهاد اسلامی,0,0.0,0.0
channel,Fars News,war,countries_actors,کتائب حزب‌الله,2,0.005,0.1
channel,Fars News,war,countries_actors,داعش,7,0.017,0.2
channel,Fars News,war,countries_actors,طالبان,4,0.009,0.1
channel,Fars News,war,countries_actors,جیش‌العدل,0,0.0,0.0
channel,Fars News,war,countries_actors,پژاک,1,0.002,0.0
channel,Fars News,war,countries_actors,کومله,8,0.019,0.2
channel,Fars News,war,countries_actors,مجاهدین خلق,0,0.0,0.0
channel,Fars News,war,countries_actors,سلطنت‌طلبان,6,0.014,0.2
channel,Fars News,war,countries_actors,رضا پهلوی,23,0.055,0.6
channel,Fars News,war,persons,رئیس‌جمهور آمریکا (US president),99,0.235,5.1
channel,Fars News,war,persons,"رئیس‌جمهور (other, mostly Iran)",201,0.477,10.4
channel,Fars News,war,israel_naming,رژیم کودک‌کش,27,0.064,1.3
channel,Fars News,war,israel_naming,صهیونیست‌های کودک‌کش,1,0.002,0.0
channel,Fars News,war,israel_army,ارتش کودک‌کش آمریکا (USA – not counted as Israel),0,0.0,0.0
channel,Fars News,war,israel_army,ارتش کودک‌کش (Israel),8,0.019,5.2
channel,Fars News,ceasefire,israel_naming,اسرائیل,1326,2.018,59.5
channel,Fars News,ceasefire,israel_naming,رژیم صهیونیستی,676,1.029,30.3
channel,Fars News,ceasefire,israel_naming,رژیم اشغالگر,27,0.041,1.2
channel,Fars News,ceasefire,israel_naming,رژیم غاصب,4,0.006,0.2
channel,Fars News,ceasefire,israel_naming,صهیونیست‌ها,156,0.237,7.0
channel,Fars News,ceasefire,israel_naming,دشمن صهیونیستی,27,0.041,1.2
channel,Fars News,ceasefire,israel_territory,اسرائیل,1326,2.018,88.0
channel,Fars News,ceasefire,israel_territory,فلسطین اشغالی,66,0.1,4.4
channel,Fars News,ceasefire,israel_territory,سرزمین‌های اشغالی,45,0.068,3.0
channel,Fars News,ceasefire,israel_territory,اراضی اشغالی,69,0.105,4.6
channel,Fars News,ceasefire,israel_army,ارتش اسرائیل,138,0.21,46.8
channel,Fars News,ceasefire,israel_army,ارتش رژیم صهیونیستی,86,0.131,29.2
channel,Fars News,ceasefire,israel_army,ارتش صهیونیستی,38,0.058,12.9
channel,Fars News,ceasefire,israel_army,ارتش اشغالگر,26,0.04,8.8
channel,Fars News,ceasefire,usa_naming,رئیس دولت تروریستی آمریکا,2,0.003,0.1
channel,Fars News,ceasefire,usa_naming,ارتش تروریستی آمریکا,20,0.03,0.5
channel,Fars News,ceasefire,usa_naming,ارتش کودک‌کش آمریکا,4,0.006,0.1
channel,Fars News,ceasefire,usa_naming,ارتش متجاوز آمریکا,12,0.018,0.3
channel,Fars News,ceasefire,usa_naming,شیطان بزرگ,9,0.014,0.2
channel,Fars News,ceasefire,usa_naming,استکبار,33,0.05,0.8
channel,Fars News,ceasefire,usa_naming,ایالات متحده,219,0.333,5.6
channel,Fars News,ceasefire,usa_naming,آمریکا,3304,5.029,84.4
channel,Fars News,ceasefire,usa_naming,کاخ سفید,117,0.178,3.0
channel,Fars News,ceasefire,usa_naming,واشنگتن,196,0.298,5.0
channel,Fars News,ceasefire,countries_actors,امارات,330,0.502,5.4
channel,Fars News,ceasefire,countries_actors,بحرین,113,0.172,1.9
channel,Fars News,ceasefire,countries_actors,کویت,137,0.209,2.3
channel,Fars News,ceasefire,countries_actors,قطر,158,0.241,2.6
channel,Fars News,ceasefire,countries_actors,"دریای عمان (sea, not the country)",47,0.072,0.8
channel,Fars News,ceasefire,countries_actors,عمان,151,0.23,2.5
channel,Fars News,ceasefire,countries_actors,عربستان,223,0.339,3.7
channel,Fars News,ceasefire,countries_actors,اردن,46,0.07,0.8
channel,Fars News,ceasefire,countries_actors,سوریه,68,0.104,1.1
channel,Fars News,ceasefire,countries_actors,یمن,89,0.135,1.5
channel,Fars News,ceasefire,countries_actors,انصارالله / حوثی‌ها,30,0.046,0.5
channel,Fars News,ceasefire,countries_actors,عراق,300,0.457,4.9
channel,Fars News,ceasefire,countries_actors,مقاومت عراق / حشد شعبی,11,0.017,0.2
channel,Fars News,ceasefire,countries_actors,فلسطین اشغالی (Israel),66,0.1,1.1
channel,Fars News,ceasefire,countries_actors,فلسطین,82,0.125,1.3
channel,Fars News,ceasefire,countries_actors,غزه,187,0.285,3.1
channel,Fars News,ceasefire,countries_actors,حماس,42,0.064,0.7
channel,Fars News,ceasefire,countries_actors,حزب‌الله,810,1.233,13.3
channel,Fars News,ceasefire,countries_actors,لبنان,1339,2.038,22.0
channel,Fars News,ceasefire,countries_actors,ترکیه,94,0.143,1.5
channel,Fars News,ceasefire,countries_actors,روسیه,259,0.394,4.3
channel,Fars News,ceasefire,countries_actors,چین,310,0.472,5.1
channel,Fars News,ceasefire,countries_actors,آذربایجان شرقی/غربی (Iranian provinces),19,0.029,0.3
channel,Fars News,ceasefire,countries_actors,جمهوری آذربایجان,52,0.079,0.9
channel,Fars News,ceasefire,countries_actors,پاکستان,412,0.627,6.8
channel,Fars News,ceasefire,countries_actors,آلمان,79,0.12,1.3
channel,Fars News,ceasefire,countries_actors,اتحادیه اروپا,164,0.25,2.7
channel,Fars News,ceasefire,countries_actors,انگلیس,145,0.221,2.4
channel,Fars News,ceasefire,countries_actors,فرانسه,119,0.181,2.0
channel,Fars News,ceasefire,countries_actors,ایتالیا,42,0.064,0.7
channel,Fars News,ceasefire,countries_actors,اسپانیا,72,0.11,1.2
channel,Fars News,ceasefire,crimes,نسل‌کشی,23,0.035,4.3
channel,Fars News,ceasefire,crimes,کودک‌کش / کودک‌کشی,33,0.05,6.2
channel,Fars News,ceasefire,crimes,جنایت جنگی,37,0.056,6.9
channel,Fars News,ceasefire,crimes,جنایت,157,0.239,29.5
channel,Fars News,ceasefire,crimes,کشتار,30,0.046,5.6
channel,Fars News,ceasefire,crimes,میناب (school attack),253,0.385,47.5
channel,Fars News,ceasefire,diplomacy,مذاکره / مذاکرات,1077,1.639,33.8
channel,Fars News,ceasefire,diplomacy,گفت‌وگو,289,0.44,9.1
channel,Fars News,ceasefire,diplomacy,توافق,586,0.892,18.4
channel,Fars News,ceasefire,diplomacy,برجام,25,0.038,0.8
channel,Fars News,ceasefire,diplomacy,دیپلماسی,158,0.241,5.0
channel,Fars News,ceasefire,diplomacy,آتش‌بس,658,1.002,20.7
channel,Fars News,ceasefire,diplomacy,صلح,141,0.215,4.4
channel,Fars News,ceasefire,diplomacy,تفاهم‌نامه,249,0.379,7.8
channel,Fars News,ceasefire,revenge,انتقام سخت,3,0.005,2.1
channel,Fars News,ceasefire,revenge,انتقام,64,0.097,43.8
channel,Fars News,ceasefire,revenge,خونخواهی,45,0.068,30.8
channel,Fars News,ceasefire,revenge,قصاص,22,0.033,15.1
channel,Fars News,ceasefire,revenge,پاسخ پشیمان‌کننده / کوبنده,12,0.018,8.2
channel,Fars News,ceasefire,persons,ترامپ,1605,2.443,39.1
channel,Fars News,ceasefire,persons,نتانیاهو,232,0.353,5.6
channel,Fars News,ceasefire,persons,پزشکیان,339,0.516,8.3
channel,Fars News,ceasefire,persons,عراقچی,297,0.452,7.2
channel,Fars News,ceasefire,persons,بقائی,69,0.105,1.7
channel,Fars News,ceasefire,persons,ظریف,1,0.002,0.0
channel,Fars News,ceasefire,persons,خاتمی,4,0.006,0.1
channel,Fars News,ceasefire,persons,حسن روحانی,0,0.0,0.0
channel,Fars News,ceasefire,persons,احمدی‌نژاد,1,0.002,0.0
channel,Fars News,ceasefire,persons,قالیباف,366,0.557,8.9
channel,Fars News,ceasefire,persons,سخنگوی وزارت امور خارجه,252,0.384,6.1
channel,Fars News,ceasefire,persons,وزیر امور خارجه,280,0.426,6.8
channel,Fars News,ceasefire,labels_opponents,خائن / خیانت,54,0.082,33.5
channel,Fars News,ceasefire,labels_opponents,وطن‌فروش,24,0.037,14.9
channel,Fars News,ceasefire,labels_opponents,مزدور,33,0.05,20.5
channel,Fars News,ceasefire,labels_opponents,منافقین,13,0.02,8.1
channel,Fars News,ceasefire,labels_opponents,اغتشاشگر,6,0.009,3.7
channel,Fars News,ceasefire,labels_opponents,ضدانقلاب,31,0.047,19.3
channel,Fars News,ceasefire,countries_actors,جهاد اسلامی,3,0.005,0.0
channel,Fars News,ceasefire,countries_actors,کتائب حزب‌الله,3,0.005,0.0
channel,Fars News,ceasefire,countries_actors,داعش,9,0.014,0.1
channel,Fars News,ceasefire,countries_actors,طالبان,10,0.015,0.2
channel,Fars News,ceasefire,countries_actors,جیش‌العدل,1,0.002,0.0
channel,Fars News,ceasefire,countries_actors,پژاک,5,0.008,0.1
channel,Fars News,ceasefire,countries_actors,کومله,9,0.014,0.1
channel,Fars News,ceasefire,countries_actors,مجاهدین خلق,3,0.005,0.0
channel,Fars News,ceasefire,countries_actors,سلطنت‌طلبان,10,0.015,0.2
channel,Fars News,ceasefire,countries_actors,رضا پهلوی,34,0.052,0.6
channel,Fars News,ceasefire,persons,رئیس‌جمهور آمریکا (US president),164,0.25,4.0
channel,Fars News,ceasefire,persons,"رئیس‌جمهور (other, mostly Iran)",497,0.757,12.1
channel,Fars News,ceasefire,israel_naming,رژیم کودک‌کش,14,0.021,0.6
channel,Fars News,ceasefire,israel_naming,صهیونیست‌های کودک‌کش,0,0.0,0.0
channel,Fars News,ceasefire,israel_army,ارتش کودک‌کش آمریکا (USA – not counted as Israel),4,0.006,1.4
channel,Fars News,ceasefire,israel_army,ارتش کودک‌کش (Israel),3,0.005,1.0
channel,Fars News,after_truce_collapse,israel_naming,اسرائیل,371,0.949,55.9
channel,Fars News,after_truce_collapse,israel_naming,رژیم صهیونیستی,236,0.603,35.5
channel,Fars News,after_truce_collapse,israel_naming,رژیم اشغالگر,10,0.026,1.5
channel,Fars News,after_truce_collapse,israel_naming,رژیم غاصب,1,0.003,0.2
channel,Fars News,after_truce_collapse,israel_naming,صهیونیست‌ها,35,0.089,5.3
channel,Fars News,after_truce_collapse,israel_naming,دشمن صهیونیستی,6,0.015,0.9
channel,Fars News,after_truce_collapse,israel_territory,اسرائیل,371,0.949,93.7
channel,Fars News,after_truce_collapse,israel_territory,فلسطین اشغالی,8,0.02,2.0
channel,Fars News,after_truce_collapse,israel_territory,سرزمین‌های اشغالی,12,0.031,3.0
channel,Fars News,after_truce_collapse,israel_territory,اراضی اشغالی,5,0.013,1.3
channel,Fars News,after_truce_collapse,israel_army,ارتش اسرائیل,27,0.069,21.6
channel,Fars News,after_truce_collapse,israel_army,ارتش رژیم صهیونیستی,18,0.046,14.4
channel,Fars News,after_truce_collapse,israel_army,ارتش صهیونیستی,7,0.018,5.6
channel,Fars News,after_truce_collapse,israel_army,ارتش اشغالگر,10,0.026,8.0
channel,Fars News,after_truce_collapse,usa_naming,رئیس دولت تروریستی آمریکا,0,0.0,0.0
channel,Fars News,after_truce_collapse,usa_naming,ارتش تروریستی آمریکا,72,0.184,2.8
channel,Fars News,after_truce_collapse,usa_naming,ارتش کودک‌کش آمریکا,47,0.12,1.8
channel,Fars News,after_truce_collapse,usa_naming,ارتش متجاوز آمریکا,15,0.038,0.6
channel,Fars News,after_truce_collapse,usa_naming,شیطان بزرگ,15,0.038,0.6
channel,Fars News,after_truce_collapse,usa_naming,استکبار,19,0.049,0.7
channel,Fars News,after_truce_collapse,usa_naming,ایالات متحده,61,0.156,2.4
channel,Fars News,after_truce_collapse,usa_naming,آمریکا,2203,5.632,85.8
channel,Fars News,after_truce_collapse,usa_naming,کاخ سفید,42,0.107,1.6
channel,Fars News,after_truce_collapse,usa_naming,واشنگتن,94,0.24,3.7
channel,Fars News,after_truce_collapse,countries_actors,امارات,143,0.366,3.3
channel,Fars News,after_truce_collapse,countries_actors,بحرین,206,0.527,4.7
channel,Fars News,after_truce_collapse,countries_actors,کویت,290,0.741,6.7
channel,Fars News,after_truce_collapse,countries_actors,قطر,143,0.366,3.3
channel,Fars News,after_truce_collapse,countries_actors,"دریای عمان (sea, not the country)",26,0.066,0.6
channel,Fars News,after_truce_collapse,countries_actors,عمان,162,0.414,3.7
channel,Fars News,after_truce_collapse,countries_actors,عربستان,550,1.406,12.6
channel,Fars News,after_truce_collapse,countries_actors,اردن,200,0.511,4.6
channel,Fars News,after_truce_collapse,countries_actors,سوریه,58,0.148,1.3
channel,Fars News,after_truce_collapse,countries_actors,یمن,353,0.903,8.1
channel,Fars News,after_truce_collapse,countries_actors,انصارالله / حوثی‌ها,61,0.156,1.4
channel,Fars News,after_truce_collapse,countries_actors,عراق,524,1.34,12.0
channel,Fars News,after_truce_collapse,countries_actors,مقاومت عراق / حشد شعبی,17,0.043,0.4
channel,Fars News,after_truce_collapse,countries_actors,فلسطین اشغالی (Israel),8,0.02,0.2
channel,Fars News,after_truce_collapse,countries_actors,فلسطین,77,0.197,1.8
channel,Fars News,after_truce_collapse,countries_actors,غزه,130,0.332,3.0
channel,Fars News,after_truce_collapse,countries_actors,حماس,39,0.1,0.9
channel,Fars News,after_truce_collapse,countries_actors,حزب‌الله,80,0.205,1.8
channel,Fars News,after_truce_collapse,countries_actors,لبنان,279,0.713,6.4
channel,Fars News,after_truce_collapse,countries_actors,ترکیه,96,0.245,2.2
channel,Fars News,after_truce_collapse,countries_actors,روسیه,206,0.527,4.7
channel,Fars News,after_truce_collapse,countries_actors,چین,103,0.263,2.4
channel,Fars News,after_truce_collapse,countries_actors,آذربایجان شرقی/غربی (Iranian provinces),11,0.028,0.3
channel,Fars News,after_truce_collapse,countries_actors,جمهوری آذربایجان,17,0.043,0.4
channel,Fars News,after_truce_collapse,countries_actors,پاکستان,87,0.222,2.0
channel,Fars News,after_truce_collapse,countries_actors,آلمان,28,0.072,0.6
channel,Fars News,after_truce_collapse,countries_actors,اتحادیه اروپا,77,0.197,1.8
channel,Fars News,after_truce_collapse,countries_actors,انگلیس,159,0.407,3.6
channel,Fars News,after_truce_collapse,countries_actors,فرانسه,80,0.205,1.8
channel,Fars News,after_truce_collapse,countries_actors,ایتالیا,9,0.023,0.2
channel,Fars News,after_truce_collapse,countries_actors,اسپانیا,76,0.194,1.7
channel,Fars News,after_truce_collapse,crimes,نسل‌کشی,11,0.028,2.9
channel,Fars News,after_truce_collapse,crimes,کودک‌کش / کودک‌کشی,81,0.207,21.3
channel,Fars News,after_truce_collapse,crimes,جنایت جنگی,27,0.069,7.1
channel,Fars News,after_truce_collapse,crimes,جنایت,135,0.345,35.5
channel,Fars News,after_truce_collapse,crimes,کشتار,15,0.038,3.9
channel,Fars News,after_truce_collapse,crimes,میناب (school attack),111,0.284,29.2
channel,Fars News,after_truce_collapse,diplomacy,مذاکره / مذاکرات,260,0.665,31.4
channel,Fars News,after_truce_collapse,diplomacy,گفت‌وگو,122,0.312,14.8
channel,Fars News,after_truce_collapse,diplomacy,توافق,151,0.386,18.3
channel,Fars News,after_truce_collapse,diplomacy,برجام,17,0.043,2.1
channel,Fars News,after_truce_collapse,diplomacy,دیپلماسی,44,0.112,5.3
channel,Fars News,after_truce_collapse,diplomacy,آتش‌بس,52,0.133,6.3
channel,Fars News,after_truce_collapse,diplomacy,صلح,61,0.156,7.4
channel,Fars News,after_truce_collapse,diplomacy,تفاهم‌نامه,120,0.307,14.5
channel,Fars News,after_truce_collapse,revenge,انتقام سخت,0,0.0,0.0
channel,Fars News,after_truce_collapse,revenge,انتقام,104,0.266,44.6
channel,Fars News,after_truce_collapse,revenge,خونخواهی,113,0.289,48.5
channel,Fars News,after_truce_collapse,revenge,قصاص,12,0.031,5.2
channel,Fars News,after_truce_collapse,revenge,پاسخ پشیمان‌کننده / کوبنده,4,0.01,1.7
channel,Fars News,after_truce_collapse,persons,ترامپ,752,1.923,39.5
channel,Fars News,after_truce_collapse,persons,نتانیاهو,88,0.225,4.6
channel,Fars News,after_truce_collapse,persons,پزشکیان,216,0.552,11.4
channel,Fars News,after_truce_collapse,persons,عراقچی,106,0.271,5.6
channel,Fars News,after_truce_collapse,persons,بقائی,34,0.087,1.8
channel,Fars News,after_truce_collapse,persons,ظریف,5,0.013,0.3
channel,Fars News,after_truce_collapse,persons,خاتمی,7,0.018,0.4
channel,Fars News,after_truce_collapse,persons,حسن روحانی,0,0.0,0.0
channel,Fars News,after_truce_collapse,persons,احمدی‌نژاد,0,0.0,0.0
channel,Fars News,after_truce_collapse,persons,قالیباف,128,0.327,6.7
channel,Fars News,after_truce_collapse,persons,سخنگوی وزارت امور خارجه,100,0.256,5.3
channel,Fars News,after_truce_collapse,persons,وزیر امور خارجه,100,0.256,5.3
channel,Fars News,after_truce_collapse,labels_opponents,خائن / خیانت,12,0.031,10.8
channel,Fars News,after_truce_collapse,labels_opponents,وطن‌فروش,5,0.013,4.5
channel,Fars News,after_truce_collapse,labels_opponents,مزدور,48,0.123,43.2
channel,Fars News,after_truce_collapse,labels_opponents,منافقین,9,0.023,8.1
channel,Fars News,after_truce_collapse,labels_opponents,اغتشاشگر,9,0.023,8.1
channel,Fars News,after_truce_collapse,labels_opponents,ضدانقلاب,28,0.072,25.2
channel,Fars News,after_truce_collapse,countries_actors,جهاد اسلامی,1,0.003,0.0
channel,Fars News,after_truce_collapse,countries_actors,کتائب حزب‌الله,4,0.01,0.1
channel,Fars News,after_truce_collapse,countries_actors,داعش,11,0.028,0.3
channel,Fars News,after_truce_collapse,countries_actors,طالبان,6,0.015,0.1
channel,Fars News,after_truce_collapse,countries_actors,جیش‌العدل,0,0.0,0.0
channel,Fars News,after_truce_collapse,countries_actors,پژاک,5,0.013,0.1
channel,Fars News,after_truce_collapse,countries_actors,کومله,5,0.013,0.1
channel,Fars News,after_truce_collapse,countries_actors,مجاهدین خلق,0,0.0,0.0
channel,Fars News,after_truce_collapse,countries_actors,سلطنت‌طلبان,8,0.02,0.2
channel,Fars News,after_truce_collapse,countries_actors,رضا پهلوی,24,0.061,0.6
channel,Fars News,after_truce_collapse,persons,رئیس‌جمهور آمریکا (US president),95,0.243,5.0
channel,Fars News,after_truce_collapse,persons,"رئیس‌جمهور (other, mostly Iran)",271,0.693,14.2
channel,Fars News,after_truce_collapse,israel_naming,رژیم کودک‌کش,5,0.013,0.8
channel,Fars News,after_truce_collapse,israel_naming,صهیونیست‌های کودک‌کش,0,0.0,0.0
channel,Fars News,after_truce_collapse,israel_army,ارتش کودک‌کش آمریکا (USA – not counted as Israel),47,0.12,37.6
channel,Fars News,after_truce_collapse,israel_army,ارتش کودک‌کش (Israel),16,0.041,12.8
channel,Jamaran,all,israel_naming,اسرائیل,6041,2.019,65.0
channel,Jamaran,all,israel_naming,رژیم صهیونیستی,2702,0.903,29.1
channel,Jamaran,all,israel_naming,رژیم اشغالگر,119,0.04,1.3
channel,Jamaran,all,israel_naming,رژیم غاصب,30,0.01,0.3
channel,Jamaran,all,israel_naming,صهیونیست‌ها,294,0.098,3.2
channel,Jamaran,all,israel_naming,دشمن صهیونیستی,61,0.02,0.7
channel,Jamaran,all,israel_territory,اسرائیل,6041,2.019,88.0
channel,Jamaran,all,israel_territory,فلسطین اشغالی,217,0.073,3.2
channel,Jamaran,all,israel_territory,سرزمین‌های اشغالی,425,0.142,6.2
channel,Jamaran,all,israel_territory,اراضی اشغالی,181,0.061,2.6
channel,Jamaran,all,israel_army,ارتش اسرائیل,301,0.101,49.0
channel,Jamaran,all,israel_army,ارتش رژیم صهیونیستی,180,0.06,29.3
channel,Jamaran,all,israel_army,ارتش صهیونیستی,45,0.015,7.3
channel,Jamaran,all,israel_army,ارتش اشغالگر,33,0.011,5.4
channel,Jamaran,all,usa_naming,رئیس دولت تروریستی آمریکا,14,0.005,0.1
channel,Jamaran,all,usa_naming,ارتش تروریستی آمریکا,220,0.074,1.0
channel,Jamaran,all,usa_naming,ارتش کودک‌کش آمریکا,39,0.013,0.2
channel,Jamaran,all,usa_naming,ارتش متجاوز آمریکا,31,0.01,0.1
channel,Jamaran,all,usa_naming,شیطان بزرگ,31,0.01,0.1
channel,Jamaran,all,usa_naming,استکبار,122,0.041,0.6
channel,Jamaran,all,usa_naming,ایالات متحده,2376,0.794,10.8
channel,Jamaran,all,usa_naming,آمریکا,16769,5.606,76.2
channel,Jamaran,all,usa_naming,کاخ سفید,624,0.209,2.8
channel,Jamaran,all,usa_naming,واشنگتن,1793,0.599,8.1
channel,Jamaran,all,countries_actors,امارات,1160,0.388,4.5
channel,Jamaran,all,countries_actors,بحرین,510,0.17,2.0
channel,Jamaran,all,countries_actors,کویت,714,0.239,2.8
channel,Jamaran,all,countries_actors,قطر,906,0.303,3.5
channel,Jamaran,all,countries_actors,"دریای عمان (sea, not the country)",98,0.033,0.4
channel,Jamaran,all,countries_actors,عمان,1011,0.338,4.0
channel,Jamaran,all,countries_actors,عربستان,1461,0.488,5.7
channel,Jamaran,all,countries_actors,اردن,378,0.126,1.5
channel,Jamaran,all,countries_actors,سوریه,479,0.16,1.9
channel,Jamaran,all,countries_actors,یمن,555,0.186,2.2
channel,Jamaran,all,countries_actors,انصارالله / حوثی‌ها,218,0.073,0.9
channel,Jamaran,all,countries_actors,عراق,1842,0.616,7.2
channel,Jamaran,all,countries_actors,مقاومت عراق / حشد شعبی,84,0.028,0.3
channel,Jamaran,all,countries_actors,فلسطین اشغالی (Israel),217,0.073,0.8
channel,Jamaran,all,countries_actors,فلسطین,377,0.126,1.5
channel,Jamaran,all,countries_actors,غزه,676,0.226,2.6
channel,Jamaran,all,countries_actors,حماس,193,0.065,0.8
channel,Jamaran,all,countries_actors,حزب‌الله,1325,0.443,5.2
channel,Jamaran,all,countries_actors,لبنان,3148,1.052,12.3
channel,Jamaran,all,countries_actors,ترکیه,849,0.284,3.3
channel,Jamaran,all,countries_actors,روسیه,2080,0.695,8.1
channel,Jamaran,all,countries_actors,چین,1524,0.509,6.0
channel,Jamaran,all,countries_actors,آذربایجان شرقی/غربی (Iranian provinces),88,0.029,0.3
channel,Jamaran,all,countries_actors,جمهوری آذربایجان,222,0.074,0.9
channel,Jamaran,all,countries_actors,پاکستان,1743,0.583,6.8
channel,Jamaran,all,countries_actors,آلمان,402,0.134,1.6
channel,Jamaran,all,countries_actors,اتحادیه اروپا,1040,0.348,4.1
channel,Jamaran,all,countries_actors,انگلیس,788,0.263,3.1
channel,Jamaran,all,countries_actors,فرانسه,611,0.204,2.4
channel,Jamaran,all,countries_actors,ایتالیا,199,0.067,0.8
channel,Jamaran,all,countries_actors,اسپانیا,263,0.088,1.0
channel,Jamaran,all,crimes,نسل‌کشی,147,0.049,6.5
channel,Jamaran,all,crimes,کودک‌کش / کودک‌کشی,170,0.057,7.6
channel,Jamaran,all,crimes,جنایت جنگی,275,0.092,12.2
channel,Jamaran,all,crimes,جنایت,747,0.25,33.3
channel,Jamaran,all,crimes,کشتار,195,0.065,8.7
channel,Jamaran,all,crimes,میناب (school attack),712,0.238,31.7
channel,Jamaran,all,diplomacy,مذاکره / مذاکرات,5782,1.933,35.9
channel,Jamaran,all,diplomacy,گفت‌وگو,1638,0.548,10.2
channel,Jamaran,all,diplomacy,توافق,3376,1.129,20.9
channel,Jamaran,all,diplomacy,برجام,156,0.052,1.0
channel,Jamaran,all,diplomacy,دیپلماسی,1224,0.409,7.6
channel,Jamaran,all,diplomacy,آتش‌بس,1709,0.571,10.6
channel,Jamaran,all,diplomacy,صلح,1262,0.422,7.8
channel,Jamaran,all,diplomacy,تفاهم‌نامه,981,0.328,6.1
channel,Jamaran,all,revenge,انتقام سخت,6,0.002,1.8
channel,Jamaran,all,revenge,انتقام,208,0.07,60.8
channel,Jamaran,all,revenge,خونخواهی,53,0.018,15.5
channel,Jamaran,all,revenge,قصاص,48,0.016,14.0
channel,Jamaran,all,revenge,پاسخ پشیمان‌کننده / کوبنده,27,0.009,7.9
channel,Jamaran,all,persons,ترامپ,9291,3.106,38.4
channel,Jamaran,all,persons,نتانیاهو,1508,0.504,6.2
channel,Jamaran,all,persons,پزشکیان,1683,0.563,7.0
channel,Jamaran,all,persons,عراقچی,1387,0.464,5.7
channel,Jamaran,all,persons,بقائی,380,0.127,1.6
channel,Jamaran,all,persons,ظریف,186,0.062,0.8
channel,Jamaran,all,persons,خاتمی,366,0.122,1.5
channel,Jamaran,all,persons,حسن روحانی,78,0.026,0.3
channel,Jamaran,all,persons,احمدی‌نژاد,49,0.016,0.2
channel,Jamaran,all,persons,قالیباف,821,0.274,3.4
channel,Jamaran,all,persons,سخنگوی وزارت امور خارجه,869,0.29,3.6
channel,Jamaran,all,persons,وزیر امور خارجه,2397,0.801,9.9
channel,Jamaran,all,labels_opponents,خائن / خیانت,210,0.07,32.5
channel,Jamaran,all,labels_opponents,وطن‌فروش,44,0.015,6.8
channel,Jamaran,all,labels_opponents,مزدور,137,0.046,21.2
channel,Jamaran,all,labels_opponents,منافقین,83,0.028,12.8
channel,Jamaran,all,labels_opponents,اغتشاشگر,106,0.035,16.4
channel,Jamaran,all,labels_opponents,ضدانقلاب,66,0.022,10.2
channel,Jamaran,all,countries_actors,جهاد اسلامی,6,0.002,0.0
channel,Jamaran,all,countries_actors,کتائب حزب‌الله,14,0.005,0.1
channel,Jamaran,all,countries_actors,داعش,74,0.025,0.3
channel,Jamaran,all,countries_actors,طالبان,101,0.034,0.4
channel,Jamaran,all,countries_actors,جیش‌العدل,4,0.001,0.0
channel,Jamaran,all,countries_actors,پژاک,28,0.009,0.1
channel,Jamaran,all,countries_actors,کومله,16,0.005,0.1
channel,Jamaran,all,countries_actors,مجاهدین خلق,14,0.005,0.1
channel,Jamaran,all,countries_actors,سلطنت‌طلبان,32,0.011,0.1
channel,Jamaran,all,countries_actors,رضا پهلوی,110,0.037,0.4
channel,Jamaran,all,persons,رئیس‌جمهور آمریکا (US president),848,0.283,3.5
channel,Jamaran,all,persons,"رئیس‌جمهور (other, mostly Iran)",4304,1.439,17.8
channel,Jamaran,all,israel_naming,رژیم کودک‌کش,47,0.016,0.5
channel,Jamaran,all,israel_naming,صهیونیست‌های کودک‌کش,1,0.0,0.0
channel,Jamaran,all,israel_army,ارتش کودک‌کش آمریکا (USA – not counted as Israel),39,0.013,6.4
channel,Jamaran,all,israel_army,ارتش کودک‌کش (Israel),16,0.005,2.6
channel,Jamaran,before_war,israel_naming,اسرائیل,596,1.272,65.9
channel,Jamaran,before_war,israel_naming,رژیم صهیونیستی,251,0.536,27.8
channel,Jamaran,before_war,israel_naming,رژیم اشغالگر,22,0.047,2.4
channel,Jamaran,before_war,israel_naming,رژیم غاصب,1,0.002,0.1
channel,Jamaran,before_war,israel_naming,صهیونیست‌ها,32,0.068,3.5
channel,Jamaran,before_war,israel_naming,دشمن صهیونیستی,1,0.002,0.1
channel,Jamaran,before_war,israel_territory,اسرائیل,596,1.272,91.1
channel,Jamaran,before_war,israel_territory,فلسطین اشغالی,19,0.041,2.9
channel,Jamaran,before_war,israel_territory,سرزمین‌های اشغالی,25,0.053,3.8
channel,Jamaran,before_war,israel_territory,اراضی اشغالی,14,0.03,2.1
channel,Jamaran,before_war,israel_army,ارتش اسرائیل,18,0.038,54.5
channel,Jamaran,before_war,israel_army,ارتش رژیم صهیونیستی,12,0.026,36.4
channel,Jamaran,before_war,israel_army,ارتش صهیونیستی,1,0.002,3.0
channel,Jamaran,before_war,israel_army,ارتش اشغالگر,2,0.004,6.1
channel,Jamaran,before_war,usa_naming,رئیس دولت تروریستی آمریکا,0,0.0,0.0
channel,Jamaran,before_war,usa_naming,ارتش تروریستی آمریکا,0,0.0,0.0
channel,Jamaran,before_war,usa_naming,ارتش کودک‌کش آمریکا,0,0.0,0.0
channel,Jamaran,before_war,usa_naming,ارتش متجاوز آمریکا,0,0.0,0.0
channel,Jamaran,before_war,usa_naming,شیطان بزرگ,4,0.009,0.1
channel,Jamaran,before_war,usa_naming,استکبار,15,0.032,0.5
channel,Jamaran,before_war,usa_naming,ایالات متحده,367,0.783,11.7
channel,Jamaran,before_war,usa_naming,آمریکا,2359,5.033,75.3
channel,Jamaran,before_war,usa_naming,کاخ سفید,100,0.213,3.2
channel,Jamaran,before_war,usa_naming,واشنگتن,288,0.614,9.2
channel,Jamaran,before_war,countries_actors,امارات,69,0.147,2.1
channel,Jamaran,before_war,countries_actors,بحرین,7,0.015,0.2
channel,Jamaran,before_war,countries_actors,کویت,21,0.045,0.6
channel,Jamaran,before_war,countries_actors,قطر,132,0.282,3.9
channel,Jamaran,before_war,countries_actors,"دریای عمان (sea, not the country)",8,0.017,0.2
channel,Jamaran,before_war,countries_actors,عمان,216,0.461,6.4
channel,Jamaran,before_war,countries_actors,عربستان,150,0.32,4.5
channel,Jamaran,before_war,countries_actors,اردن,38,0.081,1.1
channel,Jamaran,before_war,countries_actors,سوریه,125,0.267,3.7
channel,Jamaran,before_war,countries_actors,یمن,42,0.09,1.2
channel,Jamaran,before_war,countries_actors,انصارالله / حوثی‌ها,29,0.062,0.9
channel,Jamaran,before_war,countries_actors,عراق,223,0.476,6.6
channel,Jamaran,before_war,countries_actors,مقاومت عراق / حشد شعبی,2,0.004,0.1
channel,Jamaran,before_war,countries_actors,فلسطین اشغالی (Israel),19,0.041,0.6
channel,Jamaran,before_war,countries_actors,فلسطین,65,0.139,1.9
channel,Jamaran,before_war,countries_actors,غزه,174,0.371,5.2
channel,Jamaran,before_war,countries_actors,حماس,47,0.1,1.4
channel,Jamaran,before_war,countries_actors,حزب‌الله,83,0.177,2.5
channel,Jamaran,before_war,countries_actors,لبنان,171,0.365,5.1
channel,Jamaran,before_war,countries_actors,ترکیه,179,0.382,5.3
channel,Jamaran,before_war,countries_actors,روسیه,461,0.984,13.7
channel,Jamaran,before_war,countries_actors,چین,196,0.418,5.8
channel,Jamaran,before_war,countries_actors,آذربایجان شرقی/غربی (Iranian provinces),22,0.047,0.7
channel,Jamaran,before_war,countries_actors,جمهوری آذربایجان,53,0.113,1.6
channel,Jamaran,before_war,countries_actors,پاکستان,144,0.307,4.3
channel,Jamaran,before_war,countries_actors,آلمان,77,0.164,2.3
channel,Jamaran,before_war,countries_actors,اتحادیه اروپا,237,0.506,7.0
channel,Jamaran,before_war,countries_actors,انگلیس,104,0.222,3.1
channel,Jamaran,before_war,countries_actors,فرانسه,99,0.211,2.9
channel,Jamaran,before_war,countries_actors,ایتالیا,26,0.055,0.8
channel,Jamaran,before_war,countries_actors,اسپانیا,6,0.013,0.2
channel,Jamaran,before_war,crimes,نسل‌کشی,29,0.062,24.4
channel,Jamaran,before_war,crimes,کودک‌کش / کودک‌کشی,3,0.006,2.5
channel,Jamaran,before_war,crimes,جنایت جنگی,6,0.013,5.0
channel,Jamaran,before_war,crimes,جنایت,55,0.117,46.2
channel,Jamaran,before_war,crimes,کشتار,25,0.053,21.0
channel,Jamaran,before_war,crimes,میناب (school attack),1,0.002,0.8
channel,Jamaran,before_war,diplomacy,مذاکره / مذاکرات,1207,2.575,48.4
channel,Jamaran,before_war,diplomacy,گفت‌وگو,334,0.713,13.4
channel,Jamaran,before_war,diplomacy,توافق,459,0.979,18.4
channel,Jamaran,before_war,diplomacy,برجام,38,0.081,1.5
channel,Jamaran,before_war,diplomacy,دیپلماسی,228,0.486,9.1
channel,Jamaran,before_war,diplomacy,آتش‌بس,33,0.07,1.3
channel,Jamaran,before_war,diplomacy,صلح,185,0.395,7.4
channel,Jamaran,before_war,diplomacy,تفاهم‌نامه,11,0.023,0.4
channel,Jamaran,before_war,revenge,انتقام سخت,0,0.0,0.0
channel,Jamaran,before_war,revenge,انتقام,7,0.015,43.8
channel,Jamaran,before_war,revenge,خونخواهی,1,0.002,6.2
channel,Jamaran,before_war,revenge,قصاص,5,0.011,31.2
channel,Jamaran,before_war,revenge,پاسخ پشیمان‌کننده / کوبنده,3,0.006,18.8
channel,Jamaran,before_war,persons,ترامپ,1414,3.017,32.5
channel,Jamaran,before_war,persons,نتانیاهو,224,0.478,5.2
channel,Jamaran,before_war,persons,پزشکیان,333,0.71,7.7
channel,Jamaran,before_war,persons,عراقچی,355,0.757,8.2
channel,Jamaran,before_war,persons,بقائی,48,0.102,1.1
channel,Jamaran,before_war,persons,ظریف,18,0.038,0.4
channel,Jamaran,before_war,persons,خاتمی,40,0.085,0.9
channel,Jamaran,before_war,persons,حسن روحانی,18,0.038,0.4
channel,Jamaran,before_war,persons,احمدی‌نژاد,3,0.006,0.1
channel,Jamaran,before_war,persons,قالیباف,46,0.098,1.1
channel,Jamaran,before_war,persons,سخنگوی وزارت امور خارجه,146,0.311,3.4
channel,Jamaran,before_war,persons,وزیر امور خارجه,587,1.252,13.5
channel,Jamaran,before_war,labels_opponents,خائن / خیانت,25,0.053,15.5
channel,Jamaran,before_war,labels_opponents,وطن‌فروش,1,0.002,0.6
channel,Jamaran,before_war,labels_opponents,مزدور,9,0.019,5.6
channel,Jamaran,before_war,labels_opponents,منافقین,21,0.045,13.0
channel,Jamaran,before_war,labels_opponents,اغتشاشگر,87,0.186,54.0
channel,Jamaran,before_war,labels_opponents,ضدانقلاب,18,0.038,11.2
channel,Jamaran,before_war,countries_actors,جهاد اسلامی,2,0.004,0.1
channel,Jamaran,before_war,countries_actors,کتائب حزب‌الله,2,0.004,0.1
channel,Jamaran,before_war,countries_actors,داعش,42,0.09,1.2
channel,Jamaran,before_war,countries_actors,طالبان,47,0.1,1.4
channel,Jamaran,before_war,countries_actors,جیش‌العدل,1,0.002,0.0
channel,Jamaran,before_war,countries_actors,پژاک,5,0.011,0.1
channel,Jamaran,before_war,countries_actors,کومله,0,0.0,0.0
channel,Jamaran,before_war,countries_actors,مجاهدین خلق,2,0.004,0.1
channel,Jamaran,before_war,countries_actors,سلطنت‌طلبان,10,0.021,0.3
channel,Jamaran,before_war,countries_actors,رضا پهلوی,28,0.06,0.8
channel,Jamaran,before_war,persons,رئیس‌جمهور آمریکا (US president),206,0.44,4.7
channel,Jamaran,before_war,persons,"رئیس‌جمهور (other, mostly Iran)",911,1.944,20.9
channel,Jamaran,before_war,israel_naming,رژیم کودک‌کش,1,0.002,0.1
channel,Jamaran,before_war,israel_naming,صهیونیست‌های کودک‌کش,0,0.0,0.0
channel,Jamaran,before_war,israel_army,ارتش کودک‌کش آمریکا (USA – not counted as Israel),0,0.0,0.0
channel,Jamaran,before_war,israel_army,ارتش کودک‌کش (Israel),0,0.0,0.0
channel,Jamaran,war,israel_naming,اسرائیل,1876,2.914,61.4
channel,Jamaran,war,israel_naming,رژیم صهیونیستی,955,1.484,31.2
channel,Jamaran,war,israel_naming,رژیم اشغالگر,35,0.054,1.1
channel,Jamaran,war,israel_naming,رژیم غاصب,21,0.033,0.7
channel,Jamaran,war,israel_naming,صهیونیست‌ها,110,0.171,3.6
channel,Jamaran,war,israel_naming,دشمن صهیونیستی,31,0.048,1.0
channel,Jamaran,war,israel_territory,اسرائیل,1876,2.914,78.2
channel,Jamaran,war,israel_territory,فلسطین اشغالی,129,0.2,5.4
channel,Jamaran,war,israel_territory,سرزمین‌های اشغالی,280,0.435,11.7
channel,Jamaran,war,israel_territory,اراضی اشغالی,113,0.176,4.7
channel,Jamaran,war,israel_army,ارتش اسرائیل,88,0.137,50.9
channel,Jamaran,war,israel_army,ارتش رژیم صهیونیستی,54,0.084,31.2
channel,Jamaran,war,israel_army,ارتش صهیونیستی,18,0.028,10.4
channel,Jamaran,war,israel_army,ارتش اشغالگر,9,0.014,5.2
channel,Jamaran,war,usa_naming,رئیس دولت تروریستی آمریکا,0,0.0,0.0
channel,Jamaran,war,usa_naming,ارتش تروریستی آمریکا,45,0.07,0.9
channel,Jamaran,war,usa_naming,ارتش کودک‌کش آمریکا,1,0.002,0.0
channel,Jamaran,war,usa_naming,ارتش متجاوز آمریکا,6,0.009,0.1
channel,Jamaran,war,usa_naming,شیطان بزرگ,2,0.003,0.0
channel,Jamaran,war,usa_naming,استکبار,42,0.065,0.8
channel,Jamaran,war,usa_naming,ایالات متحده,577,0.896,10.9
channel,Jamaran,war,usa_naming,آمریکا,4229,6.57,80.2
channel,Jamaran,war,usa_naming,کاخ سفید,118,0.183,2.2
channel,Jamaran,war,usa_naming,واشنگتن,250,0.388,4.7
channel,Jamaran,war,countries_actors,امارات,299,0.464,5.9
channel,Jamaran,war,countries_actors,بحرین,214,0.332,4.2
channel,Jamaran,war,countries_actors,کویت,214,0.332,4.2
channel,Jamaran,war,countries_actors,قطر,164,0.255,3.2
channel,Jamaran,war,countries_actors,"دریای عمان (sea, not the country)",11,0.017,0.2
channel,Jamaran,war,countries_actors,عمان,119,0.185,2.4
channel,Jamaran,war,countries_actors,عربستان,253,0.393,5.0
channel,Jamaran,war,countries_actors,اردن,58,0.09,1.1
channel,Jamaran,war,countries_actors,سوریه,63,0.098,1.2
channel,Jamaran,war,countries_actors,یمن,74,0.115,1.5
channel,Jamaran,war,countries_actors,انصارالله / حوثی‌ها,33,0.051,0.7
channel,Jamaran,war,countries_actors,عراق,424,0.659,8.4
channel,Jamaran,war,countries_actors,مقاومت عراق / حشد شعبی,41,0.064,0.8
channel,Jamaran,war,countries_actors,فلسطین اشغالی (Israel),129,0.2,2.5
channel,Jamaran,war,countries_actors,فلسطین,86,0.134,1.7
channel,Jamaran,war,countries_actors,غزه,74,0.115,1.5
channel,Jamaran,war,countries_actors,حماس,6,0.009,0.1
channel,Jamaran,war,countries_actors,حزب‌الله,417,0.648,8.2
channel,Jamaran,war,countries_actors,لبنان,395,0.614,7.8
channel,Jamaran,war,countries_actors,ترکیه,187,0.29,3.7
channel,Jamaran,war,countries_actors,روسیه,460,0.715,9.1
channel,Jamaran,war,countries_actors,چین,245,0.381,4.8
channel,Jamaran,war,countries_actors,آذربایجان شرقی/غربی (Iranian provinces),23,0.036,0.5
channel,Jamaran,war,countries_actors,جمهوری آذربایجان,50,0.078,1.0
channel,Jamaran,war,countries_actors,پاکستان,170,0.264,3.4
channel,Jamaran,war,countries_actors,آلمان,84,0.13,1.7
channel,Jamaran,war,countries_actors,اتحادیه اروپا,237,0.368,4.7
channel,Jamaran,war,countries_actors,انگلیس,202,0.314,4.0
channel,Jamaran,war,countries_actors,فرانسه,156,0.242,3.1
channel,Jamaran,war,countries_actors,ایتالیا,34,0.053,0.7
channel,Jamaran,war,countries_actors,اسپانیا,59,0.092,1.2
channel,Jamaran,war,crimes,نسل‌کشی,31,0.048,3.4
channel,Jamaran,war,crimes,کودک‌کش / کودک‌کشی,70,0.109,7.7
channel,Jamaran,war,crimes,جنایت جنگی,133,0.207,14.7
channel,Jamaran,war,crimes,جنایت,295,0.458,32.6
channel,Jamaran,war,crimes,کشتار,74,0.115,8.2
channel,Jamaran,war,crimes,میناب (school attack),301,0.468,33.3
channel,Jamaran,war,diplomacy,مذاکره / مذاکرات,536,0.833,36.0
channel,Jamaran,war,diplomacy,گفت‌وگو,215,0.334,14.5
channel,Jamaran,war,diplomacy,توافق,167,0.259,11.2
channel,Jamaran,war,diplomacy,برجام,13,0.02,0.9
channel,Jamaran,war,diplomacy,دیپلماسی,169,0.263,11.4
channel,Jamaran,war,diplomacy,آتش‌بس,167,0.259,11.2
channel,Jamaran,war,diplomacy,صلح,216,0.336,14.5
channel,Jamaran,war,diplomacy,تفاهم‌نامه,4,0.006,0.3
channel,Jamaran,war,revenge,انتقام سخت,2,0.003,2.5
channel,Jamaran,war,revenge,انتقام,62,0.096,78.5
channel,Jamaran,war,revenge,خونخواهی,8,0.012,10.1
channel,Jamaran,war,revenge,قصاص,2,0.003,2.5
channel,Jamaran,war,revenge,پاسخ پشیمان‌کننده / کوبنده,5,0.008,6.3
channel,Jamaran,war,persons,ترامپ,2169,3.369,46.6
channel,Jamaran,war,persons,نتانیاهو,256,0.398,5.5
channel,Jamaran,war,persons,پزشکیان,212,0.329,4.6
channel,Jamaran,war,persons,عراقچی,278,0.432,6.0
channel,Jamaran,war,persons,بقائی,42,0.065,0.9
channel,Jamaran,war,persons,ظریف,89,0.138,1.9
channel,Jamaran,war,persons,خاتمی,21,0.033,0.5
channel,Jamaran,war,persons,حسن روحانی,15,0.023,0.3
channel,Jamaran,war,persons,احمدی‌نژاد,5,0.008,0.1
channel,Jamaran,war,persons,قالیباف,95,0.148,2.0
channel,Jamaran,war,persons,سخنگوی وزارت امور خارجه,115,0.179,2.5
channel,Jamaran,war,persons,وزیر امور خارجه,496,0.771,10.7
channel,Jamaran,war,labels_opponents,خائن / خیانت,50,0.078,25.6
channel,Jamaran,war,labels_opponents,وطن‌فروش,24,0.037,12.3
channel,Jamaran,war,labels_opponents,مزدور,81,0.126,41.5
channel,Jamaran,war,labels_opponents,منافقین,23,0.036,11.8
channel,Jamaran,war,labels_opponents,اغتشاشگر,2,0.003,1.0
channel,Jamaran,war,labels_opponents,ضدانقلاب,15,0.023,7.7
channel,Jamaran,war,countries_actors,جهاد اسلامی,2,0.003,0.0
channel,Jamaran,war,countries_actors,کتائب حزب‌الله,6,0.009,0.1
channel,Jamaran,war,countries_actors,داعش,9,0.014,0.2
channel,Jamaran,war,countries_actors,طالبان,18,0.028,0.4
channel,Jamaran,war,countries_actors,جیش‌العدل,0,0.0,0.0
channel,Jamaran,war,countries_actors,پژاک,3,0.005,0.1
channel,Jamaran,war,countries_actors,کومله,8,0.012,0.2
channel,Jamaran,war,countries_actors,مجاهدین خلق,0,0.0,0.0
channel,Jamaran,war,countries_actors,سلطنت‌طلبان,8,0.012,0.2
channel,Jamaran,war,countries_actors,رضا پهلوی,25,0.039,0.5
channel,Jamaran,war,persons,رئیس‌جمهور آمریکا (US president),145,0.225,3.1
channel,Jamaran,war,persons,"رئیس‌جمهور (other, mostly Iran)",718,1.115,15.4
channel,Jamaran,war,israel_naming,رژیم کودک‌کش,27,0.042,0.9
channel,Jamaran,war,israel_naming,صهیونیست‌های کودک‌کش,1,0.002,0.0
channel,Jamaran,war,israel_army,ارتش کودک‌کش آمریکا (USA – not counted as Israel),1,0.002,0.6
channel,Jamaran,war,israel_army,ارتش کودک‌کش (Israel),3,0.005,1.7
channel,Jamaran,ceasefire,israel_naming,اسرائیل,2550,2.194,65.8
channel,Jamaran,ceasefire,israel_naming,رژیم صهیونیستی,1120,0.964,28.9
channel,Jamaran,ceasefire,israel_naming,رژیم اشغالگر,49,0.042,1.3
channel,Jamaran,ceasefire,israel_naming,رژیم غاصب,7,0.006,0.2
channel,Jamaran,ceasefire,israel_naming,صهیونیست‌ها,115,0.099,3.0
channel,Jamaran,ceasefire,israel_naming,دشمن صهیونیستی,22,0.019,0.6
channel,Jamaran,ceasefire,israel_territory,اسرائیل,2550,2.194,93.2
channel,Jamaran,ceasefire,israel_territory,فلسطین اشغالی,55,0.047,2.0
channel,Jamaran,ceasefire,israel_territory,سرزمین‌های اشغالی,96,0.083,3.5
channel,Jamaran,ceasefire,israel_territory,اراضی اشغالی,34,0.029,1.2
channel,Jamaran,ceasefire,israel_army,ارتش اسرائیل,153,0.132,54.3
channel,Jamaran,ceasefire,israel_army,ارتش رژیم صهیونیستی,82,0.071,29.1
channel,Jamaran,ceasefire,israel_army,ارتش صهیونیستی,24,0.021,8.5
channel,Jamaran,ceasefire,israel_army,ارتش اشغالگر,16,0.014,5.7
channel,Jamaran,ceasefire,usa_naming,رئیس دولت تروریستی آمریکا,9,0.008,0.1
channel,Jamaran,ceasefire,usa_naming,ارتش تروریستی آمریکا,41,0.035,0.5
channel,Jamaran,ceasefire,usa_naming,ارتش کودک‌کش آمریکا,4,0.003,0.0
channel,Jamaran,ceasefire,usa_naming,ارتش متجاوز آمریکا,10,0.009,0.1
channel,Jamaran,ceasefire,usa_naming,شیطان بزرگ,10,0.009,0.1
channel,Jamaran,ceasefire,usa_naming,استکبار,32,0.028,0.4
channel,Jamaran,ceasefire,usa_naming,ایالات متحده,933,0.803,11.0
channel,Jamaran,ceasefire,usa_naming,آمریکا,6379,5.489,75.1
channel,Jamaran,ceasefire,usa_naming,کاخ سفید,271,0.233,3.2
channel,Jamaran,ceasefire,usa_naming,واشنگتن,807,0.694,9.5
channel,Jamaran,ceasefire,countries_actors,امارات,566,0.487,5.4
channel,Jamaran,ceasefire,countries_actors,بحرین,138,0.119,1.3
channel,Jamaran,ceasefire,countries_actors,کویت,197,0.17,1.9
channel,Jamaran,ceasefire,countries_actors,قطر,359,0.309,3.4
channel,Jamaran,ceasefire,countries_actors,"دریای عمان (sea, not the country)",51,0.044,0.5
channel,Jamaran,ceasefire,countries_actors,عمان,310,0.267,3.0
channel,Jamaran,ceasefire,countries_actors,عربستان,427,0.367,4.1
channel,Jamaran,ceasefire,countries_actors,اردن,39,0.034,0.4
channel,Jamaran,ceasefire,countries_actors,سوریه,127,0.109,1.2
channel,Jamaran,ceasefire,countries_actors,یمن,150,0.129,1.4
channel,Jamaran,ceasefire,countries_actors,انصارالله / حوثی‌ها,50,0.043,0.5
channel,Jamaran,ceasefire,countries_actors,عراق,460,0.396,4.4
channel,Jamaran,ceasefire,countries_actors,مقاومت عراق / حشد شعبی,3,0.003,0.0
channel,Jamaran,ceasefire,countries_actors,فلسطین اشغالی (Israel),55,0.047,0.5
channel,Jamaran,ceasefire,countries_actors,فلسطین,127,0.109,1.2
channel,Jamaran,ceasefire,countries_actors,غزه,230,0.198,2.2
channel,Jamaran,ceasefire,countries_actors,حماس,54,0.046,0.5
channel,Jamaran,ceasefire,countries_actors,حزب‌الله,685,0.589,6.5
channel,Jamaran,ceasefire,countries_actors,لبنان,2160,1.859,20.6
channel,Jamaran,ceasefire,countries_actors,ترکیه,256,0.22,2.4
channel,Jamaran,ceasefire,countries_actors,روسیه,718,0.618,6.8
channel,Jamaran,ceasefire,countries_actors,چین,747,0.643,7.1
channel,Jamaran,ceasefire,countries_actors,آذربایجان شرقی/غربی (Iranian provinces),24,0.021,0.2
channel,Jamaran,ceasefire,countries_actors,جمهوری آذربایجان,85,0.073,0.8
channel,Jamaran,ceasefire,countries_actors,پاکستان,1070,0.921,10.2
channel,Jamaran,ceasefire,countries_actors,آلمان,171,0.147,1.6
channel,Jamaran,ceasefire,countries_actors,اتحادیه اروپا,407,0.35,3.9
channel,Jamaran,ceasefire,countries_actors,انگلیس,287,0.247,2.7
channel,Jamaran,ceasefire,countries_actors,فرانسه,240,0.207,2.3
channel,Jamaran,ceasefire,countries_actors,ایتالیا,116,0.1,1.1
channel,Jamaran,ceasefire,countries_actors,اسپانیا,76,0.065,0.7
channel,Jamaran,ceasefire,crimes,نسل‌کشی,63,0.054,8.3
channel,Jamaran,ceasefire,crimes,کودک‌کش / کودک‌کشی,29,0.025,3.8
channel,Jamaran,ceasefire,crimes,جنایت جنگی,89,0.077,11.8
channel,Jamaran,ceasefire,crimes,جنایت,234,0.201,30.9
channel,Jamaran,ceasefire,crimes,کشتار,65,0.056,8.6
channel,Jamaran,ceasefire,crimes,میناب (school attack),277,0.238,36.6
channel,Jamaran,ceasefire,diplomacy,مذاکره / مذاکرات,3045,2.62,34.1
channel,Jamaran,ceasefire,diplomacy,گفت‌وگو,649,0.558,7.3
channel,Jamaran,ceasefire,diplomacy,توافق,2164,1.862,24.3
channel,Jamaran,ceasefire,diplomacy,برجام,93,0.08,1.0
channel,Jamaran,ceasefire,diplomacy,دیپلماسی,531,0.457,6.0
channel,Jamaran,ceasefire,diplomacy,آتش‌بس,1329,1.144,14.9
channel,Jamaran,ceasefire,diplomacy,صلح,538,0.463,6.0
channel,Jamaran,ceasefire,diplomacy,تفاهم‌نامه,574,0.494,6.4
channel,Jamaran,ceasefire,revenge,انتقام سخت,4,0.003,3.2
channel,Jamaran,ceasefire,revenge,انتقام,54,0.046,42.9
channel,Jamaran,ceasefire,revenge,خونخواهی,25,0.022,19.8
channel,Jamaran,ceasefire,revenge,قصاص,28,0.024,22.2
channel,Jamaran,ceasefire,revenge,پاسخ پشیمان‌کننده / کوبنده,15,0.013,11.9
channel,Jamaran,ceasefire,persons,ترامپ,3703,3.186,39.1
channel,Jamaran,ceasefire,persons,نتانیاهو,686,0.59,7.2
channel,Jamaran,ceasefire,persons,پزشکیان,598,0.515,6.3
channel,Jamaran,ceasefire,persons,عراقچی,481,0.414,5.1
channel,Jamaran,ceasefire,persons,بقائی,179,0.154,1.9
channel,Jamaran,ceasefire,persons,ظریف,41,0.035,0.4
channel,Jamaran,ceasefire,persons,خاتمی,150,0.129,1.6
channel,Jamaran,ceasefire,persons,حسن روحانی,18,0.015,0.2
channel,Jamaran,ceasefire,persons,احمدی‌نژاد,11,0.009,0.1
channel,Jamaran,ceasefire,persons,قالیباف,450,0.387,4.8
channel,Jamaran,ceasefire,persons,سخنگوی وزارت امور خارجه,369,0.318,3.9
channel,Jamaran,ceasefire,persons,وزیر امور خارجه,846,0.728,8.9
channel,Jamaran,ceasefire,labels_opponents,خائن / خیانت,78,0.067,42.4
channel,Jamaran,ceasefire,labels_opponents,وطن‌فروش,15,0.013,8.2
channel,Jamaran,ceasefire,labels_opponents,مزدور,29,0.025,15.8
channel,Jamaran,ceasefire,labels_opponents,منافقین,29,0.025,15.8
channel,Jamaran,ceasefire,labels_opponents,اغتشاشگر,13,0.011,7.1
channel,Jamaran,ceasefire,labels_opponents,ضدانقلاب,20,0.017,10.9
channel,Jamaran,ceasefire,countries_actors,جهاد اسلامی,0,0.0,0.0
channel,Jamaran,ceasefire,countries_actors,کتائب حزب‌الله,3,0.003,0.0
channel,Jamaran,ceasefire,countries_actors,داعش,10,0.009,0.1
channel,Jamaran,ceasefire,countries_actors,طالبان,9,0.008,0.1
channel,Jamaran,ceasefire,countries_actors,جیش‌العدل,1,0.001,0.0
channel,Jamaran,ceasefire,countries_actors,پژاک,8,0.007,0.1
channel,Jamaran,ceasefire,countries_actors,کومله,6,0.005,0.1
channel,Jamaran,ceasefire,countries_actors,مجاهدین خلق,9,0.008,0.1
channel,Jamaran,ceasefire,countries_actors,سلطنت‌طلبان,11,0.009,0.1
channel,Jamaran,ceasefire,countries_actors,رضا پهلوی,47,0.04,0.4
channel,Jamaran,ceasefire,persons,رئیس‌جمهور آمریکا (US president),352,0.303,3.7
channel,Jamaran,ceasefire,persons,"رئیس‌جمهور (other, mostly Iran)",1582,1.361,16.7
channel,Jamaran,ceasefire,israel_naming,رژیم کودک‌کش,11,0.009,0.3
channel,Jamaran,ceasefire,israel_naming,صهیونیست‌های کودک‌کش,0,0.0,0.0
channel,Jamaran,ceasefire,israel_army,ارتش کودک‌کش آمریکا (USA – not counted as Israel),4,0.003,1.4
channel,Jamaran,ceasefire,israel_army,ارتش کودک‌کش (Israel),3,0.003,1.1
channel,Jamaran,after_truce_collapse,israel_naming,اسرائیل,1019,1.421,69.7
channel,Jamaran,after_truce_collapse,israel_naming,رژیم صهیونیستی,376,0.524,25.7
channel,Jamaran,after_truce_collapse,israel_naming,رژیم اشغالگر,13,0.018,0.9
channel,Jamaran,after_truce_collapse,israel_naming,رژیم غاصب,1,0.001,0.1
channel,Jamaran,after_truce_collapse,israel_naming,صهیونیست‌ها,37,0.052,2.5
channel,Jamaran,after_truce_collapse,israel_naming,دشمن صهیونیستی,7,0.01,0.5
channel,Jamaran,after_truce_collapse,israel_territory,اسرائیل,1019,1.421,94.6
channel,Jamaran,after_truce_collapse,israel_territory,فلسطین اشغالی,14,0.02,1.3
channel,Jamaran,after_truce_collapse,israel_territory,سرزمین‌های اشغالی,24,0.033,2.2
channel,Jamaran,after_truce_collapse,israel_territory,اراضی اشغالی,20,0.028,1.9
channel,Jamaran,after_truce_collapse,israel_army,ارتش اسرائیل,42,0.059,33.3
channel,Jamaran,after_truce_collapse,israel_army,ارتش رژیم صهیونیستی,32,0.045,25.4
channel,Jamaran,after_truce_collapse,israel_army,ارتش صهیونیستی,2,0.003,1.6
channel,Jamaran,after_truce_collapse,israel_army,ارتش اشغالگر,6,0.008,4.8
channel,Jamaran,after_truce_collapse,usa_naming,رئیس دولت تروریستی آمریکا,5,0.007,0.1
channel,Jamaran,after_truce_collapse,usa_naming,ارتش تروریستی آمریکا,134,0.187,2.6
channel,Jamaran,after_truce_collapse,usa_naming,ارتش کودک‌کش آمریکا,34,0.047,0.7
channel,Jamaran,after_truce_collapse,usa_naming,ارتش متجاوز آمریکا,15,0.021,0.3
channel,Jamaran,after_truce_collapse,usa_naming,شیطان بزرگ,15,0.021,0.3
channel,Jamaran,after_truce_collapse,usa_naming,استکبار,33,0.046,0.6
channel,Jamaran,after_truce_collapse,usa_naming,ایالات متحده,499,0.696,9.7
channel,Jamaran,after_truce_collapse,usa_naming,آمریکا,3802,5.303,74.3
channel,Jamaran,after_truce_collapse,usa_naming,کاخ سفید,135,0.188,2.6
channel,Jamaran,after_truce_collapse,usa_naming,واشنگتن,448,0.625,8.8
channel,Jamaran,after_truce_collapse,countries_actors,امارات,226,0.315,3.4
channel,Jamaran,after_truce_collapse,countries_actors,بحرین,151,0.211,2.3
channel,Jamaran,after_truce_collapse,countries_actors,کویت,282,0.393,4.2
channel,Jamaran,after_truce_collapse,countries_actors,قطر,251,0.35,3.8
channel,Jamaran,after_truce_collapse,countries_actors,"دریای عمان (sea, not the country)",28,0.039,0.4
channel,Jamaran,after_truce_collapse,countries_actors,عمان,366,0.511,5.5
channel,Jamaran,after_truce_collapse,countries_actors,عربستان,631,0.88,9.5
channel,Jamaran,after_truce_collapse,countries_actors,اردن,243,0.339,3.7
channel,Jamaran,after_truce_collapse,countries_actors,سوریه,164,0.229,2.5
channel,Jamaran,after_truce_collapse,countries_actors,یمن,289,0.403,4.3
channel,Jamaran,after_truce_collapse,countries_actors,انصارالله / حوثی‌ها,106,0.148,1.6
channel,Jamaran,after_truce_collapse,countries_actors,عراق,735,1.025,11.1
channel,Jamaran,after_truce_collapse,countries_actors,مقاومت عراق / حشد شعبی,38,0.053,0.6
channel,Jamaran,after_truce_collapse,countries_actors,فلسطین اشغالی (Israel),14,0.02,0.2
channel,Jamaran,after_truce_collapse,countries_actors,فلسطین,99,0.138,1.5
channel,Jamaran,after_truce_collapse,countries_actors,غزه,198,0.276,3.0
channel,Jamaran,after_truce_collapse,countries_actors,حماس,86,0.12,1.3
channel,Jamaran,after_truce_collapse,countries_actors,حزب‌الله,140,0.195,2.1
channel,Jamaran,after_truce_collapse,countries_actors,لبنان,422,0.589,6.3
channel,Jamaran,after_truce_collapse,countries_actors,ترکیه,227,0.317,3.4
channel,Jamaran,after_truce_collapse,countries_actors,روسیه,441,0.615,6.6
channel,Jamaran,after_truce_collapse,countries_actors,چین,336,0.469,5.1
channel,Jamaran,after_truce_collapse,countries_actors,آذربایجان شرقی/غربی (Iranian provinces),19,0.027,0.3
channel,Jamaran,after_truce_collapse,countries_actors,جمهوری آذربایجان,34,0.047,0.5
channel,Jamaran,after_truce_collapse,countries_actors,پاکستان,359,0.501,5.4
channel,Jamaran,after_truce_collapse,countries_actors,آلمان,70,0.098,1.1
channel,Jamaran,after_truce_collapse,countries_actors,اتحادیه اروپا,159,0.222,2.4
channel,Jamaran,after_truce_collapse,countries_actors,انگلیس,195,0.272,2.9
channel,Jamaran,after_truce_collapse,countries_actors,فرانسه,116,0.162,1.7
channel,Jamaran,after_truce_collapse,countries_actors,ایتالیا,23,0.032,0.3
channel,Jamaran,after_truce_collapse,countries_actors,اسپانیا,122,0.17,1.8
channel,Jamaran,after_truce_collapse,crimes,نسل‌کشی,24,0.033,5.2
channel,Jamaran,after_truce_collapse,crimes,کودک‌کش / کودک‌کشی,68,0.095,14.6
channel,Jamaran,after_truce_collapse,crimes,جنایت جنگی,47,0.066,10.1
channel,Jamaran,after_truce_collapse,crimes,جنایت,163,0.227,35.0
channel,Jamaran,after_truce_collapse,crimes,کشتار,31,0.043,6.7
channel,Jamaran,after_truce_collapse,crimes,میناب (school attack),133,0.186,28.5
channel,Jamaran,after_truce_collapse,diplomacy,مذاکره / مذاکرات,994,1.387,30.8
channel,Jamaran,after_truce_collapse,diplomacy,گفت‌وگو,440,0.614,13.7
channel,Jamaran,after_truce_collapse,diplomacy,توافق,586,0.817,18.2
channel,Jamaran,after_truce_collapse,diplomacy,برجام,12,0.017,0.4
channel,Jamaran,after_truce_collapse,diplomacy,دیپلماسی,296,0.413,9.2
channel,Jamaran,after_truce_collapse,diplomacy,آتش‌بس,180,0.251,5.6
channel,Jamaran,after_truce_collapse,diplomacy,صلح,323,0.451,10.0
channel,Jamaran,after_truce_collapse,diplomacy,تفاهم‌نامه,392,0.547,12.2
channel,Jamaran,after_truce_collapse,revenge,انتقام سخت,0,0.0,0.0
channel,Jamaran,after_truce_collapse,revenge,انتقام,85,0.119,70.2
channel,Jamaran,after_truce_collapse,revenge,خونخواهی,19,0.027,15.7
channel,Jamaran,after_truce_collapse,revenge,قصاص,13,0.018,10.7
channel,Jamaran,after_truce_collapse,revenge,پاسخ پشیمان‌کننده / کوبنده,4,0.006,3.3
channel,Jamaran,after_truce_collapse,persons,ترامپ,2005,2.797,35.2
channel,Jamaran,after_truce_collapse,persons,نتانیاهو,342,0.477,6.0
channel,Jamaran,after_truce_collapse,persons,پزشکیان,540,0.753,9.5
channel,Jamaran,after_truce_collapse,persons,عراقچی,273,0.381,4.8
channel,Jamaran,after_truce_collapse,persons,بقائی,111,0.155,1.9
channel,Jamaran,after_truce_collapse,persons,ظریف,38,0.053,0.7
channel,Jamaran,after_truce_collapse,persons,خاتمی,155,0.216,2.7
channel,Jamaran,after_truce_collapse,persons,حسن روحانی,27,0.038,0.5
channel,Jamaran,after_truce_collapse,persons,احمدی‌نژاد,30,0.042,0.5
channel,Jamaran,after_truce_collapse,persons,قالیباف,230,0.321,4.0
channel,Jamaran,after_truce_collapse,persons,سخنگوی وزارت امور خارجه,239,0.333,4.2
channel,Jamaran,after_truce_collapse,persons,وزیر امور خارجه,468,0.653,8.2
channel,Jamaran,after_truce_collapse,labels_opponents,خائن / خیانت,57,0.08,53.8
channel,Jamaran,after_truce_collapse,labels_opponents,وطن‌فروش,4,0.006,3.8
channel,Jamaran,after_truce_collapse,labels_opponents,مزدور,18,0.025,17.0
channel,Jamaran,after_truce_collapse,labels_opponents,منافقین,10,0.014,9.4
channel,Jamaran,after_truce_collapse,labels_opponents,اغتشاشگر,4,0.006,3.8
channel,Jamaran,after_truce_collapse,labels_opponents,ضدانقلاب,13,0.018,12.3
channel,Jamaran,after_truce_collapse,countries_actors,جهاد اسلامی,2,0.003,0.0
channel,Jamaran,after_truce_collapse,countries_actors,کتائب حزب‌الله,3,0.004,0.0
channel,Jamaran,after_truce_collapse,countries_actors,داعش,13,0.018,0.2
channel,Jamaran,after_truce_collapse,countries_actors,طالبان,27,0.038,0.4
channel,Jamaran,after_truce_collapse,countries_actors,جیش‌العدل,2,0.003,0.0
channel,Jamaran,after_truce_collapse,countries_actors,پژاک,12,0.017,0.2
channel,Jamaran,after_truce_collapse,countries_actors,کومله,2,0.003,0.0
channel,Jamaran,after_truce_collapse,countries_actors,مجاهدین خلق,3,0.004,0.0
channel,Jamaran,after_truce_collapse,countries_actors,سلطنت‌طلبان,3,0.004,0.0
channel,Jamaran,after_truce_collapse,countries_actors,رضا پهلوی,10,0.014,0.2
channel,Jamaran,after_truce_collapse,persons,رئیس‌جمهور آمریکا (US president),145,0.202,2.5
channel,Jamaran,after_truce_collapse,persons,"رئیس‌جمهور (other, mostly Iran)",1093,1.525,19.2
channel,Jamaran,after_truce_collapse,israel_naming,رژیم کودک‌کش,8,0.011,0.5
channel,Jamaran,after_truce_collapse,israel_naming,صهیونیست‌های کودک‌کش,0,0.0,0.0
channel,Jamaran,after_truce_collapse,israel_army,ارتش کودک‌کش آمریکا (USA – not counted as Israel),34,0.047,27.0
channel,Jamaran,after_truce_collapse,israel_army,ارتش کودک‌کش (Israel),10,0.014,7.9
