level,name,phase,rank,term,z,count,per_1000,per_1000_rest,z_by_channel
group,state,all,1,استان,11.3,8858,2.106,1.468,IRNA 11.3 | IRIB News 13.3 | Mehr News 24.0
group,state,all,2,اردیبهشت,10.8,1826,0.434,0.236,IRNA 11.5 | IRIB News 12.7 | Mehr News 10.8
group,state,all,3,بقائی,9.2,2585,0.615,0.315,IRNA 20.0 | IRIB News 9.2 | Mehr News 11.8
group,state,all,4,شنبه,8.4,2360,0.561,0.274,IRNA 18.4 | IRIB News 8.4 | Mehr News 15.5
group,state,all,5,جمهوری اسلامی ایران,8.2,8314,1.976,1.353,IRNA 25.0 | IRIB News 8.2 | Mehr News 9.3
group,state,all,6,حسینی,7.8,1630,0.387,0.238,IRNA 8.4 | IRIB News 7.8 | Mehr News 10.8
group,state,all,7,معاون,7.6,7570,1.8,1.262,IRNA 22.4 | IRIB News 8.3 | Mehr News 7.6
group,state,all,8,دوشنبه,7.1,1760,0.418,0.198,IRNA 17.5 | IRIB News 7.1 | Mehr News 12.5
group,state,all,9,مدیرکل,6.8,1550,0.368,0.201,IRNA 14.5 | IRIB News 6.8 | Mehr News 8.0
group,state,all,10,خرداد,6.6,2174,0.517,0.329,IRNA 11.4 | IRIB News 10.2 | Mehr News 6.6
group,state,all,11,تیر,6.6,1753,0.417,0.293,IRNA 6.6 | IRIB News 7.3 | Mehr News 7.0
group,state,all,12,تجاوز,6.4,5490,1.305,0.98,IRNA 13.8 | IRIB News 6.4 | Mehr News 7.7
group,state,all,13,چهل,6.4,713,0.17,0.098,IRNA 6.4 | IRIB News 6.7 | Mehr News 6.7
group,state,all,14,دانش آموزان,6.2,418,0.099,0.044,IRNA 6.4 | IRIB News 9.2 | Mehr News 6.2
group,state,all,15,مرداد,5.8,1498,0.356,0.19,IRNA 14.5 | IRIB News 5.8 | Mehr News 9.1
group,state,all,16,شهریور,5.6,748,0.178,0.109,IRNA 6.3 | IRIB News 5.6 | Mehr News 6.2
group,state,all,17,نمایش,5.6,1903,0.452,0.315,IRNA 9.5 | IRIB News 5.8 | Mehr News 5.6
group,state,all,18,گیلان,5.6,687,0.163,0.086,IRNA 5.6 | IRIB News 8.3 | Mehr News 9.0
group,state,all,19,محور,5.5,2064,0.491,0.361,IRNA 7.0 | IRIB News 5.5 | Mehr News 6.9
group,state,all,20,حفاظت محیط زیست,5.4,208,0.049,0.01,IRNA 9.8 | IRIB News 5.4 | Mehr News 6.4
group,state,all,21,رشته,5.4,307,0.073,0.032,IRNA 6.7 | IRIB News 5.4 | Mehr News 5.9
group,state,all,22,آموزشی,5.4,1426,0.339,0.208,IRNA 10.5 | IRIB News 8.3 | Mehr News 5.4
group,state,all,23,یکشنبه,5.4,1551,0.369,0.192,IRNA 15.2 | IRIB News 5.4 | Mehr News 10.4
group,state,all,24,بارش باران,5.2,418,0.099,0.048,IRNA 6.4 | IRIB News 8.2 | Mehr News 5.2
group,state,all,25,قهرمانی,5.1,1383,0.329,0.173,IRNA 15.4 | IRIB News 5.1 | Mehr News 7.4
group,state,all,26,سازمان سنجش آموزش کشور,5.1,234,0.056,0.01,IRNA 8.7 | IRIB News 11.2 | Mehr News 5.1
group,state,all,27,وزیر امور خارجه,5.1,5220,1.241,0.91,IRNA 15.2 | IRIB News 5.1 | Mehr News 8.5
group,state,all,28,جشنواره,4.9,1162,0.276,0.085,IRNA 22.4 | IRIB News 4.9 | Mehr News 10.6
group,state,all,29,بسم الله قاصم الجبارین,4.9,133,0.032,0.01,IRNA 4.9 | IRIB News 6.2 | Mehr News 5.0
group,state,all,30,ثبت,4.8,3652,0.868,0.594,IRNA 12.2 | IRIB News 14.7 | Mehr News 4.8
group,state,all,31,اهدا,4.8,325,0.077,0.035,IRNA 5.5 | IRIB News 4.8 | Mehr News 8.0
group,state,all,32,راهداری,4.8,255,0.061,0.025,IRNA 6.9 | IRIB News 5.5 | Mehr News 4.8
group,state,all,33,آسیا,4.7,1682,0.4,0.231,IRNA 16.2 | IRIB News 4.9 | Mehr News 4.7
group,state,all,34,بارش‌های,4.6,321,0.076,0.039,IRNA 5.9 | IRIB News 4.6 | Mehr News 5.1
group,state,all,35,خراسان شمالی,4.6,446,0.106,0.055,IRNA 4.6 | IRIB News 8.2 | Mehr News 6.5
group,state,all,36,رشته‌های,4.6,210,0.05,0.017,IRNA 7.2 | IRIB News 6.2 | Mehr News 4.6
group,state,all,37,ایکس,4.5,577,0.137,0.066,IRNA 4.8 | IRIB News 4.5 | Mehr News 13.0
group,state,all,38,سینمایی,4.5,381,0.091,0.038,IRNA 8.1 | IRIB News 4.5 | Mehr News 7.9
group,state,all,39,جام,4.4,562,0.134,0.077,IRNA 7.0 | IRIB News 4.4 | Mehr News 5.5
group,state,all,40,وزیر جهاد کشاورزی,4.4,342,0.081,0.03,IRNA 8.8 | IRIB News 8.5 | Mehr News 4.4
group,state,all,41,کاردانی,4.4,106,0.025,0.002,IRNA 4.9 | IRIB News 8.7 | Mehr News 4.4
group,state,all,42,مدیر,4.4,1536,0.365,0.284,IRNA 4.5 | IRIB News 4.4 | Mehr News 5.1
group,state,all,43,پنجشنبه,4.4,1548,0.368,0.24,IRNA 10.5 | IRIB News 4.4 | Mehr News 6.4
group,state,all,44,بامداد,4.4,1113,0.265,0.181,IRNA 7.7 | IRIB News 4.6 | Mehr News 4.4
group,state,all,45,مجلس شورای اسلامی,4.4,970,0.231,0.09,IRNA 16.7 | IRIB News 4.4 | Mehr News 10.2
group,state,all,46,خراسان رضوی,4.4,557,0.132,0.076,IRNA 4.4 | IRIB News 9.6 | Mehr News 4.4
group,state,all,47,وزیر آموزش‌وپرورش,4.4,456,0.108,0.05,IRNA 8.1 | IRIB News 8.2 | Mehr News 4.4
group,state,all,48,امور خارجه,4.3,695,0.165,0.076,IRNA 10.3 | IRIB News 4.3 | Mehr News 9.8
group,state,all,49,مدیرکل مدیریت بحران استانداری,4.3,130,0.031,0.011,IRNA 4.3 | IRIB News 4.4 | Mehr News 5.7
group,state,all,50,نمایشگاه,4.3,650,0.155,0.075,IRNA 11.5 | IRIB News 4.3 | Mehr News 5.5
group,state,all,51,طبیعت,4.2,372,0.088,0.032,IRNA 10.9 | IRIB News 6.3 | Mehr News 4.2
group,state,all,52,ورزشی,4.2,990,0.235,0.108,IRNA 16.6 | IRIB News 4.2 | Mehr News 5.1
group,state,all,53,سازمان,4.2,6058,1.44,1.053,IRNA 16.4 | IRIB News 11.3 | Mehr News 4.2
group,state,all,54,آهن,4.2,235,0.056,0.029,IRNA 4.6 | IRIB News 4.2 | Mehr News 4.4
group,state,all,55,داوطلبان,4.2,541,0.129,0.069,IRNA 4.9 | IRIB News 11.1 | Mehr News 4.2
group,state,all,56,چهارشنبه,4.2,1804,0.429,0.246,IRNA 13.3 | IRIB News 4.2 | Mehr News 11.7
group,state,all,57,جمعیت هلال احمر,4.1,325,0.077,0.025,IRNA 8.5 | IRIB News 4.1 | Mehr News 9.9
group,state,all,58,مصدوم,4.1,768,0.183,0.102,IRNA 4.1 | IRIB News 4.1 | Mehr News 13.2
group,state,all,59,دکتری,4.1,243,0.058,0.022,IRNA 4.2 | IRIB News 10.7 | Mehr News 4.1
group,state,all,60,بویراحمد,4.1,231,0.055,0.029,IRNA 4.1 | IRIB News 4.2 | Mehr News 4.5
group,state,all,61,فیلم فجر,4.1,83,0.02,0.005,IRNA 5.0 | IRIB News 4.5 | Mehr News 4.1
group,state,all,62,کودکان,4.1,2152,0.512,0.358,IRNA 8.3 | IRIB News 4.1 | Mehr News 9.8
group,state,all,63,اربعین,4.1,2935,0.698,0.411,IRNA 17.0 | IRIB News 4.1 | Mehr News 14.0
group,state,all,64,تحلیلی,4.0,675,0.16,0.109,IRNA 4.0 | IRIB News 5.0 | Mehr News 5.2
group,state,all,65,واحد,4.0,2007,0.477,0.37,IRNA 6.5 | IRIB News 4.0 | Mehr News 5.0
group,state,all,66,هزار زائر,4.0,274,0.065,0.034,IRNA 4.9 | IRIB News 5.3 | Mehr News 4.0
group,state,all,67,محورهای,4.0,975,0.232,0.106,IRNA 15.2 | IRIB News 8.2 | Mehr News 4.0
group,state,all,68,وزیر,4.0,9836,2.338,1.779,IRNA 23.6 | IRIB News 4.3 | Mehr News 4.0
group,state,all,69,هفتم,4.0,770,0.183,0.122,IRNA 6.0 | IRIB News 5.1 | Mehr News 4.0
group,state,all,70,دیار,3.9,166,0.039,0.015,IRNA 4.9 | IRIB News 3.9 | Mehr News 6.2
group,state,all,71,رفاه اجتماعی,3.9,404,0.096,0.035,IRNA 11.3 | IRIB News 6.7 | Mehr News 3.9
group,state,all,72,یونسکو,3.9,346,0.082,0.023,IRNA 12.9 | IRIB News 5.3 | Mehr News 3.9
group,state,all,73,علوم,3.9,1501,0.357,0.209,IRNA 13.7 | IRIB News 7.7 | Mehr News 3.9
group,state,all,74,وزرای,3.9,820,0.195,0.112,IRNA 9.4 | IRIB News 3.9 | Mehr News 6.4
group,state,all,75,محکوم,3.9,2355,0.56,0.401,IRNA 11.2 | IRIB News 3.9 | Mehr News 5.3
group,state,all,76,سازمان هواشناسی,3.9,577,0.137,0.042,IRNA 10.5 | IRIB News 17.5 | Mehr News 3.9
group,state,all,77,سراسری,3.9,694,0.165,0.105,IRNA 3.9 | IRIB News 9.1 | Mehr News 4.5
group,state,all,78,زمین لرزه,3.9,126,0.03,0.009,IRNA 3.9 | IRIB News 5.7 | Mehr News 6.2
group,state,all,79,تهران,3.9,18239,4.336,3.499,IRNA 3.9 | IRIB News 13.9 | Mehr News 27.1
group,state,all,80,فوریت‌های,3.8,123,0.029,0.01,IRNA 3.8 | IRIB News 4.8 | Mehr News 5.6
group,state,all,81,نهمین,3.8,204,0.048,0.02,IRNA 6.8 | IRIB News 4.5 | Mehr News 3.8
group,state,all,82,فیروزکوه,3.8,237,0.056,0.019,IRNA 7.1 | IRIB News 8.5 | Mehr News 3.8
group,state,all,83,محیط زیست,3.8,605,0.144,0.045,IRNA 16.1 | IRIB News 3.8 | Mehr News 7.1
group,state,all,84,لرزه‌ای,3.8,84,0.02,0.006,IRNA 3.8 | IRIB News 4.0 | Mehr News 4.8
group,state,all,85,تکواندو,3.8,182,0.043,0.018,IRNA 3.8 | IRIB News 3.8 | Mehr News 7.0
group,state,all,86,نایب,3.8,408,0.097,0.061,IRNA 4.7 | IRIB News 3.8 | Mehr News 4.4
group,state,all,87,آتش نشانی,3.8,213,0.051,0.019,IRNA 3.8 | IRIB News 5.7 | Mehr News 8.2
group,state,all,88,جشنواره فیلم فجر,3.8,414,0.098,0.053,IRNA 6.8 | IRIB News 3.8 | Mehr News 5.2
group,state,all,89,فواد,3.8,61,0.015,0.002,IRNA 3.8 | IRIB News 5.0 | Mehr News 5.4
group,state,all,90,آزمون,3.7,1295,0.308,0.184,IRNA 6.2 | IRIB News 16.3 | Mehr News 3.7
group,state,all,91,کشتی فرنگی,3.7,163,0.039,0.015,IRNA 6.4 | IRIB News 3.7 | Mehr News 4.1
group,state,all,92,تاس,3.7,157,0.037,0.008,IRNA 8.8 | IRIB News 3.7 | Mehr News 4.6
group,state,all,93,سیمرغ بلورین,3.7,133,0.032,0.008,IRNA 5.4 | IRIB News 3.7 | Mehr News 7.9
group,state,all,94,تصادف,3.7,312,0.074,0.04,IRNA 3.7 | IRIB News 5.0 | Mehr News 6.4
group,state,all,95,جنگ تحمیلی,3.7,2531,0.602,0.415,IRNA 10.1 | IRIB News 12.0 | Mehr News 3.7
group,state,all,96,جاده‌ای,3.7,379,0.09,0.048,IRNA 7.6 | IRIB News 3.7 | Mehr News 3.7
group,state,all,97,پور,3.7,273,0.065,0.026,IRNA 6.4 | IRIB News 3.7 | Mehr News 7.7
group,state,all,98,اسلامی,3.6,5905,1.404,1.199,IRNA 5.1 | IRIB News 3.6 | Mehr News 8.7
group,state,all,99,موزه,3.6,346,0.082,0.035,IRNA 8.7 | IRIB News 3.6 | Mehr News 5.9
group,state,all,100,شهرسازی,3.6,743,0.177,0.067,IRNA 14.5 | IRIB News 11.3 | Mehr News 3.6
group,state,all,101,خبرنگار,3.6,4409,1.048,0.858,IRNA 8.7 | IRIB News 5.7 | Mehr News 3.6
group,state,all,102,پردیس,3.6,480,0.114,0.07,IRNA 3.6 | IRIB News 6.4 | Mehr News 5.4
group,state,all,103,وحش,3.5,102,0.024,0.007,IRNA 6.1 | IRIB News 3.8 | Mehr News 3.5
group,state,all,104,جنایت,3.5,2279,0.542,0.462,IRNA 3.5 | IRIB News 4.0 | Mehr News 3.6
group,state,all,105,آبی,3.5,878,0.209,0.124,IRNA 11.0 | IRIB News 3.7 | Mehr News 3.5
group,state,all,106,محسنی اژه‌ای,3.5,310,0.074,0.044,IRNA 3.5 | IRIB News 4.3 | Mehr News 4.6
group,state,all,107,سخنگوی وزارت امور خارجه,3.5,3008,0.715,0.537,IRNA 10.8 | IRIB News 6.2 | Mehr News 3.5
group,state,all,108,شبکه ایکس,3.5,710,0.169,0.052,IRNA 17.1 | IRIB News 3.5 | Mehr News 9.4
group,state,all,109,محکومیت,3.5,953,0.227,0.169,IRNA 3.5 | IRIB News 4.5 | Mehr News 5.1
group,state,all,110,محورهای مواصلاتی,3.5,147,0.035,0.012,IRNA 6.1 | IRIB News 5.1 | Mehr News 3.5
group,state,all,111,مهاجرانی,3.5,449,0.107,0.036,IRNA 11.1 | IRIB News 3.5 | Mehr News 10.0
group,state,all,112,یکصد,3.4,156,0.037,0.013,IRNA 6.9 | IRIB News 3.4 | Mehr News 3.9
group,state,all,113,اندازی,3.4,167,0.04,0.017,IRNA 4.8 | IRIB News 5.9 | Mehr News 3.4
group,state,all,114,دبیر,3.4,920,0.219,0.143,IRNA 7.5 | IRIB News 3.4 | Mehr News 5.7
group,state,all,115,غریب آبادی,3.4,181,0.043,0.024,IRNA 3.4 | IRIB News 3.5 | Mehr News 3.4
group,state,all,116,خانگی,3.4,337,0.08,0.046,IRNA 4.7 | IRIB News 5.3 | Mehr News 3.4
group,state,all,117,ملی,3.4,7196,1.711,1.332,IRNA 17.1 | IRIB News 5.8 | Mehr News 3.4
group,state,all,118,کلاس درس,3.4,127,0.03,0.013,IRNA 4.6 | IRIB News 3.8 | Mehr News 3.4
group,state,all,119,رامسر,3.4,132,0.031,0.01,IRNA 6.7 | IRIB News 4.2 | Mehr News 3.4
group,state,all,120,هفتمین,3.4,422,0.1,0.066,IRNA 4.4 | IRIB News 3.8 | Mehr News 3.4
group,state,all,121,یکمین,3.4,117,0.028,0.01,IRNA 5.6 | IRIB News 4.0 | Mehr News 3.4
group,state,all,122,مناطق,3.4,4583,1.09,0.966,IRNA 3.5 | IRIB News 5.3 | Mehr News 3.4
group,state,all,123,قزوین,3.3,943,0.224,0.148,IRNA 3.3 | IRIB News 8.0 | Mehr News 7.4
group,state,all,124,زلزله,3.3,592,0.141,0.085,IRNA 5.1 | IRIB News 3.3 | Mehr News 8.0
group,state,all,125,فروردین,3.3,1638,0.389,0.306,IRNA 3.3 | IRIB News 6.2 | Mehr News 5.2
group,state,all,126,لینک,3.3,388,0.092,0.032,IRNA 11.5 | IRIB News 6.9 | Mehr News 3.3
group,state,all,127,پاک‌نژاد,3.3,68,0.016,0.005,IRNA 4.4 | IRIB News 3.4 | Mehr News 3.3
group,state,all,128,سخنگوی,3.3,4013,0.954,0.775,IRNA 3.3 | IRIB News 7.1 | Mehr News 9.8
group,state,all,129,آموزش‌وپرورش,3.3,742,0.176,0.129,IRNA 3.3 | IRIB News 5.9 | Mehr News 3.4
group,state,all,130,آباد,3.3,406,0.097,0.044,IRNA 3.3 | IRIB News 10.2 | Mehr News 8.1
group,state,all,131,مردادماه,3.3,453,0.108,0.064,IRNA 6.1 | IRIB News 3.3 | Mehr News 4.9
group,state,all,132,پلنگ,3.2,140,0.033,0.012,IRNA 4.6 | IRIB News 3.2 | Mehr News 6.7
group,state,all,133,میراث فرهنگی,3.2,448,0.107,0.04,IRNA 13.0 | IRIB News 4.4 | Mehr News 3.2
group,state,all,134,چهارمین,3.2,564,0.134,0.074,IRNA 8.6 | IRIB News 3.2 | Mehr News 5.2
group,state,all,135,گردشگری,3.2,1075,0.256,0.096,IRNA 21.5 | IRIB News 4.5 | Mehr News 3.2
group,state,all,136,شهرستان‌های,3.2,353,0.084,0.052,IRNA 3.2 | IRIB News 3.4 | Mehr News 5.7
group,state,all,137,ریشتری,3.2,356,0.085,0.041,IRNA 3.2 | IRIB News 5.5 | Mehr News 9.4
group,state,all,138,سازمان ملل,3.2,2039,0.485,0.278,IRNA 19.7 | IRIB News 4.2 | Mehr News 3.2
group,state,all,139,خوارزمی,3.2,67,0.016,0.002,IRNA 5.9 | IRIB News 3.7 | Mehr News 3.2
group,state,all,140,زلزله‌ای,3.1,85,0.02,0.008,IRNA 3.1 | IRIB News 3.2 | Mehr News 4.5
group,state,all,141,کوهستانی,3.1,170,0.04,0.022,IRNA 3.9 | IRIB News 3.2 | Mehr News 3.1
group,state,all,142,مروری,3.1,147,0.035,0.011,IRNA 7.1 | IRIB News 4.7 | Mehr News 3.1
group,state,all,143,مازندران,3.1,1446,0.344,0.186,IRNA 14.7 | IRIB News 10.5 | Mehr News 3.1
group,state,all,144,جاده,3.1,620,0.147,0.092,IRNA 7.1 | IRIB News 3.1 | Mehr News 4.5
group,state,all,145,هشتمین,3.1,158,0.038,0.019,IRNA 4.6 | IRIB News 3.4 | Mehr News 3.1
group,state,all,146,استاندار,3.1,1442,0.343,0.18,IRNA 10.9 | IRIB News 3.1 | Mehr News 16.1
group,state,all,147,نقض,3.1,3076,0.731,0.575,IRNA 8.5 | IRIB News 3.1 | Mehr News 5.9
group,state,all,148,امدادی,3.1,647,0.154,0.103,IRNA 4.9 | IRIB News 3.1 | Mehr News 5.7
group,state,all,149,رژیم صهیونیستی,3.1,12865,3.058,2.603,IRNA 11.0 | IRIB News 3.1 | Mehr News 10.7
group,state,all,150,ایم,3.1,426,0.101,0.055,IRNA 3.9 | IRIB News 3.1 | Mehr News 9.4
group,state,all,151,تالاسمی,3.1,45,0.011,0.002,IRNA 3.3 | IRIB News 4.7 | Mehr News 3.1
group,state,all,152,خرس,3.1,94,0.022,0.006,IRNA 5.6 | IRIB News 3.1 | Mehr News 4.4
group,state,all,153,قادری,3.0,59,0.014,0.003,IRNA 3.0 | IRIB News 5.1 | Mehr News 4.2
group,state,all,154,خواجه,3.0,149,0.035,0.018,IRNA 3.0 | IRIB News 3.3 | Mehr News 5.0
group,state,all,155,سازمان هواپیمایی کشوری,3.0,202,0.048,0.028,IRNA 4.1 | IRIB News 3.0 | Mehr News 3.2
group,state,all,156,واژگونی,3.0,186,0.044,0.018,IRNA 3.7 | IRIB News 3.0 | Mehr News 8.4
group,state,all,157,هندبال,3.0,133,0.032,0.007,IRNA 8.2 | IRIB News 3.0 | Mehr News 4.3
group,state,all,158,مسافران,3.0,528,0.126,0.092,IRNA 3.5 | IRIB News 3.5 | Mehr News 3.0
group,state,all,159,سیلاب,3.0,255,0.061,0.038,IRNA 3.0 | IRIB News 3.6 | Mehr News 3.7
group,state,all,160,ملت‌های,3.0,626,0.149,0.106,IRNA 4.3 | IRIB News 3.0 | Mehr News 4.5
group,state,all,161,حقوق بشر سازمان ملل,2.9,134,0.032,0.011,IRNA 5.9 | IRIB News 2.9 | Mehr News 5.3
group,state,all,162,قاتلوهم,2.9,55,0.013,0.004,IRNA 2.9 | IRIB News 3.9 | Mehr News 3.5
group,state,all,163,قلاده,2.9,122,0.029,0.009,IRNA 5.3 | IRIB News 2.9 | Mehr News 6.0
group,state,all,164,جاماندگان اربعین,2.9,255,0.061,0.015,IRNA 2.9 | IRIB News 7.5 | Mehr News 13.0
group,state,all,165,دژ,2.9,65,0.015,0.006,IRNA 2.9 | IRIB News 3.7 | Mehr News 3.4
group,state,all,166,کمک‌های,2.9,537,0.128,0.092,IRNA 3.6 | IRIB News 2.9 | Mehr News 3.9
group,state,all,167,قائم مقام,2.9,148,0.035,0.016,IRNA 5.3 | IRIB News 2.9 | Mehr News 3.6
group,state,all,168,بارش,2.9,645,0.153,0.11,IRNA 3.2 | IRIB News 6.2 | Mehr News 2.9
group,state,all,169,بین‌المللی,2.9,6185,1.47,0.947,IRNA 28.7 | IRIB News 2.9 | Mehr News 6.5
group,state,all,170,اتحادیه,2.9,853,0.203,0.112,IRNA 12.1 | IRIB News 2.9 | Mehr News 4.9
group,state,all,171,برجا گذاشت,2.9,122,0.029,0.011,IRNA 5.1 | IRIB News 2.9 | Mehr News 4.0
group,state,all,172,حماس,2.9,1163,0.276,0.16,IRNA 12.1 | IRIB News 2.9 | Mehr News 7.0
group,state,all,173,مه‌گرفتگی,2.9,78,0.019,0.002,IRNA 6.6 | IRIB News 4.0 | Mehr News 2.9
group,state,all,174,رئیس مجلس شورای اسلامی,2.9,581,0.138,0.07,IRNA 9.8 | IRIB News 2.9 | Mehr News 6.6
group,state,all,175,اطلاعیه,2.9,785,0.187,0.139,IRNA 4.6 | IRIB News 2.9 | Mehr News 3.8
group,state,all,176,پیامی,2.9,2320,0.552,0.323,IRNA 18.8 | IRIB News 2.9 | Mehr News 7.4
group,state,all,177,پایتخت,2.9,1914,0.455,0.359,IRNA 7.4 | IRIB News 2.9 | Mehr News 3.1
group,state,all,178,وزیر تعاون,2.9,224,0.053,0.016,IRNA 9.8 | IRIB News 4.9 | Mehr News 2.9
group,state,all,179,بها,2.9,53,0.013,0.003,IRNA 4.3 | IRIB News 2.9 | Mehr News 3.6
group,state,all,180,منشور,2.9,702,0.167,0.095,IRNA 10.6 | IRIB News 3.8 | Mehr News 2.9
group,state,all,181,کارشناس,2.9,819,0.195,0.149,IRNA 2.9 | IRIB News 4.4 | Mehr News 4.0
group,state,all,182,کمیسیون تلفیق,2.9,171,0.041,0.02,IRNA 5.4 | IRIB News 2.9 | Mehr News 3.1
group,state,all,183,کودک,2.9,1459,0.347,0.268,IRNA 2.9 | IRIB News 3.2 | Mehr News 8.4
group,state,all,184,عشق,2.9,709,0.169,0.119,IRNA 3.5 | IRIB News 2.9 | Mehr News 6.8
group,state,all,185,کارگردان,2.8,599,0.142,0.049,IRNA 10.5 | IRIB News 2.8 | Mehr News 15.1
group,state,all,186,پزشکی,2.8,1548,0.368,0.245,IRNA 12.2 | IRIB News 2.8 | Mehr News 3.8
group,state,all,187,برگزاری,2.8,3794,0.902,0.706,IRNA 9.0 | IRIB News 2.8 | Mehr News 8.3
group,state,all,188,کاظمی,2.8,321,0.076,0.044,IRNA 5.8 | IRIB News 2.8 | Mehr News 3.6
group,state,all,189,مقاطع,2.8,324,0.077,0.052,IRNA 3.4 | IRIB News 3.3 | Mehr News 2.8
group,state,all,190,دانش‌آموزان,2.8,1077,0.256,0.209,IRNA 2.8 | IRIB News 3.8 | Mehr News 3.3
group,state,all,191,ترافیکی,2.8,686,0.163,0.083,IRNA 10.9 | IRIB News 7.4 | Mehr News 2.8
group,state,all,192,آموزش,2.8,1760,0.418,0.258,IRNA 14.3 | IRIB News 7.4 | Mehr News 2.8
group,state,all,193,جنبش مقاومت اسلامی فلسطین,2.8,105,0.025,0.004,IRNA 7.9 | IRIB News 2.8 | Mehr News 3.8
group,state,all,194,نوروز,2.8,349,0.083,0.058,IRNA 2.8 | IRIB News 4.1 | Mehr News 2.8
group,state,all,195,تیم ملی فوتبال,2.8,663,0.158,0.088,IRNA 8.5 | IRIB News 2.8 | Mehr News 7.3
group,state,all,196,فر,2.8,55,0.013,0.004,IRNA 3.4 | IRIB News 2.8 | Mehr News 4.2
group,state,all,197,تداوم,2.8,3639,0.865,0.608,IRNA 15.9 | IRIB News 2.8 | Mehr News 7.0
group,state,all,198,ازبکستان,2.8,330,0.078,0.045,IRNA 5.8 | IRIB News 4.4 | Mehr News 2.8
group,state,all,199,خاش,2.7,101,0.024,0.008,IRNA 5.4 | IRIB News 2.7 | Mehr News 3.5
group,state,all,200,حاشیه,2.7,1235,0.294,0.219,IRNA 7.4 | IRIB News 2.9 | Mehr News 2.7
group,state,before_war,1,اخبار,4.9,368,0.578,0.3,IRNA 4.9 | IRIB News 5.3 | Mehr News 6.0
group,state,before_war,2,شنبه,4.9,458,0.719,0.409,IRNA 4.9 | IRIB News 5.3 | Mehr News 5.7
group,state,before_war,3,اهدا,4.9,126,0.198,0.051,IRNA 4.9 | IRIB News 4.9 | Mehr News 6.4
group,state,before_war,4,سازمان هواشناسی,4.3,136,0.213,0.043,IRNA 5.3 | IRIB News 9.3 | Mehr News 4.3
group,state,before_war,5,جشنواره فیلم فجر,3.9,404,0.634,0.36,IRNA 5.8 | IRIB News 4.4 | Mehr News 3.9
group,state,before_war,6,سیمرغ بلورین,3.8,129,0.202,0.051,IRNA 5.1 | IRIB News 3.8 | Mehr News 7.0
group,state,before_war,7,جشنواره,3.7,824,1.293,0.437,IRNA 17.0 | IRIB News 3.7 | Mehr News 8.6
group,state,before_war,8,مهاجرانی,3.7,105,0.165,0.038,IRNA 5.3 | IRIB News 3.7 | Mehr News 6.0
group,state,before_war,9,سازمان ملل,3.6,348,0.546,0.298,IRNA 5.4 | IRIB News 3.6 | Mehr News 5.1
group,state,before_war,10,رفاه اجتماعی,3.6,123,0.193,0.054,IRNA 6.6 | IRIB News 3.9 | Mehr News 3.6
group,state,before_war,11,فیلم فجر,3.5,82,0.129,0.032,IRNA 4.8 | IRIB News 4.8 | Mehr News 3.5
group,state,before_war,12,موسیقی,3.4,301,0.472,0.066,IRNA 13.7 | IRIB News 3.9 | Mehr News 3.4
group,state,before_war,13,وزیران,3.4,136,0.213,0.083,IRNA 5.1 | IRIB News 4.5 | Mehr News 3.4
group,state,before_war,14,یکشنبه,3.4,254,0.399,0.225,IRNA 4.1 | IRIB News 3.4 | Mehr News 4.3
group,state,before_war,15,چهل,3.2,327,0.513,0.214,IRNA 9.3 | IRIB News 3.2 | Mehr News 4.0
group,state,before_war,16,قاب,3.1,49,0.077,0.021,IRNA 3.1 | IRIB News 3.4 | Mehr News 3.6
group,state,before_war,17,زمین لرزه,3.1,30,0.047,0.004,IRNA 3.4 | IRIB News 3.1 | Mehr News 3.2
group,state,before_war,18,مجلس شورای اسلامی,3.1,267,0.419,0.129,IRNA 10.3 | IRIB News 3.1 | Mehr News 4.4
group,state,before_war,19,مصرف,3.1,517,0.811,0.514,IRNA 4.3 | IRIB News 7.2 | Mehr News 3.1
group,state,before_war,20,چهارشنبه,3.0,286,0.449,0.296,IRNA 3.3 | IRIB News 3.0 | Mehr News 3.0
group,state,before_war,21,هفتم,2.9,145,0.228,0.105,IRNA 5.0 | IRIB News 2.9 | Mehr News 2.9
group,state,before_war,22,فجر,2.9,548,0.86,0.42,IRNA 10.6 | IRIB News 2.9 | Mehr News 4.2
group,state,before_war,23,دبیر,2.8,229,0.359,0.143,IRNA 6.4 | IRIB News 2.8 | Mehr News 6.4
group,state,before_war,24,شهرسازی,2.8,100,0.157,0.054,IRNA 5.3 | IRIB News 3.3 | Mehr News 2.8
group,state,before_war,25,جمهوری اسلامی ایران,2.8,1029,1.615,1.125,IRNA 7.6 | IRIB News 2.8 | Mehr News 4.2
group,state,before_war,26,دانش آموزان,2.8,54,0.085,0.006,IRNA 5.4 | IRIB News 2.8 | Mehr News 2.9
group,state,before_war,27,چهارمین,2.8,226,0.355,0.092,IRNA 10.0 | IRIB News 2.8 | Mehr News 5.0
group,state,before_war,28,امور خارجه,2.7,88,0.138,0.056,IRNA 3.7 | IRIB News 2.7 | Mehr News 3.6
group,state,before_war,29,دوشنبه,2.7,273,0.428,0.276,IRNA 2.7 | IRIB News 3.6 | Mehr News 3.8
group,state,before_war,30,مروری,2.7,36,0.057,0.008,IRNA 3.7 | IRIB News 4.0 | Mehr News 2.7
group,state,before_war,31,دیپلم,2.7,71,0.111,0.013,IRNA 6.2 | IRIB News 2.7 | Mehr News 3.5
group,state,before_war,32,دوجاریک,2.7,34,0.053,0.009,IRNA 3.6 | IRIB News 2.7 | Mehr News 3.0
group,state,before_war,33,ارشاد اسلامی,2.7,116,0.182,0.019,IRNA 8.4 | IRIB News 2.7 | Mehr News 3.1
group,state,before_war,34,بقائی,2.6,331,0.519,0.214,IRNA 9.1 | IRIB News 6.5 | Mehr News 2.6
group,state,before_war,35,لرزه‌ای,2.6,24,0.038,0.002,IRNA 2.7 | IRIB News 2.6 | Mehr News 3.2
group,state,before_war,36,پوستر,2.5,69,0.108,0.038,IRNA 3.1 | IRIB News 2.5 | Mehr News 4.4
group,state,before_war,37,چالوس,2.5,114,0.179,0.064,IRNA 5.9 | IRIB News 3.1 | Mehr News 2.5
group,state,before_war,38,آتش نشانی,2.5,65,0.102,0.038,IRNA 2.5 | IRIB News 4.7 | Mehr News 2.8
group,state,before_war,39,حقوق بشر سازمان ملل,2.5,44,0.069,0.024,IRNA 2.7 | IRIB News 2.5 | Mehr News 2.9
group,state,before_war,40,صربستان,2.4,22,0.035,0.004,IRNA 2.4 | IRIB News 2.8 | Mehr News 3.2
group,state,before_war,41,سازمان سنجش آموزش کشور,2.4,22,0.035,0.002,IRNA 2.5 | IRIB News 3.6 | Mehr News 2.4
group,state,before_war,42,محورهای,2.4,188,0.295,0.116,IRNA 7.7 | IRIB News 2.4 | Mehr News 2.7
group,state,before_war,43,کمیسیون تلفیق,2.4,169,0.265,0.135,IRNA 4.8 | IRIB News 3.1 | Mehr News 2.4
group,state,before_war,44,آموزش‌وپرورش,2.4,150,0.235,0.128,IRNA 2.7 | IRIB News 2.4 | Mehr News 4.6
group,state,before_war,45,حقوق بشر,2.4,161,0.253,0.158,IRNA 2.9 | IRIB News 2.4 | Mehr News 2.6
group,state,before_war,46,واحد,2.3,282,0.443,0.279,IRNA 3.9 | IRIB News 4.2 | Mehr News 2.3
group,state,before_war,47,وزیر تعاون,2.3,76,0.119,0.032,IRNA 5.7 | IRIB News 2.6 | Mehr News 2.3
group,state,before_war,48,کاظمی,2.3,59,0.093,0.036,IRNA 3.6 | IRIB News 2.4 | Mehr News 2.3
group,state,before_war,49,سازمان هواپیمایی کشوری,2.3,23,0.036,0.006,IRNA 2.4 | IRIB News 2.3 | Mehr News 3.3
group,state,before_war,50,ملی,2.3,1291,2.026,1.699,IRNA 2.3 | IRIB News 2.7 | Mehr News 3.9
group,state,before_war,51,نماد,2.3,177,0.278,0.161,IRNA 3.8 | IRIB News 2.3 | Mehr News 2.9
group,state,before_war,52,برگ,2.3,37,0.058,0.021,IRNA 2.5 | IRIB News 2.8 | Mehr News 2.3
group,state,before_war,53,شبکه ایکس,2.2,56,0.088,0.021,IRNA 4.7 | IRIB News 2.2 | Mehr News 3.2
group,state,before_war,54,بهینه‌سازی,2.2,29,0.046,0.009,IRNA 2.2 | IRIB News 3.0 | Mehr News 3.4
group,state,before_war,55,بارشی,2.2,39,0.061,0.015,IRNA 3.6 | IRIB News 2.2 | Mehr News 3.0
group,state,before_war,56,ابلاغ,2.2,177,0.278,0.161,IRNA 3.8 | IRIB News 2.2 | Mehr News 3.1
group,state,before_war,57,بهینه,2.1,33,0.052,0.019,IRNA 2.5 | IRIB News 2.2 | Mehr News 2.1
group,state,before_war,58,نیم,2.1,151,0.237,0.103,IRNA 3.8 | IRIB News 2.1 | Mehr News 5.9
group,state,before_war,59,مادران,2.1,45,0.071,0.021,IRNA 3.0 | IRIB News 2.1 | Mehr News 3.8
group,state,before_war,60,ابری,2.1,55,0.086,0.008,IRNA 5.7 | IRIB News 2.5 | Mehr News 2.1
group,state,before_war,61,هنرمند,2.1,66,0.104,0.045,IRNA 2.1 | IRIB News 2.7 | Mehr News 3.7
group,state,before_war,62,فرهنگ,2.1,354,0.556,0.176,IRNA 11.5 | IRIB News 2.1 | Mehr News 6.4
group,state,before_war,63,عسلویه,2.1,55,0.086,0.034,IRNA 2.1 | IRIB News 3.1 | Mehr News 3.4
group,state,before_war,64,ستاد انتخابات کشور,2.1,57,0.089,0.034,IRNA 2.1 | IRIB News 4.5 | Mehr News 2.6
group,state,before_war,65,اسفند,2.1,391,0.614,0.465,IRNA 2.1 | IRIB News 3.5 | Mehr News 2.1
group,state,before_war,66,ریشتر,2.1,54,0.085,0.017,IRNA 3.6 | IRIB News 2.1 | Mehr News 5.2
group,state,before_war,67,سخت‌تر,2.1,16,0.025,0.004,IRNA 2.2 | IRIB News 2.1 | Mehr News 2.5
group,state,before_war,68,جمعیت هلال احمر,2.0,30,0.047,0.015,IRNA 2.0 | IRIB News 2.6 | Mehr News 2.8
group,state,before_war,69,نمایشگاه,2.0,113,0.177,0.079,IRNA 2.0 | IRIB News 5.0 | Mehr News 4.4
group,state,before_war,70,بارش باران,2.0,126,0.198,0.099,IRNA 2.7 | IRIB News 5.6 | Mehr News 2.0
group,state,before_war,71,تجدیدپذیر,2.0,19,0.03,0.006,IRNA 2.6 | IRIB News 2.3 | Mehr News 2.0
group,state,before_war,72,لرزاند,2.0,84,0.132,0.045,IRNA 2.0 | IRIB News 4.0 | Mehr News 5.7
group,state,before_war,73,اجلاس,2.0,72,0.113,0.053,IRNA 2.3 | IRIB News 4.5 | Mehr News 2.0
group,state,before_war,74,نوزدهمین,2.0,28,0.044,0.011,IRNA 3.0 | IRIB News 2.5 | Mehr News 2.0
group,state,before_war,75,اسکورت,2.0,95,0.149,0.077,IRNA 2.4 | IRIB News 2.0 | Mehr News 3.7
group,state,war,1,بقائی,4.7,392,0.473,0.169,IRNA 13.1 | IRIB News 4.7 | Mehr News 5.4
group,state,war,2,سخنگوی وزارت امور خارجه,4.5,477,0.575,0.258,IRNA 12.2 | IRIB News 4.8 | Mehr News 4.5
group,state,war,3,جنایات,3.8,575,0.693,0.442,IRNA 6.6 | IRIB News 3.8 | Mehr News 4.1
group,state,war,4,دانش آموزان,3.8,150,0.181,0.084,IRNA 4.5 | IRIB News 3.9 | Mehr News 3.8
group,state,war,5,وزش باد شدید,3.6,59,0.071,0.007,IRNA 6.2 | IRIB News 3.6 | Mehr News 4.4
group,state,war,6,سینما,3.6,191,0.23,0.088,IRNA 3.6 | IRIB News 5.2 | Mehr News 7.9
group,state,war,7,نماینده,3.4,390,0.47,0.322,IRNA 3.5 | IRIB News 3.4 | Mehr News 3.9
group,state,war,8,دورکاری,3.3,67,0.081,0.027,IRNA 4.0 | IRIB News 3.3 | Mehr News 3.6
group,state,war,9,توزیع,3.3,263,0.317,0.173,IRNA 6.3 | IRIB News 3.4 | Mehr News 3.3
group,state,war,10,شهرسازی,3.3,62,0.075,0.019,IRNA 4.2 | IRIB News 3.3 | Mehr News 4.9
group,state,war,11,هنرمندان,3.2,157,0.189,0.06,IRNA 7.1 | IRIB News 3.2 | Mehr News 6.3
group,state,war,12,تهران,3.1,4068,4.906,3.596,IRNA 3.6 | IRIB News 3.1 | Mehr News 20.4
group,state,war,13,بارش برف,3.0,95,0.115,0.04,IRNA 4.8 | IRIB News 3.0 | Mehr News 4.7
group,state,war,14,میناب,2.9,807,0.973,0.611,IRNA 3.5 | IRIB News 2.9 | Mehr News 11.0
group,state,war,15,استان‌های,2.9,324,0.391,0.189,IRNA 8.5 | IRIB News 5.2 | Mehr News 2.9
group,state,war,16,فدراسیون,2.9,151,0.182,0.051,IRNA 7.9 | IRIB News 2.9 | Mehr News 6.4
group,state,war,17,تئاتر,2.8,59,0.071,0.011,IRNA 5.4 | IRIB News 2.8 | Mehr News 5.2
group,state,war,18,ترافیک,2.8,248,0.299,0.19,IRNA 3.4 | IRIB News 3.9 | Mehr News 2.8
group,state,war,19,ثبت,2.8,437,0.527,0.351,IRNA 5.4 | IRIB News 4.0 | Mehr News 2.8
group,state,war,20,یونسکو,2.7,170,0.205,0.049,IRNA 10.5 | IRIB News 4.8 | Mehr News 2.7
group,state,war,21,ترافیکی,2.7,93,0.112,0.043,IRNA 5.7 | IRIB News 2.8 | Mehr News 2.7
group,state,war,22,سامانه بارشی,2.7,64,0.077,0.028,IRNA 4.2 | IRIB News 3.0 | Mehr News 2.7
group,state,war,23,تگرگ,2.6,37,0.045,0.009,IRNA 4.4 | IRIB News 2.6 | Mehr News 2.8
group,state,war,24,جمهوری اسلامی ایران,2.6,2025,2.442,1.813,IRNA 12.3 | IRIB News 2.7 | Mehr News 2.6
group,state,war,25,دارو,2.5,174,0.21,0.107,IRNA 6.2 | IRIB News 2.5 | Mehr News 2.5
group,state,war,26,محورهای,2.5,144,0.174,0.064,IRNA 7.4 | IRIB News 4.3 | Mehr News 2.5
group,state,war,27,کالا,2.5,203,0.245,0.128,IRNA 6.0 | IRIB News 3.5 | Mehr News 2.5
group,state,war,28,راهپیمایی روز جهانی قدس,2.5,118,0.142,0.07,IRNA 2.5 | IRIB News 4.9 | Mehr News 2.8
group,state,war,29,مازندران,2.5,121,0.146,0.085,IRNA 2.5 | IRIB News 2.6 | Mehr News 3.4
group,state,war,30,کارگردان,2.5,115,0.139,0.057,IRNA 2.5 | IRIB News 4.5 | Mehr News 5.2
group,state,war,31,ایم,2.5,124,0.15,0.076,IRNA 2.5 | IRIB News 3.2 | Mehr News 4.4
group,state,war,32,ایکس,2.4,151,0.182,0.06,IRNA 7.1 | IRIB News 2.4 | Mehr News 6.1
group,state,war,33,بهاری,2.4,28,0.034,0.008,IRNA 3.0 | IRIB News 3.1 | Mehr News 2.4
group,state,war,34,کلاس‌های,2.4,76,0.092,0.044,IRNA 2.4 | IRIB News 3.6 | Mehr News 2.5
group,state,war,35,سردسیر,2.3,21,0.025,0.005,IRNA 3.0 | IRIB News 2.6 | Mehr News 2.3
group,state,war,36,وزارت آموزش‌وپرورش,2.3,60,0.072,0.018,IRNA 5.3 | IRIB News 4.2 | Mehr News 2.3
group,state,war,37,اربعین,2.3,16,0.019,0.007,IRNA 2.3 | IRIB News 2.5 | Mehr News 2.7
group,state,war,38,خدمات‌رسانی,2.3,69,0.083,0.042,IRNA 2.7 | IRIB News 2.5 | Mehr News 2.3
group,state,war,39,سازمان,2.3,854,1.03,0.726,IRNA 8.5 | IRIB News 2.3 | Mehr News 3.3
group,state,war,40,وزش باد,2.3,63,0.076,0.016,IRNA 6.6 | IRIB News 2.7 | Mehr News 2.3
group,state,war,41,بارش باران,2.3,106,0.128,0.053,IRNA 6.0 | IRIB News 2.3 | Mehr News 2.7
group,state,war,42,خواند,2.2,144,0.174,0.086,IRNA 5.2 | IRIB News 2.2 | Mehr News 3.3
group,state,war,43,روز جهانی قدس,2.2,127,0.153,0.075,IRNA 5.4 | IRIB News 2.2 | Mehr News 2.4
group,state,war,44,مدارس,2.2,352,0.424,0.267,IRNA 6.6 | IRIB News 2.7 | Mehr News 2.2
group,state,war,45,مشکلی,2.2,136,0.164,0.103,IRNA 2.6 | IRIB News 2.8 | Mehr News 2.2
group,state,war,46,اکران,2.1,22,0.027,0.004,IRNA 3.9 | IRIB News 2.1 | Mehr News 2.3
group,state,war,47,پردیس,2.1,59,0.071,0.034,IRNA 2.1 | IRIB News 3.4 | Mehr News 2.2
group,state,war,48,دکتری,2.1,33,0.04,0.013,IRNA 2.6 | IRIB News 2.1 | Mehr News 3.1
group,state,war,49,وزیر جهاد کشاورزی,2.1,36,0.043,0.011,IRNA 3.1 | IRIB News 4.3 | Mehr News 2.1
group,state,war,50,ریشتر,2.1,15,0.018,0.004,IRNA 2.1 | IRIB News 2.2 | Mehr News 2.6
group,state,war,51,رازی,2.1,14,0.017,0.002,IRNA 2.3 | IRIB News 2.6 | Mehr News 2.1
group,state,war,52,معدن,2.1,52,0.063,0.014,IRNA 5.8 | IRIB News 2.1 | Mehr News 2.8
group,state,war,53,یهودیان,2.1,74,0.089,0.042,IRNA 2.2 | IRIB News 2.1 | Mehr News 4.1
group,state,war,54,توانیر,2.1,20,0.024,0.006,IRNA 2.5 | IRIB News 2.1 | Mehr News 2.5
group,state,war,55,مدرسه شجره طیبه میناب,2.0,93,0.112,0.043,IRNA 3.9 | IRIB News 2.0 | Mehr News 5.2
group,state,war,56,نوروز,2.0,248,0.299,0.179,IRNA 4.5 | IRIB News 4.3 | Mehr News 2.0
group,state,war,57,فروردین,2.0,807,0.973,0.639,IRNA 8.1 | IRIB News 2.0 | Mehr News 5.3
group,state,war,58,پلاک,2.0,60,0.072,0.035,IRNA 2.0 | IRIB News 3.5 | Mehr News 2.0
group,state,war,59,سازمان همکاری شانگهای,2.0,16,0.019,0.001,IRNA 3.2 | IRIB News 2.5 | Mehr News 2.0
group,state,war,60,برگزاری,2.0,347,0.418,0.308,IRNA 3.8 | IRIB News 2.0 | Mehr News 2.9
group,state,war,61,وزیر میراث‌فرهنگی,2.0,20,0.024,0.005,IRNA 3.0 | IRIB News 2.6 | Mehr News 2.0
group,state,war,62,اعتراض,2.0,212,0.256,0.158,IRNA 4.9 | IRIB News 2.0 | Mehr News 2.6
group,state,war,63,جمعیت هلال احمر,2.0,91,0.11,0.05,IRNA 4.0 | IRIB News 2.0 | Mehr News 3.5
group,state,ceasefire,1,اردیبهشت,11.2,1667,0.991,0.521,IRNA 11.3 | IRIB News 11.2 | Mehr News 11.7
group,state,ceasefire,2,استان,10.5,3287,1.953,1.109,IRNA 10.5 | IRIB News 12.7 | Mehr News 21.3
group,state,ceasefire,3,خرداد,8.2,1967,1.169,0.689,IRNA 12.3 | IRIB News 9.8 | Mehr News 8.2
group,state,ceasefire,4,بقائی,6.6,1270,0.755,0.384,IRNA 13.0 | IRIB News 6.6 | Mehr News 10.1
group,state,ceasefire,5,شنبه,5.3,955,0.567,0.285,IRNA 11.2 | IRIB News 5.3 | Mehr News 9.7
group,state,ceasefire,6,معاون,5.3,3236,1.923,1.352,IRNA 13.5 | IRIB News 6.8 | Mehr News 5.3
group,state,ceasefire,7,دوشنبه,5.2,760,0.452,0.209,IRNA 11.8 | IRIB News 5.2 | Mehr News 8.2
group,state,ceasefire,8,قهرمانی,5.2,697,0.414,0.197,IRNA 11.1 | IRIB News 5.2 | Mehr News 6.9
group,state,ceasefire,9,مدیرکل,5.1,655,0.389,0.193,IRNA 8.8 | IRIB News 5.1 | Mehr News 8.5
group,state,ceasefire,10,وزیر امور خارجه,5.1,2295,1.364,0.908,IRNA 12.2 | IRIB News 5.1 | Mehr News 7.6
group,state,ceasefire,11,خراسان شمالی,4.9,201,0.119,0.051,IRNA 4.9 | IRIB News 4.9 | Mehr News 5.5
group,state,ceasefire,12,چهارشنبه,4.7,740,0.44,0.227,IRNA 9.7 | IRIB News 4.7 | Mehr News 7.7
group,state,ceasefire,13,جمهوری اسلامی ایران,4.7,3386,2.012,1.339,IRNA 17.2 | IRIB News 4.7 | Mehr News 6.8
group,state,ceasefire,14,هشتمین,4.6,71,0.042,0.008,IRNA 4.6 | IRIB News 5.1 | Mehr News 4.6
group,state,ceasefire,15,شهرستان,4.4,1244,0.739,0.404,IRNA 4.4 | IRIB News 8.4 | Mehr News 16.4
group,state,ceasefire,16,بریکس,4.3,345,0.205,0.083,IRNA 9.5 | IRIB News 4.8 | Mehr News 4.3
group,state,ceasefire,17,هشتم,4.3,196,0.116,0.039,IRNA 7.0 | IRIB News 4.3 | Mehr News 6.0
group,state,ceasefire,18,حفاظت محیط زیست,4.3,109,0.065,0.01,IRNA 6.6 | IRIB News 4.3 | Mehr News 6.6
group,state,ceasefire,19,کرمان,4.2,374,0.222,0.113,IRNA 4.2 | IRIB News 5.1 | Mehr News 8.1
group,state,ceasefire,20,انتخاب رشته,4.2,95,0.056,0.006,IRNA 4.2 | IRIB News 8.4 | Mehr News 4.3
group,state,ceasefire,21,اهدای,4.1,137,0.081,0.03,IRNA 5.1 | IRIB News 4.1 | Mehr News 4.7
group,state,ceasefire,22,جنگ تحمیلی,4.1,1554,0.923,0.593,IRNA 8.6 | IRIB News 10.8 | Mehr News 4.1
group,state,ceasefire,23,گلستان,3.9,245,0.146,0.079,IRNA 4.0 | IRIB News 4.9 | Mehr News 3.9
group,state,ceasefire,24,استاندار,3.9,424,0.252,0.122,IRNA 4.6 | IRIB News 3.9 | Mehr News 10.8
group,state,ceasefire,25,گردشگری,3.8,506,0.301,0.107,IRNA 14.3 | IRIB News 3.8 | Mehr News 4.5
group,state,ceasefire,26,مصدوم,3.8,285,0.169,0.061,IRNA 4.1 | IRIB News 3.8 | Mehr News 12.0
group,state,ceasefire,27,نهمین,3.8,87,0.052,0.016,IRNA 3.8 | IRIB News 5.0 | Mehr News 4.2
group,state,ceasefire,28,تیم ملی فوتبال,3.8,419,0.249,0.123,IRNA 8.5 | IRIB News 3.8 | Mehr News 4.8
group,state,ceasefire,29,گیلان,3.8,294,0.175,0.094,IRNA 3.8 | IRIB News 4.4 | Mehr News 6.2
group,state,ceasefire,30,سازمان سنجش آموزش کشور,3.8,123,0.073,0.014,IRNA 5.8 | IRIB News 8.3 | Mehr News 3.8
group,state,ceasefire,31,پور,3.7,126,0.075,0.024,IRNA 4.9 | IRIB News 3.7 | Mehr News 6.1
group,state,ceasefire,32,بامداد,3.7,494,0.294,0.15,IRNA 8.3 | IRIB News 6.4 | Mehr News 3.7
group,state,ceasefire,33,حسینی,3.7,535,0.318,0.21,IRNA 3.7 | IRIB News 5.4 | Mehr News 4.4
group,state,ceasefire,34,تجاوز,3.7,1781,1.058,0.861,IRNA 4.4 | IRIB News 4.4 | Mehr News 3.7
group,state,ceasefire,35,نایب,3.6,208,0.124,0.062,IRNA 4.6 | IRIB News 3.6 | Mehr News 4.4
group,state,ceasefire,36,موزه,3.6,183,0.109,0.039,IRNA 7.3 | IRIB News 3.6 | Mehr News 4.3
group,state,ceasefire,37,محکومیت,3.6,261,0.155,0.078,IRNA 5.8 | IRIB News 3.6 | Mehr News 4.6
group,state,ceasefire,38,مجلس شورای اسلامی,3.6,358,0.213,0.101,IRNA 7.4 | IRIB News 3.6 | Mehr News 6.0
group,state,ceasefire,39,هفتمین,3.6,196,0.116,0.049,IRNA 6.0 | IRIB News 4.9 | Mehr News 3.6
group,state,ceasefire,40,سخنگوی وزارت امور خارجه,3.6,1471,0.874,0.668,IRNA 5.8 | IRIB News 4.6 | Mehr News 3.6
group,state,ceasefire,41,مرکز,3.5,1690,1.004,0.803,IRNA 3.5 | IRIB News 5.8 | Mehr News 4.3
group,state,ceasefire,42,ثبت,3.5,1634,0.971,0.641,IRNA 8.3 | IRIB News 11.0 | Mehr News 3.5
group,state,ceasefire,43,دیار,3.5,97,0.058,0.014,IRNA 4.8 | IRIB News 3.5 | Mehr News 6.2
group,state,ceasefire,44,بارش باران,3.4,161,0.096,0.048,IRNA 3.9 | IRIB News 4.2 | Mehr News 3.4
group,state,ceasefire,45,تداوم,3.4,1579,0.938,0.651,IRNA 9.5 | IRIB News 3.4 | Mehr News 5.6
group,state,ceasefire,46,کودکان,3.4,941,0.559,0.343,IRNA 8.4 | IRIB News 3.4 | Mehr News 7.4
group,state,ceasefire,47,طبیعت,3.4,173,0.103,0.024,IRNA 9.3 | IRIB News 3.4 | Mehr News 4.4
group,state,ceasefire,48,خرس,3.4,63,0.037,0.007,IRNA 5.0 | IRIB News 3.4 | Mehr News 4.3
group,state,ceasefire,49,سخنگوی,3.3,1460,0.868,0.642,IRNA 3.3 | IRIB News 4.5 | Mehr News 9.0
group,state,ceasefire,50,مراکز درمانی,3.3,128,0.076,0.031,IRNA 4.3 | IRIB News 3.3 | Mehr News 4.9
group,state,ceasefire,51,توابع,3.3,42,0.025,0.003,IRNA 3.9 | IRIB News 3.3 | Mehr News 4.1
group,state,ceasefire,52,محیط زیست,3.3,265,0.157,0.046,IRNA 10.0 | IRIB News 3.3 | Mehr News 6.8
group,state,ceasefire,53,سینمایی,3.3,142,0.084,0.025,IRNA 6.8 | IRIB News 3.3 | Mehr News 5.4
group,state,ceasefire,54,ملت‌های,3.3,251,0.149,0.091,IRNA 3.8 | IRIB News 3.3 | Mehr News 3.5
group,state,ceasefire,55,آزمون,3.3,645,0.383,0.224,IRNA 4.3 | IRIB News 11.3 | Mehr News 3.3
group,state,ceasefire,56,رشته,3.3,124,0.074,0.029,IRNA 5.0 | IRIB News 3.3 | Mehr News 3.9
group,state,ceasefire,57,نام,3.2,1334,0.793,0.636,IRNA 3.2 | IRIB News 5.2 | Mehr News 3.3
group,state,ceasefire,58,امور خارجه,3.2,327,0.194,0.09,IRNA 7.1 | IRIB News 3.2 | Mehr News 6.4
group,state,ceasefire,59,معلم,3.2,382,0.227,0.145,IRNA 3.2 | IRIB News 5.0 | Mehr News 4.0
group,state,ceasefire,60,حاشیه,3.1,558,0.332,0.23,IRNA 5.0 | IRIB News 3.1 | Mehr News 3.3
group,state,ceasefire,61,سامانه بارشی,3.1,72,0.043,0.011,IRNA 3.1 | IRIB News 6.3 | Mehr News 3.4
group,state,ceasefire,62,بویراحمد,3.1,64,0.038,0.008,IRNA 4.9 | IRIB News 3.1 | Mehr News 4.1
group,state,ceasefire,63,تحلیلی,3.1,307,0.182,0.113,IRNA 4.5 | IRIB News 3.3 | Mehr News 3.1
group,state,ceasefire,64,مناطق,3.1,1623,0.964,0.773,IRNA 5.4 | IRIB News 3.1 | Mehr News 3.7
group,state,ceasefire,65,تکواندو,3.1,122,0.072,0.028,IRNA 3.1 | IRIB News 3.2 | Mehr News 6.5
group,state,ceasefire,66,کارشناس,3.1,324,0.193,0.129,IRNA 3.1 | IRIB News 3.3 | Mehr News 3.7
group,state,ceasefire,67,جام,3.0,324,0.193,0.086,IRNA 7.9 | IRIB News 6.2 | Mehr News 3.0
group,state,ceasefire,68,خانگی,3.0,153,0.091,0.051,IRNA 3.2 | IRIB News 3.5 | Mehr News 3.0
group,state,ceasefire,69,تایمز,3.0,220,0.131,0.053,IRNA 3.0 | IRIB News 8.0 | Mehr News 6.3
group,state,ceasefire,70,حقوق بین‌الملل,3.0,481,0.286,0.141,IRNA 9.9 | IRIB News 4.9 | Mehr News 3.0
group,state,ceasefire,71,سوگ,3.0,228,0.135,0.081,IRNA 3.6 | IRIB News 3.0 | Mehr News 4.0
group,state,ceasefire,72,آباد,2.9,131,0.078,0.027,IRNA 2.9 | IRIB News 5.9 | Mehr News 6.3
group,state,ceasefire,73,راهداری,2.9,97,0.058,0.023,IRNA 4.3 | IRIB News 3.4 | Mehr News 2.9
group,state,ceasefire,74,نکا,2.9,32,0.019,0.003,IRNA 3.3 | IRIB News 2.9 | Mehr News 3.7
group,state,ceasefire,75,آهن,2.9,69,0.041,0.017,IRNA 2.9 | IRIB News 3.3 | Mehr News 3.0
group,state,ceasefire,76,ایکس,2.9,231,0.137,0.064,IRNA 2.9 | IRIB News 3.6 | Mehr News 8.6
group,state,ceasefire,77,رشته‌های,2.9,68,0.04,0.009,IRNA 5.2 | IRIB News 4.2 | Mehr News 2.9
group,state,ceasefire,78,لینک,2.9,154,0.092,0.028,IRNA 8.2 | IRIB News 3.1 | Mehr News 2.9
group,state,ceasefire,79,یزد,2.9,333,0.198,0.105,IRNA 4.9 | IRIB News 2.9 | Mehr News 7.1
group,state,ceasefire,80,پسماند,2.9,68,0.04,0.016,IRNA 2.9 | IRIB News 3.6 | Mehr News 2.9
group,state,ceasefire,81,تیر,2.9,878,0.522,0.401,IRNA 2.9 | IRIB News 5.2 | Mehr News 3.3
group,state,ceasefire,82,شبکه ایکس,2.8,328,0.195,0.06,IRNA 11.8 | IRIB News 2.8 | Mehr News 5.7
group,state,ceasefire,83,گل,2.8,926,0.55,0.346,IRNA 9.9 | IRIB News 2.8 | Mehr News 4.2
group,state,ceasefire,84,کلاس درس,2.8,64,0.038,0.01,IRNA 4.7 | IRIB News 3.5 | Mehr News 2.8
group,state,ceasefire,85,قهوه‌ای,2.8,44,0.026,0.005,IRNA 3.8 | IRIB News 2.8 | Mehr News 3.8
group,state,ceasefire,86,شهرستان‌های,2.8,129,0.077,0.038,IRNA 2.8 | IRIB News 3.1 | Mehr News 4.7
group,state,ceasefire,87,خبرنگار,2.8,1765,1.049,0.854,IRNA 4.4 | IRIB News 2.8 | Mehr News 4.9
group,state,ceasefire,88,پیامی,2.8,968,0.575,0.306,IRNA 14.4 | IRIB News 2.8 | Mehr News 4.1
group,state,ceasefire,89,تالاسمی,2.8,34,0.02,0.001,IRNA 2.8 | IRIB News 3.7 | Mehr News 3.4
group,state,ceasefire,90,هلال احمر,2.8,195,0.116,0.044,IRNA 3.5 | IRIB News 2.8 | Mehr News 9.4
group,state,ceasefire,91,ویزیت,2.8,30,0.018,0.003,IRNA 3.1 | IRIB News 3.0 | Mehr News 2.8
group,state,ceasefire,92,قائم مقام,2.8,82,0.049,0.022,IRNA 3.2 | IRIB News 2.8 | Mehr News 3.1
group,state,ceasefire,93,تخصصی,2.8,561,0.333,0.223,IRNA 4.5 | IRIB News 2.8 | Mehr News 5.6
group,state,ceasefire,94,فوک,2.8,37,0.022,0.002,IRNA 4.2 | IRIB News 2.8 | Mehr News 3.3
group,state,ceasefire,95,مازندران,2.7,543,0.323,0.189,IRNA 8.1 | IRIB News 4.5 | Mehr News 2.7
group,state,ceasefire,96,آستارا,2.7,81,0.048,0.013,IRNA 4.3 | IRIB News 2.7 | Mehr News 5.7
group,state,ceasefire,97,فیروزکوه,2.7,113,0.067,0.015,IRNA 6.1 | IRIB News 7.0 | Mehr News 2.7
group,state,ceasefire,98,امدادی,2.7,249,0.148,0.077,IRNA 5.3 | IRIB News 2.7 | Mehr News 4.9
group,state,ceasefire,99,دامپزشکی,2.7,39,0.023,0.003,IRNA 4.2 | IRIB News 3.9 | Mehr News 2.7
group,state,ceasefire,100,نمایش,2.7,696,0.414,0.29,IRNA 5.9 | IRIB News 2.7 | Mehr News 3.7
group,state,ceasefire,101,قدردانی,2.7,676,0.402,0.303,IRNA 3.9 | IRIB News 3.5 | Mehr News 2.7
group,state,ceasefire,102,محکوم,2.7,822,0.488,0.318,IRNA 8.8 | IRIB News 3.5 | Mehr News 2.7
group,state,ceasefire,103,اهدا,2.7,128,0.076,0.038,IRNA 2.7 | IRIB News 2.7 | Mehr News 4.8
group,state,ceasefire,104,کشورمان,2.7,1214,0.721,0.558,IRNA 4.7 | IRIB News 2.7 | Mehr News 5.0
group,state,ceasefire,105,بانوان,2.7,279,0.166,0.092,IRNA 6.2 | IRIB News 2.7 | Mehr News 3.2
group,state,ceasefire,106,میرزا,2.6,25,0.015,0.001,IRNA 3.2 | IRIB News 2.6 | Mehr News 2.7
group,state,ceasefire,107,یکشنبه,2.6,719,0.427,0.245,IRNA 9.9 | IRIB News 2.6 | Mehr News 5.0
group,state,ceasefire,108,جنوبی,2.6,596,0.354,0.261,IRNA 2.6 | IRIB News 3.1 | Mehr News 5.0
group,state,ceasefire,109,فروردین,2.6,726,0.431,0.326,IRNA 2.6 | IRIB News 5.6 | Mehr News 2.8
group,state,ceasefire,110,فوریت‌های,2.6,55,0.033,0.01,IRNA 2.6 | IRIB News 3.2 | Mehr News 4.3
group,state,ceasefire,111,تسریع,2.6,243,0.144,0.081,IRNA 5.1 | IRIB News 3.8 | Mehr News 2.6
group,state,ceasefire,112,خزری,2.6,38,0.023,0.003,IRNA 4.5 | IRIB News 2.6 | Mehr News 2.7
group,state,ceasefire,113,حاکمه,2.6,70,0.042,0.014,IRNA 4.4 | IRIB News 3.0 | Mehr News 2.6
group,state,ceasefire,114,منطقه‌ای,2.6,1458,0.866,0.709,IRNA 4.9 | IRIB News 2.6 | Mehr News 2.9
group,state,ceasefire,115,تاس,2.5,67,0.04,0.01,IRNA 5.5 | IRIB News 2.5 | Mehr News 3.0
group,state,ceasefire,116,وزرای,2.5,401,0.238,0.153,IRNA 5.0 | IRIB News 2.5 | Mehr News 3.9
group,state,ceasefire,117,برجا گذاشت,2.5,41,0.024,0.005,IRNA 3.8 | IRIB News 2.5 | Mehr News 3.4
group,state,ceasefire,118,مدیرکل هواشناسی استان,2.5,54,0.032,0.005,IRNA 5.5 | IRIB News 2.5 | Mehr News 2.6
group,state,ceasefire,119,آموزشی,2.5,554,0.329,0.184,IRNA 7.0 | IRIB News 8.2 | Mehr News 2.5
group,state,ceasefire,120,بهزیستی,2.5,55,0.033,0.007,IRNA 4.4 | IRIB News 4.5 | Mehr News 2.5
group,state,ceasefire,121,دانش آموزان,2.5,167,0.099,0.047,IRNA 2.5 | IRIB News 6.8 | Mehr News 3.5
group,state,ceasefire,122,جمعیت هلال احمر,2.5,163,0.097,0.026,IRNA 6.3 | IRIB News 2.5 | Mehr News 8.4
group,state,ceasefire,123,رامسر,2.5,40,0.024,0.008,IRNA 2.9 | IRIB News 2.5 | Mehr News 2.5
group,state,ceasefire,124,پردیس,2.5,234,0.139,0.073,IRNA 2.5 | IRIB News 5.8 | Mehr News 5.3
group,state,ceasefire,125,لرستان,2.5,235,0.14,0.074,IRNA 2.5 | IRIB News 4.3 | Mehr News 6.5
group,state,ceasefire,126,هزار مگاوات,2.5,73,0.043,0.011,IRNA 4.0 | IRIB News 6.1 | Mehr News 2.5
group,state,ceasefire,127,سازمان بهزیستی,2.5,75,0.045,0.005,IRNA 6.3 | IRIB News 5.0 | Mehr News 2.5
group,state,ceasefire,128,جهاد کشاورزی,2.4,57,0.034,0.014,IRNA 3.2 | IRIB News 2.6 | Mehr News 2.4
group,state,ceasefire,129,خوزستان,2.4,348,0.207,0.119,IRNA 2.4 | IRIB News 5.3 | Mehr News 6.9
group,state,ceasefire,130,بنیاد,2.4,312,0.185,0.1,IRNA 7.1 | IRIB News 3.2 | Mehr News 2.4
group,state,ceasefire,131,السلام,2.4,251,0.149,0.075,IRNA 6.7 | IRIB News 2.4 | Mehr News 3.6
group,state,ceasefire,132,رئیس مجلس شورای اسلامی,2.4,294,0.175,0.092,IRNA 5.4 | IRIB News 2.4 | Mehr News 5.9
group,state,ceasefire,133,محسنی اژه‌ای,2.4,148,0.088,0.054,IRNA 2.6 | IRIB News 3.0 | Mehr News 2.4
group,state,ceasefire,134,شبکه اجتماعی ایکس,2.4,350,0.208,0.054,IRNA 14.3 | IRIB News 2.4 | Mehr News 2.9
group,state,ceasefire,135,آبی,2.4,397,0.236,0.133,IRNA 6.8 | IRIB News 5.1 | Mehr News 2.4
group,state,ceasefire,136,امدادگران,2.4,108,0.064,0.02,IRNA 5.6 | IRIB News 2.4 | Mehr News 5.1
group,state,ceasefire,137,زنده‌یاد,2.4,45,0.027,0.001,IRNA 4.3 | IRIB News 2.4 | Mehr News 3.0
group,state,ceasefire,138,استقبال,2.4,1041,0.619,0.385,IRNA 10.4 | IRIB News 2.4 | Mehr News 5.6
group,state,ceasefire,139,جاده‌ای,2.4,156,0.093,0.048,IRNA 4.2 | IRIB News 3.9 | Mehr News 2.4
group,state,ceasefire,140,نازی,2.4,59,0.035,0.01,IRNA 4.5 | IRIB News 2.4 | Mehr News 3.1
group,state,ceasefire,141,ورزش‌های,2.4,49,0.029,0.003,IRNA 5.0 | IRIB News 2.4 | Mehr News 3.8
group,state,ceasefire,142,فرونشست,2.4,36,0.021,0.003,IRNA 4.1 | IRIB News 2.4 | Mehr News 3.1
group,state,ceasefire,143,ناترازی,2.4,101,0.06,0.022,IRNA 4.7 | IRIB News 2.4 | Mehr News 4.5
group,state,ceasefire,144,وحش,2.4,64,0.038,0.009,IRNA 5.2 | IRIB News 2.4 | Mehr News 3.6
group,state,ceasefire,145,میدان نبوت,2.4,106,0.063,0.004,IRNA 2.4 | IRIB News 7.8 | Mehr News 7.3
group,state,ceasefire,146,دشتی,2.4,30,0.018,0.005,IRNA 3.0 | IRIB News 2.4 | Mehr News 2.4
group,state,ceasefire,147,وزیر آموزش‌وپرورش,2.4,206,0.122,0.065,IRNA 3.8 | IRIB News 5.8 | Mehr News 2.4
group,state,ceasefire,148,ششمین,2.4,127,0.075,0.038,IRNA 2.4 | IRIB News 4.1 | Mehr News 4.2
group,state,ceasefire,149,قادری,2.4,25,0.015,0.003,IRNA 2.6 | IRIB News 3.4 | Mehr News 2.4
group,state,ceasefire,150,سیلاب,2.4,89,0.053,0.026,IRNA 2.4 | IRIB News 3.9 | Mehr News 2.8
group,state,ceasefire,151,قانون‌شکنی,2.4,42,0.025,0.009,IRNA 2.4 | IRIB News 2.7 | Mehr News 3.1
group,state,ceasefire,152,ورزشی,2.4,438,0.26,0.096,IRNA 13.1 | IRIB News 2.4 | Mehr News 4.5
group,state,ceasefire,153,دانشجو,2.4,124,0.074,0.04,IRNA 2.7 | IRIB News 4.0 | Mehr News 2.4
group,state,ceasefire,154,کشتی فرنگی,2.4,84,0.05,0.017,IRNA 5.4 | IRIB News 2.6 | Mehr News 2.4
group,state,ceasefire,155,چهارمین,2.3,171,0.102,0.063,IRNA 3.5 | IRIB News 2.3 | Mehr News 2.4
group,state,ceasefire,156,یکصد,2.3,78,0.046,0.017,IRNA 4.1 | IRIB News 2.3 | Mehr News 3.8
group,state,ceasefire,157,علوم,2.3,598,0.355,0.196,IRNA 9.8 | IRIB News 5.0 | Mehr News 2.3
group,state,ceasefire,158,کیش,2.3,129,0.077,0.038,IRNA 2.3 | IRIB News 4.6 | Mehr News 3.8
group,state,ceasefire,159,وزیر,2.3,4177,2.482,1.865,IRNA 15.6 | IRIB News 2.3 | Mehr News 3.9
group,state,ceasefire,160,وزیر جهاد کشاورزی,2.3,108,0.064,0.018,IRNA 6.5 | IRIB News 4.6 | Mehr News 2.3
group,state,ceasefire,161,سراسری,2.3,275,0.163,0.098,IRNA 3.2 | IRIB News 6.3 | Mehr News 2.3
group,state,ceasefire,162,فرهنگی,2.3,1320,0.784,0.362,IRNA 19.6 | IRIB News 2.3 | Mehr News 6.8
group,state,ceasefire,163,میناب,2.3,990,0.588,0.4,IRNA 2.3 | IRIB News 2.8 | Mehr News 12.0
group,state,ceasefire,164,همدردی,2.3,77,0.046,0.025,IRNA 2.3 | IRIB News 2.4 | Mehr News 2.3
group,state,ceasefire,165,سازمان هواپیمایی کشوری,2.2,129,0.077,0.044,IRNA 3.1 | IRIB News 2.7 | Mehr News 2.2
group,state,ceasefire,166,یک‌جانبه,2.2,147,0.087,0.044,IRNA 5.1 | IRIB News 2.2 | Mehr News 2.3
group,state,ceasefire,167,تجلیل,2.2,127,0.075,0.041,IRNA 4.0 | IRIB News 2.2 | Mehr News 2.3
group,state,ceasefire,168,نیروگاه‌های,2.2,109,0.065,0.026,IRNA 3.3 | IRIB News 6.4 | Mehr News 2.2
group,state,ceasefire,169,دیلی,2.2,75,0.045,0.013,IRNA 2.2 | IRIB News 6.9 | Mehr News 2.8
group,state,ceasefire,170,غربالگری,2.2,26,0.015,0.003,IRNA 3.3 | IRIB News 2.2 | Mehr News 2.7
group,state,ceasefire,171,جوانان,2.2,485,0.288,0.182,IRNA 6.4 | IRIB News 2.2 | Mehr News 4.0
group,state,ceasefire,172,گاردین,2.2,203,0.121,0.069,IRNA 2.2 | IRIB News 5.2 | Mehr News 3.8
group,state,ceasefire,173,نقض فاحش,2.2,102,0.061,0.036,IRNA 2.6 | IRIB News 2.2 | Mehr News 2.3
group,state,ceasefire,174,هفتم,2.2,332,0.197,0.119,IRNA 5.1 | IRIB News 4.8 | Mehr News 2.2
group,state,ceasefire,175,شهید رجایی,2.2,50,0.03,0.013,IRNA 2.6 | IRIB News 2.2 | Mehr News 2.6
group,state,ceasefire,176,نقره,2.2,161,0.096,0.045,IRNA 5.8 | IRIB News 2.2 | Mehr News 3.0
group,state,ceasefire,177,روابط دوجانبه,2.2,212,0.126,0.078,IRNA 4.2 | IRIB News 2.5 | Mehr News 2.2
group,state,ceasefire,178,دمای هوا,2.2,45,0.027,0.012,IRNA 2.5 | IRIB News 2.2 | Mehr News 2.3
group,state,ceasefire,179,مدیرکل مدیریت بحران استانداری,2.2,40,0.024,0.004,IRNA 2.2 | IRIB News 3.4 | Mehr News 5.0
group,state,ceasefire,180,شهریار,2.2,112,0.067,0.029,IRNA 2.2 | IRIB News 5.1 | Mehr News 4.2
group,state,ceasefire,181,واحد,2.1,718,0.427,0.344,IRNA 2.1 | IRIB News 2.9 | Mehr News 3.5
group,state,ceasefire,182,امروز,2.1,4751,2.823,2.626,IRNA 2.1 | IRIB News 2.9 | Mehr News 2.4
group,state,ceasefire,183,بها,2.1,23,0.014,0.003,IRNA 2.1 | IRIB News 3.0 | Mehr News 2.2
group,state,ceasefire,184,سومین,2.1,333,0.198,0.127,IRNA 4.5 | IRIB News 2.1 | Mehr News 3.9
group,state,ceasefire,185,سخنگوی وزارت,2.1,208,0.124,0.073,IRNA 3.2 | IRIB News 2.1 | Mehr News 4.8
group,state,ceasefire,186,تابستانی,2.1,70,0.042,0.017,IRNA 3.8 | IRIB News 2.8 | Mehr News 2.1
group,state,ceasefire,187,فمن اعتدی علیکم,2.1,20,0.012,0.003,IRNA 2.1 | IRIB News 2.6 | Mehr News 2.4
group,state,ceasefire,188,فاعتدوا,2.1,21,0.012,0.003,IRNA 2.1 | IRIB News 2.9 | Mehr News 2.4
group,state,ceasefire,189,زیستی,2.1,120,0.071,0.014,IRNA 8.4 | IRIB News 2.1 | Mehr News 3.6
group,state,ceasefire,190,کاردانی,2.1,70,0.042,0.0,IRNA 2.2 | IRIB News 2.5 | Mehr News 2.1
group,state,ceasefire,191,بسم الله قاصم الجبارین,2.1,17,0.01,0.001,IRNA 2.1 | IRIB News 3.2 | Mehr News 2.1
group,state,ceasefire,192,آب آشامیدنی,2.1,57,0.034,0.014,IRNA 2.1 | IRIB News 3.8 | Mehr News 2.9
group,state,ceasefire,193,قرچک,2.1,30,0.018,0.001,IRNA 2.1 | IRIB News 4.5 | Mehr News 3.2
group,state,ceasefire,194,مدرس,2.1,50,0.03,0.013,IRNA 2.9 | IRIB News 2.2 | Mehr News 2.1
group,state,ceasefire,195,کرمانشاه,2.1,317,0.188,0.103,IRNA 2.6 | IRIB News 2.1 | Mehr News 9.3
group,state,ceasefire,196,صد,2.1,181,0.108,0.068,IRNA 2.1 | IRIB News 2.9 | Mehr News 3.6
group,state,ceasefire,197,داوطلبان,2.1,162,0.096,0.048,IRNA 2.6 | IRIB News 7.0 | Mehr News 2.1
group,state,ceasefire,198,آزمونی,2.1,52,0.031,0.014,IRNA 2.3 | IRIB News 2.1 | Mehr News 3.1
group,state,ceasefire,199,خراسان رضوی,2.1,200,0.119,0.066,IRNA 3.1 | IRIB News 6.3 | Mehr News 2.1
group,state,ceasefire,200,پیشکسوت,2.1,96,0.057,0.012,IRNA 7.5 | IRIB News 2.1 | Mehr News 2.5
group,state,after_truce_collapse,1,استان,7.7,2672,2.528,1.708,IRNA 9.6 | IRIB News 7.7 | Mehr News 9.7
group,state,after_truce_collapse,2,مرداد,6.8,1359,1.286,0.698,IRNA 10.8 | IRIB News 6.8 | Mehr News 9.9
group,state,after_truce_collapse,3,جمهوری اسلامی ایران,5.3,1874,1.773,1.056,IRNA 14.3 | IRIB News 5.8 | Mehr News 5.3
group,state,after_truce_collapse,4,دوشنبه,5.0,549,0.519,0.215,IRNA 9.9 | IRIB News 5.0 | Mehr News 8.3
group,state,after_truce_collapse,5,تیر,5.0,720,0.681,0.412,IRNA 6.2 | IRIB News 5.0 | Mehr News 6.3
group,state,after_truce_collapse,6,تهران,5.0,3393,3.21,2.646,IRNA 5.9 | IRIB News 5.0 | Mehr News 5.2
group,state,after_truce_collapse,7,حسینی,4.9,937,0.886,0.521,IRNA 4.9 | IRIB News 7.0 | Mehr News 10.7
group,state,after_truce_collapse,8,قزوین,4.8,210,0.199,0.068,IRNA 6.8 | IRIB News 5.7 | Mehr News 4.8
group,state,after_truce_collapse,9,شهریور,4.8,633,0.599,0.341,IRNA 4.8 | IRIB News 7.3 | Mehr News 7.4
group,state,after_truce_collapse,10,گیلان,4.8,186,0.176,0.068,IRNA 5.4 | IRIB News 4.8 | Mehr News 5.0
group,state,after_truce_collapse,11,شنبه,4.8,572,0.541,0.244,IRNA 9.1 | IRIB News 4.8 | Mehr News 8.1
group,state,after_truce_collapse,12,اربعین,4.3,2333,2.207,1.326,IRNA 13.5 | IRIB News 4.3 | Mehr News 10.9
group,state,after_truce_collapse,13,مردادماه,4.3,400,0.378,0.223,IRNA 4.3 | IRIB News 4.4 | Mehr News 5.4
group,state,after_truce_collapse,14,خراسان شمالی,4.3,116,0.11,0.037,IRNA 4.6 | IRIB News 4.9 | Mehr News 4.3
group,state,after_truce_collapse,15,بسم الله قاصم الجبارین,4.0,110,0.104,0.032,IRNA 4.0 | IRIB News 5.8 | Mehr News 4.7
group,state,after_truce_collapse,16,سه‌شنبه,3.9,327,0.309,0.159,IRNA 5.8 | IRIB News 3.9 | Mehr News 5.1
group,state,after_truce_collapse,17,مدیر,3.9,428,0.405,0.248,IRNA 4.5 | IRIB News 3.9 | Mehr News 5.2
group,state,after_truce_collapse,18,پنجشنبه,3.8,473,0.447,0.27,IRNA 5.6 | IRIB News 3.8 | Mehr News 4.5
group,state,after_truce_collapse,19,اسلامی,3.7,1821,1.723,1.267,IRNA 6.6 | IRIB News 3.7 | Mehr News 6.8
group,state,after_truce_collapse,20,محور,3.7,574,0.543,0.359,IRNA 4.5 | IRIB News 3.7 | Mehr News 5.2
group,state,after_truce_collapse,21,نمایش,3.6,485,0.459,0.265,IRNA 6.1 | IRIB News 3.6 | Mehr News 5.3
group,state,after_truce_collapse,22,آهن,3.6,108,0.102,0.038,IRNA 4.2 | IRIB News 4.4 | Mehr News 3.6
group,state,after_truce_collapse,23,پزشکی,3.6,539,0.51,0.224,IRNA 10.4 | IRIB News 3.6 | Mehr News 6.0
group,state,after_truce_collapse,24,یکشنبه,3.6,393,0.372,0.163,IRNA 7.0 | IRIB News 3.6 | Mehr News 8.7
group,state,after_truce_collapse,25,جشنواره,3.5,174,0.165,0.032,IRNA 9.2 | IRIB News 3.5 | Mehr News 3.7
group,state,after_truce_collapse,26,آسیا,3.5,554,0.524,0.229,IRNA 11.4 | IRIB News 4.6 | Mehr News 3.5
group,state,after_truce_collapse,27,حماس,3.5,486,0.46,0.27,IRNA 6.2 | IRIB News 3.5 | Mehr News 4.6
group,state,after_truce_collapse,28,تجاوز,3.5,1231,1.164,0.92,IRNA 3.5 | IRIB News 4.6 | Mehr News 4.1
group,state,after_truce_collapse,29,هفتم,3.5,202,0.191,0.103,IRNA 3.5 | IRIB News 3.5 | Mehr News 4.7
group,state,after_truce_collapse,30,جهانی,3.4,1350,1.277,0.757,IRNA 11.8 | IRIB News 3.4 | Mehr News 6.5
group,state,after_truce_collapse,31,علوم,3.3,445,0.421,0.205,IRNA 8.0 | IRIB News 6.4 | Mehr News 3.3
group,state,after_truce_collapse,32,اتحادیه,3.2,217,0.205,0.068,IRNA 8.3 | IRIB News 3.2 | Mehr News 3.8
group,state,after_truce_collapse,33,وزیر آموزش‌وپرورش,3.2,144,0.136,0.044,IRNA 6.1 | IRIB News 5.2 | Mehr News 3.2
group,state,after_truce_collapse,34,ارومیه,3.2,41,0.039,0.004,IRNA 4.2 | IRIB News 3.2 | Mehr News 3.4
group,state,after_truce_collapse,35,استاندار,3.1,566,0.535,0.248,IRNA 9.9 | IRIB News 3.1 | Mehr News 6.6
group,state,after_truce_collapse,36,تایمز,3.1,114,0.108,0.035,IRNA 4.1 | IRIB News 3.1 | Mehr News 6.2
group,state,after_truce_collapse,37,آباد,3.1,77,0.073,0.028,IRNA 3.1 | IRIB News 3.6 | Mehr News 3.5
group,state,after_truce_collapse,38,اورژانس,3.1,297,0.281,0.098,IRNA 5.7 | IRIB News 3.1 | Mehr News 11.3
group,state,after_truce_collapse,39,وزارت امور خارجه,3.0,578,0.547,0.244,IRNA 11.2 | IRIB News 3.0 | Mehr News 5.5
group,state,after_truce_collapse,40,تبریک,3.0,376,0.356,0.23,IRNA 3.1 | IRIB News 3.0 | Mehr News 5.7
group,state,after_truce_collapse,41,اردبیل,2.9,145,0.137,0.055,IRNA 5.2 | IRIB News 4.3 | Mehr News 2.9
group,state,after_truce_collapse,42,راهداری,2.9,112,0.106,0.052,IRNA 2.9 | IRIB News 3.9 | Mehr News 3.1
group,state,after_truce_collapse,43,مدیرکل,2.9,451,0.427,0.198,IRNA 9.1 | IRIB News 2.9 | Mehr News 5.4
group,state,after_truce_collapse,44,کهگیلویه,2.9,63,0.06,0.015,IRNA 4.6 | IRIB News 3.0 | Mehr News 2.9
group,state,after_truce_collapse,45,سازمان سنجش آموزش کشور,2.9,76,0.072,0.015,IRNA 4.8 | IRIB News 5.5 | Mehr News 2.9
group,state,after_truce_collapse,46,شهرستان,2.9,949,0.898,0.662,IRNA 2.9 | IRIB News 4.5 | Mehr News 6.5
group,state,after_truce_collapse,47,نقره,2.8,119,0.113,0.046,IRNA 4.7 | IRIB News 3.7 | Mehr News 2.8
group,state,after_truce_collapse,48,کنفرانس,2.8,136,0.129,0.071,IRNA 3.2 | IRIB News 2.8 | Mehr News 2.9
group,state,after_truce_collapse,49,دکتری,2.8,50,0.047,0.013,IRNA 2.8 | IRIB News 4.7 | Mehr News 2.9
group,state,after_truce_collapse,50,مدارس,2.8,234,0.221,0.134,IRNA 2.8 | IRIB News 4.8 | Mehr News 3.5
group,state,after_truce_collapse,51,دانشگاه علوم پزشکی,2.7,117,0.111,0.046,IRNA 4.6 | IRIB News 2.7 | Mehr News 3.4
group,state,after_truce_collapse,52,مدال,2.7,174,0.165,0.068,IRNA 6.3 | IRIB News 2.7 | Mehr News 3.0
group,state,after_truce_collapse,53,نجات,2.7,378,0.358,0.23,IRNA 4.7 | IRIB News 2.7 | Mehr News 3.3
group,state,after_truce_collapse,54,حقوق بشری,2.7,47,0.044,0.012,IRNA 3.6 | IRIB News 2.7 | Mehr News 3.0
group,state,after_truce_collapse,55,کتاب,2.7,342,0.324,0.092,IRNA 11.0 | IRIB News 2.7 | Mehr News 7.2
group,state,after_truce_collapse,56,قاتلوهم,2.7,47,0.044,0.012,IRNA 2.7 | IRIB News 3.9 | Mehr News 3.7
group,state,after_truce_collapse,57,معاون,2.7,2361,2.233,1.435,IRNA 14.6 | IRIB News 6.7 | Mehr News 2.7
group,state,after_truce_collapse,58,والیبال,2.7,234,0.221,0.131,IRNA 4.0 | IRIB News 2.7 | Mehr News 3.4
group,state,after_truce_collapse,59,آتش سوزی,2.7,150,0.142,0.07,IRNA 2.7 | IRIB News 4.4 | Mehr News 4.8
group,state,after_truce_collapse,60,امدادرسانی,2.6,52,0.049,0.015,IRNA 3.3 | IRIB News 2.6 | Mehr News 3.3
group,state,after_truce_collapse,61,میراث,2.6,301,0.285,0.087,IRNA 10.9 | IRIB News 2.6 | Mehr News 3.5
group,state,after_truce_collapse,62,نمایشگاه,2.6,172,0.163,0.075,IRNA 4.7 | IRIB News 2.6 | Mehr News 4.5
group,state,after_truce_collapse,63,بویراحمد,2.6,60,0.057,0.013,IRNA 4.8 | IRIB News 2.6 | Mehr News 2.9
group,state,after_truce_collapse,64,شمس,2.5,47,0.044,0.017,IRNA 2.5 | IRIB News 2.8 | Mehr News 3.0
group,state,after_truce_collapse,65,مدیرکل مدیریت بحران استانداری,2.5,57,0.054,0.02,IRNA 2.5 | IRIB News 3.0 | Mehr News 3.7
group,state,after_truce_collapse,66,حفاظت محیط زیست,2.4,91,0.086,0.019,IRNA 6.4 | IRIB News 2.8 | Mehr News 2.4
group,state,after_truce_collapse,67,نوجوانان,2.4,233,0.22,0.119,IRNA 5.4 | IRIB News 3.0 | Mehr News 2.4
group,state,after_truce_collapse,68,شهریورماه,2.4,166,0.157,0.08,IRNA 4.0 | IRIB News 2.4 | Mehr News 4.1
group,state,after_truce_collapse,69,واژگونی,2.4,100,0.095,0.039,IRNA 2.4 | IRIB News 3.0 | Mehr News 5.7
group,state,after_truce_collapse,70,آیین,2.4,546,0.516,0.211,IRNA 10.3 | IRIB News 2.4 | Mehr News 9.3
group,state,after_truce_collapse,71,سرهنگ,2.4,78,0.074,0.037,IRNA 2.6 | IRIB News 3.0 | Mehr News 2.4
group,state,after_truce_collapse,72,لینک,2.4,127,0.12,0.037,IRNA 6.5 | IRIB News 3.9 | Mehr News 2.4
group,state,after_truce_collapse,73,تعاون,2.4,38,0.036,0.008,IRNA 3.3 | IRIB News 2.4 | Mehr News 3.2
group,state,after_truce_collapse,74,سینمایی,2.4,75,0.071,0.031,IRNA 3.1 | IRIB News 2.4 | Mehr News 3.3
group,state,after_truce_collapse,75,سخنگوی وزارت,2.4,157,0.149,0.067,IRNA 4.9 | IRIB News 2.4 | Mehr News 4.0
group,state,after_truce_collapse,76,فوریت‌های,2.4,31,0.029,0.006,IRNA 2.6 | IRIB News 2.4 | Mehr News 3.7
group,state,after_truce_collapse,77,فرهادی,2.4,24,0.023,0.004,IRNA 2.4 | IRIB News 3.7 | Mehr News 2.6
group,state,after_truce_collapse,78,یکمین,2.3,39,0.037,0.004,IRNA 4.3 | IRIB News 2.3 | Mehr News 2.6
group,state,after_truce_collapse,79,قهرمانی,2.3,531,0.502,0.259,IRNA 10.1 | IRIB News 2.4 | Mehr News 2.3
group,state,after_truce_collapse,80,واردکنندگان,2.3,61,0.058,0.015,IRNA 4.1 | IRIB News 4.3 | Mehr News 2.3
group,state,after_truce_collapse,81,رشت,2.3,71,0.067,0.019,IRNA 4.9 | IRIB News 2.3 | Mehr News 3.0
group,state,after_truce_collapse,82,پاسداشت,2.3,82,0.078,0.038,IRNA 3.2 | IRIB News 2.4 | Mehr News 2.3
group,state,after_truce_collapse,83,رهاسازی,2.3,22,0.021,0.001,IRNA 2.9 | IRIB News 2.3 | Mehr News 2.8
group,state,after_truce_collapse,84,صنعت,2.3,716,0.677,0.355,IRNA 11.6 | IRIB News 3.2 | Mehr News 2.3
group,state,after_truce_collapse,85,آذربایجان شرقی,2.3,102,0.096,0.039,IRNA 3.7 | IRIB News 5.4 | Mehr News 2.3
group,state,after_truce_collapse,86,رانندگی,2.3,78,0.074,0.033,IRNA 3.4 | IRIB News 2.7 | Mehr News 2.3
group,state,after_truce_collapse,87,همایش,2.3,107,0.101,0.019,IRNA 6.4 | IRIB News 2.3 | Mehr News 5.8
group,state,after_truce_collapse,88,جنگل‌های,2.2,89,0.084,0.046,IRNA 2.6 | IRIB News 2.5 | Mehr News 2.2
group,state,after_truce_collapse,89,زوار,2.2,99,0.094,0.031,IRNA 2.2 | IRIB News 2.6 | Mehr News 7.5
group,state,after_truce_collapse,90,وحدت,2.2,958,0.906,0.705,IRNA 3.6 | IRIB News 5.0 | Mehr News 2.2
group,state,after_truce_collapse,91,زائران,2.2,1607,1.52,1.259,IRNA 2.2 | IRIB News 2.2 | Mehr News 6.3
group,state,after_truce_collapse,92,سازمان ملل,2.2,433,0.41,0.225,IRNA 8.3 | IRIB News 2.2 | Mehr News 2.4
group,state,after_truce_collapse,93,بازتاب,2.2,149,0.141,0.059,IRNA 2.2 | IRIB News 2.9 | Mehr News 8.0
group,state,after_truce_collapse,94,مساجد,2.2,77,0.073,0.037,IRNA 2.2 | IRIB News 3.2 | Mehr News 2.8
group,state,after_truce_collapse,95,بانوان,2.2,207,0.196,0.093,IRNA 5.8 | IRIB News 2.2 | Mehr News 3.8
group,state,after_truce_collapse,96,بهداشت,2.1,293,0.277,0.11,IRNA 8.8 | IRIB News 2.1 | Mehr News 4.5
group,state,after_truce_collapse,97,ارمنستان,2.1,75,0.071,0.027,IRNA 2.7 | IRIB News 2.1 | Mehr News 5.0
group,state,after_truce_collapse,98,خراسان رضوی,2.1,177,0.167,0.085,IRNA 4.2 | IRIB News 5.0 | Mehr News 2.1
group,state,after_truce_collapse,99,نصیرزاده,2.1,19,0.018,0.002,IRNA 2.7 | IRIB News 2.1 | Mehr News 2.5
group,state,after_truce_collapse,100,آتش نشانی,2.1,43,0.041,0.011,IRNA 2.8 | IRIB News 2.1 | Mehr News 4.3
group,state,after_truce_collapse,101,فردیس,2.1,23,0.022,0.006,IRNA 2.1 | IRIB News 2.4 | Mehr News 2.5
group,state,after_truce_collapse,102,حقوق بین‌الملل,2.1,253,0.239,0.147,IRNA 4.8 | IRIB News 2.1 | Mehr News 2.1
group,state,after_truce_collapse,103,فرهنگیان,2.1,44,0.042,0.011,IRNA 3.5 | IRIB News 3.8 | Mehr News 2.1
group,state,after_truce_collapse,104,نوار غزه,2.1,319,0.302,0.213,IRNA 2.9 | IRIB News 2.1 | Mehr News 3.3
group,state,after_truce_collapse,105,منشور,2.1,142,0.134,0.086,IRNA 2.6 | IRIB News 2.5 | Mehr News 2.1
group,state,after_truce_collapse,106,دماوند,2.1,56,0.053,0.024,IRNA 2.9 | IRIB News 2.1 | Mehr News 2.2
group,state,after_truce_collapse,107,فر,2.1,19,0.018,0.002,IRNA 2.7 | IRIB News 2.1 | Mehr News 2.4
group,state,after_truce_collapse,108,برنز,2.1,39,0.037,0.011,IRNA 3.0 | IRIB News 2.1 | Mehr News 3.2
group,state,after_truce_collapse,109,نعیم,2.1,28,0.026,0.002,IRNA 3.6 | IRIB News 2.1 | Mehr News 2.4
group,state,after_truce_collapse,110,عرب,2.1,134,0.127,0.064,IRNA 4.4 | IRIB News 2.6 | Mehr News 2.1
group,state,after_truce_collapse,111,داوطلبان,2.1,149,0.141,0.066,IRNA 2.1 | IRIB News 6.8 | Mehr News 4.2
group,state,after_truce_collapse,112,شهرستان‌های,2.1,120,0.114,0.061,IRNA 3.3 | IRIB News 2.1 | Mehr News 2.8
group,state,after_truce_collapse,113,پلنگ,2.0,61,0.058,0.021,IRNA 2.0 | IRIB News 2.6 | Mehr News 4.8
group,state,after_truce_collapse,114,هلند,2.0,49,0.046,0.02,IRNA 2.0 | IRIB News 3.1 | Mehr News 2.6
group,state,after_truce_collapse,115,یوسفی,2.0,35,0.033,0.011,IRNA 2.0 | IRIB News 2.1 | Mehr News 3.7
group,state,after_truce_collapse,116,محورهای,2.0,248,0.235,0.126,IRNA 5.4 | IRIB News 4.1 | Mehr News 2.0
group,state,after_truce_collapse,117,شورای هماهنگی تبلیغات اسلامی,2.0,29,0.027,0.005,IRNA 2.7 | IRIB News 4.3 | Mehr News 2.0
group,state,after_truce_collapse,118,مدال طلا,2.0,50,0.047,0.018,IRNA 2.0 | IRIB News 2.3 | Mehr News 4.1
group,state,after_truce_collapse,119,رشته,2.0,99,0.094,0.041,IRNA 4.1 | IRIB News 3.3 | Mehr News 2.0
group,state,after_truce_collapse,120,اندیشیده,2.0,23,0.022,0.005,IRNA 2.8 | IRIB News 2.1 | Mehr News 2.0
group,state,after_truce_collapse,121,نوین,2.0,210,0.199,0.136,IRNA 2.9 | IRIB News 2.4 | Mehr News 2.0
group,state,after_truce_collapse,122,کودک,2.0,375,0.355,0.274,IRNA 2.0 | IRIB News 2.0 | Mehr News 3.2
group,state,after_truce_collapse,123,قربانیان,2.0,181,0.171,0.116,IRNA 2.1 | IRIB News 2.0 | Mehr News 3.1
group,state,after_truce_collapse,124,وزیر امور خارجه,2.0,1095,1.036,0.704,IRNA 8.0 | IRIB News 2.0 | Mehr News 5.0
group,state,after_truce_collapse,125,چهلم,2.0,121,0.114,0.068,IRNA 2.0 | IRIB News 2.3 | Mehr News 3.5
group,state,after_truce_collapse,126,ستاد مرکزی اربعین,2.0,93,0.088,0.041,IRNA 2.7 | IRIB News 4.9 | Mehr News 2.0
group,state,after_truce_collapse,127,توانیر,2.0,66,0.062,0.028,IRNA 2.5 | IRIB News 3.8 | Mehr News 2.0
group,state,after_truce_collapse,128,جمهوری,2.0,353,0.334,0.126,IRNA 10.9 | IRIB News 2.0 | Mehr News 3.0
group,irgc_affiliated,all,1,حزب‌الله,20.8,3868,1.677,0.886,Tasnim News 26.0 | Fars News 20.8
group,irgc_affiliated,all,2,پهپاد,15.0,1884,0.817,0.43,Tasnim News 15.0 | Fars News 19.2
group,irgc_affiliated,all,3,اغتشاشات,14.2,902,0.391,0.155,Tasnim News 17.2 | Fars News 14.2
group,irgc_affiliated,all,4,صهیونیست‌ها,13.6,1136,0.493,0.244,Tasnim News 13.6 | Fars News 14.8
group,irgc_affiliated,all,5,ارتش,13.3,6145,2.665,1.948,Tasnim News 16.9 | Fars News 13.3
group,irgc_affiliated,all,6,خیابان,12.7,2422,1.05,0.498,Tasnim News 27.6 | Fars News 12.7
group,irgc_affiliated,all,7,بیعت,12.5,915,0.397,0.19,Tasnim News 13.6 | Fars News 12.5
group,irgc_affiliated,all,8,موشک,12.4,2726,1.182,0.734,Tasnim News 12.4 | Fars News 19.3
group,irgc_affiliated,all,9,دستگیر,12.4,1119,0.485,0.248,Tasnim News 14.2 | Fars News 12.4
group,irgc_affiliated,all,10,اینترنشنال,12.0,433,0.188,0.065,Tasnim News 12.0 | Fars News 12.9
group,irgc_affiliated,all,11,اغتشاشگران,11.8,526,0.228,0.084,Tasnim News 13.8 | Fars News 11.8
group,irgc_affiliated,all,12,عبری,11.3,628,0.272,0.088,Tasnim News 18.4 | Fars News 11.3
group,irgc_affiliated,all,13,فلسطین اشغالی,11.1,628,0.272,0.121,Tasnim News 12.4 | Fars News 11.1
group,irgc_affiliated,all,14,سپاه,11.1,2067,0.896,0.54,Tasnim News 11.1 | Fars News 18.1
group,irgc_affiliated,all,15,رضا پهلوی,11.0,325,0.141,0.042,Tasnim News 11.0 | Fars News 12.9
group,irgc_affiliated,all,16,باشگاه,10.6,863,0.374,0.204,Tasnim News 10.9 | Fars News 10.6
group,irgc_affiliated,all,17,موشک‌های,10.5,2123,0.921,0.56,Tasnim News 10.5 | Fars News 18.8
group,irgc_affiliated,all,18,مردم,10.1,15017,6.512,5.716,Tasnim News 10.4 | Fars News 10.1
group,irgc_affiliated,all,19,تجمع,10.1,1500,0.65,0.413,Tasnim News 11.4 | Fars News 10.1
group,irgc_affiliated,all,20,آتش‌سوزی,10.0,1245,0.54,0.34,Tasnim News 10.1 | Fars News 10.0
group,irgc_affiliated,all,21,پهلوی,10.0,484,0.21,0.079,Tasnim News 13.6 | Fars News 10.0
group,irgc_affiliated,all,22,آمریکایی,9.9,8982,3.895,3.144,Tasnim News 9.9 | Fars News 17.0
group,irgc_affiliated,all,23,دشمن,9.9,8094,3.51,2.717,Tasnim News 9.9 | Fars News 21.0
group,irgc_affiliated,all,24,فرمانده,9.9,2291,0.993,0.712,Tasnim News 9.9 | Fars News 10.1
group,irgc_affiliated,all,25,نیروهای مسلح,9.8,2768,1.2,0.887,Tasnim News 9.8 | Fars News 10.2
group,irgc_affiliated,all,26,ضدانقلاب,9.8,273,0.118,0.031,Tasnim News 9.8 | Fars News 14.3
group,irgc_affiliated,all,27,شلیک,9.7,1780,0.772,0.483,Tasnim News 9.7 | Fars News 15.6
group,irgc_affiliated,all,28,اسرائیلی,9.6,1935,0.839,0.577,Tasnim News 10.7 | Fars News 9.6
group,irgc_affiliated,all,29,خونخواهی,9.5,538,0.233,0.116,Tasnim News 9.8 | Fars News 9.5
group,irgc_affiliated,all,30,موج,9.5,1996,0.866,0.586,Tasnim News 11.8 | Fars News 9.5
group,irgc_affiliated,all,31,هدف قرار,9.5,3218,1.395,1.045,Tasnim News 10.9 | Fars News 9.5
group,irgc_affiliated,all,32,پایگاه,9.5,3019,1.309,0.875,Tasnim News 9.5 | Fars News 19.5
group,irgc_affiliated,all,33,موشکی,9.4,2147,0.931,0.64,Tasnim News 9.4 | Fars News 12.8
group,irgc_affiliated,all,34,سعودی,9.3,631,0.274,0.141,Tasnim News 9.3 | Fars News 10.9
group,irgc_affiliated,all,35,حمله موشکی,9.3,1024,0.444,0.237,Tasnim News 14.0 | Fars News 9.3
group,irgc_affiliated,all,36,پرسپولیس,9.2,986,0.428,0.23,Tasnim News 9.2 | Fars News 15.2
group,irgc_affiliated,all,37,انقلابی,9.2,653,0.283,0.152,Tasnim News 9.2 | Fars News 10.1
group,irgc_affiliated,all,38,فریاد,9.1,568,0.246,0.129,Tasnim News 9.1 | Fars News 9.4
group,irgc_affiliated,all,39,آژیر,9.1,721,0.313,0.127,Tasnim News 17.0 | Fars News 9.1
group,irgc_affiliated,all,40,اصابت,9.1,2795,1.212,0.751,Tasnim News 9.1 | Fars News 24.1
group,irgc_affiliated,all,41,امارات,9.1,1918,0.832,0.527,Tasnim News 9.1 | Fars News 16.7
group,irgc_affiliated,all,42,انتقام,9.0,848,0.368,0.199,Tasnim News 12.0 | Fars News 9.0
group,irgc_affiliated,all,43,سایبری,8.6,541,0.235,0.124,Tasnim News 9.1 | Fars News 8.6
group,irgc_affiliated,all,44,آژیرهای هشدار,8.6,445,0.193,0.071,Tasnim News 14.2 | Fars News 8.6
group,irgc_affiliated,all,45,صهیونیست,8.4,1107,0.48,0.245,Tasnim News 16.7 | Fars News 8.4
group,irgc_affiliated,all,46,انهدام,8.3,1018,0.441,0.27,Tasnim News 8.3 | Fars News 11.5
group,irgc_affiliated,all,47,حمله پهپادی,8.2,839,0.364,0.182,Tasnim News 14.5 | Fars News 8.2
group,irgc_affiliated,all,48,آپارات,8.2,145,0.063,0.006,Tasnim News 12.7 | Fars News 8.2
group,irgc_affiliated,all,49,هلاکت,8.1,412,0.179,0.083,Tasnim News 9.9 | Fars News 8.1
group,irgc_affiliated,all,50,سپاه پاسداران,8.1,879,0.381,0.183,Tasnim News 8.1 | Fars News 19.1
group,irgc_affiliated,all,51,فرماندهی,8.0,1210,0.525,0.355,Tasnim News 8.7 | Fars News 8.0
group,irgc_affiliated,all,52,رزمندگان,8.0,1328,0.576,0.353,Tasnim News 13.0 | Fars News 8.0
group,irgc_affiliated,all,53,تروریست,8.0,707,0.307,0.16,Tasnim News 11.9 | Fars News 8.0
group,irgc_affiliated,all,54,کشته‌سازی,8.0,145,0.063,0.017,Tasnim News 8.7 | Fars News 8.0
group,irgc_affiliated,all,55,آمریکایی‌ها,8.0,1634,0.709,0.482,Tasnim News 10.9 | Fars News 8.0
group,irgc_affiliated,all,56,حمله,7.9,8978,3.893,3.348,Tasnim News 7.9 | Fars News 10.9
group,irgc_affiliated,all,57,ماهواره‌ای,7.8,361,0.157,0.071,Tasnim News 7.8 | Fars News 10.4
group,irgc_affiliated,all,58,منهدم,7.7,921,0.399,0.237,Tasnim News 7.7 | Fars News 12.2
group,irgc_affiliated,all,59,میلیون بشکه,7.7,236,0.102,0.042,Tasnim News 7.7 | Fars News 8.4
group,irgc_affiliated,all,60,رهبر شهید انقلاب,7.7,2700,1.171,0.884,Tasnim News 7.7 | Fars News 11.3
group,irgc_affiliated,all,61,اژه‌ای,7.6,313,0.136,0.042,Tasnim News 7.6 | Fars News 16.0
group,irgc_affiliated,all,62,استقلال,7.5,1661,0.72,0.534,Tasnim News 7.7 | Fars News 7.5
group,irgc_affiliated,all,63,الجلیل,7.5,226,0.098,0.031,Tasnim News 10.7 | Fars News 7.5
group,irgc_affiliated,all,64,پایان معاملات امروز,7.4,172,0.075,0.017,Tasnim News 7.4 | Fars News 12.8
group,irgc_affiliated,all,65,رهبر,7.4,3749,1.626,1.284,Tasnim News 7.4 | Fars News 11.6
group,irgc_affiliated,all,66,پهپاد انتحاری,7.4,169,0.073,0.027,Tasnim News 7.4 | Fars News 7.5
group,irgc_affiliated,all,67,خیابان‌ها,7.4,672,0.291,0.18,Tasnim News 7.8 | Fars News 7.4
group,irgc_affiliated,all,68,شناسایی,7.4,1852,0.803,0.551,Tasnim News 12.0 | Fars News 7.4
group,irgc_affiliated,all,69,مزدوران,7.3,438,0.19,0.093,Tasnim News 9.9 | Fars News 7.3
group,irgc_affiliated,all,70,عملیات‌های,7.3,526,0.228,0.135,Tasnim News 7.4 | Fars News 7.3
group,irgc_affiliated,all,71,حرم حضرت معصومه,7.2,206,0.089,0.027,Tasnim News 10.9 | Fars News 7.2
group,irgc_affiliated,all,72,عملیات,7.2,4561,1.978,1.593,Tasnim News 10.8 | Fars News 7.2
group,irgc_affiliated,all,73,حرم,7.2,995,0.431,0.262,Tasnim News 7.2 | Fars News 13.0
group,irgc_affiliated,all,74,پهپادهای,7.1,982,0.426,0.275,Tasnim News 7.1 | Fars News 10.3
group,irgc_affiliated,all,75,حیفا,7.1,607,0.263,0.148,Tasnim News 7.1 | Fars News 10.5
group,irgc_affiliated,all,76,انقلاب,7.1,3539,1.535,1.21,Tasnim News 7.1 | Fars News 11.5
group,irgc_affiliated,all,77,دستگیری,7.1,851,0.369,0.231,Tasnim News 9.3 | Fars News 7.1
group,irgc_affiliated,all,78,قیام,7.0,392,0.17,0.071,Tasnim News 12.1 | Fars News 7.0
group,irgc_affiliated,all,79,میدان,7.0,4690,2.034,1.614,Tasnim News 7.0 | Fars News 14.3
group,irgc_affiliated,all,80,تصاویر,7.0,1624,0.704,0.488,Tasnim News 7.0 | Fars News 12.3
group,irgc_affiliated,all,81,تروریست‌ها,6.9,398,0.173,0.095,Tasnim News 6.9 | Fars News 7.5
group,irgc_affiliated,all,82,موساد,6.9,630,0.273,0.163,Tasnim News 8.7 | Fars News 6.9
group,irgc_affiliated,all,83,ضربات,6.9,520,0.225,0.13,Tasnim News 6.9 | Fars News 8.6
group,irgc_affiliated,all,84,یمن,6.9,1645,0.713,0.448,Tasnim News 14.8 | Fars News 6.9
group,irgc_affiliated,all,85,مداحی,6.9,201,0.087,0.028,Tasnim News 10.1 | Fars News 6.9
group,irgc_affiliated,all,86,سلاح,6.9,1016,0.441,0.298,Tasnim News 8.4 | Fars News 6.9
group,irgc_affiliated,all,87,عناصر,6.9,779,0.338,0.207,Tasnim News 9.5 | Fars News 6.9
group,irgc_affiliated,all,88,شمال فلسطین اشغالی,6.8,589,0.255,0.082,Tasnim News 20.0 | Fars News 6.8
group,irgc_affiliated,all,89,شهید پاکپور,6.8,91,0.039,0.007,Tasnim News 8.7 | Fars News 6.8
group,irgc_affiliated,all,90,اغتشاش,6.8,218,0.095,0.04,Tasnim News 7.7 | Fars News 6.8
group,irgc_affiliated,all,91,پرچم,6.8,1212,0.526,0.359,Tasnim News 6.8 | Fars News 10.2
group,irgc_affiliated,all,92,پرتاب,6.7,541,0.235,0.138,Tasnim News 8.1 | Fars News 6.7
group,irgc_affiliated,all,93,نزدیکی,6.7,954,0.414,0.286,Tasnim News 6.7 | Fars News 7.7
group,irgc_affiliated,all,94,پهپادهای انتحاری,6.6,169,0.073,0.027,Tasnim News 8.0 | Fars News 6.6
group,irgc_affiliated,all,95,هوافضا,6.6,171,0.074,0.03,Tasnim News 6.6 | Fars News 7.3
group,irgc_affiliated,all,96,جنگنده‌های,6.6,786,0.341,0.192,Tasnim News 12.0 | Fars News 6.6
group,irgc_affiliated,all,97,ویدیو,6.6,150,0.065,0.026,Tasnim News 6.6 | Fars News 6.6
group,irgc_affiliated,all,98,حماسه,6.6,1041,0.451,0.17,Tasnim News 24.6 | Fars News 6.6
group,irgc_affiliated,all,99,منافقین,6.6,271,0.118,0.055,Tasnim News 6.6 | Fars News 8.5
group,irgc_affiliated,all,100,فسخ,6.4,88,0.038,0.009,Tasnim News 7.1 | Fars News 6.4
group,irgc_affiliated,all,101,منابع محلی,6.4,337,0.146,0.065,Tasnim News 10.3 | Fars News 6.4
group,irgc_affiliated,all,102,شکار,6.4,272,0.118,0.058,Tasnim News 6.4 | Fars News 7.7
group,irgc_affiliated,all,103,بین‌الحرمین,6.4,99,0.043,0.012,Tasnim News 6.4 | Fars News 7.5
group,irgc_affiliated,all,104,سامانه‌های,6.4,925,0.401,0.279,Tasnim News 6.4 | Fars News 7.6
group,irgc_affiliated,all,105,پهپادی,6.4,1302,0.565,0.375,Tasnim News 6.4 | Fars News 12.9
group,irgc_affiliated,all,106,تروریست‌های,6.3,472,0.205,0.109,Tasnim News 9.5 | Fars News 6.3
group,irgc_affiliated,all,107,پیکر,6.3,1224,0.531,0.391,Tasnim News 7.0 | Fars News 6.3
group,irgc_affiliated,all,108,لحظه,6.2,1425,0.618,0.46,Tasnim News 6.2 | Fars News 8.0
group,irgc_affiliated,all,109,رهگیری,6.2,562,0.244,0.156,Tasnim News 6.2 | Fars News 6.9
group,irgc_affiliated,all,110,ماموران,6.2,587,0.255,0.152,Tasnim News 8.7 | Fars News 6.2
group,irgc_affiliated,all,111,فروند,6.2,1007,0.437,0.303,Tasnim News 6.2 | Fars News 8.6
group,irgc_affiliated,all,112,آیت‌الله سیدمجتبی خامنه‌ای,6.1,147,0.064,0.023,Tasnim News 7.7 | Fars News 6.1
group,irgc_affiliated,all,113,قرارداد,6.1,515,0.223,0.124,Tasnim News 9.4 | Fars News 6.1
group,irgc_affiliated,all,114,سازمان اطلاعات سپاه,6.1,300,0.13,0.071,Tasnim News 6.4 | Fars News 6.1
group,irgc_affiliated,all,115,الجولانی,6.1,74,0.032,0.006,Tasnim News 6.1 | Fars News 8.2
group,irgc_affiliated,all,116,نظامیان,6.1,1650,0.716,0.374,Tasnim News 22.0 | Fars News 6.1
group,irgc_affiliated,all,117,آتش,6.1,1679,0.728,0.548,Tasnim News 8.2 | Fars News 6.1
group,irgc_affiliated,all,118,مزدور,6.1,259,0.112,0.057,Tasnim News 6.9 | Fars News 6.1
group,irgc_affiliated,all,119,کشف,6.1,1169,0.507,0.351,Tasnim News 6.1 | Fars News 10.2
group,irgc_affiliated,all,120,آشوبگران,6.0,182,0.079,0.032,Tasnim News 7.8 | Fars News 6.0
group,irgc_affiliated,all,121,عملیاتی,6.0,1337,0.58,0.432,Tasnim News 7.3 | Fars News 6.0
group,irgc_affiliated,all,122,تجهیزات,6.0,1184,0.513,0.383,Tasnim News 6.0 | Fars News 6.8
group,irgc_affiliated,all,123,سیل,6.0,370,0.16,0.087,Tasnim News 7.9 | Fars News 6.0
group,irgc_affiliated,all,124,تروریستی,6.0,2019,0.876,0.58,Tasnim News 15.2 | Fars News 6.0
group,irgc_affiliated,all,125,خودروی,6.0,572,0.248,0.166,Tasnim News 6.0 | Fars News 6.0
group,irgc_affiliated,all,126,مهدی رسولی,5.9,144,0.062,0.022,Tasnim News 7.7 | Fars News 5.9
group,irgc_affiliated,all,127,پالایشگاه,5.9,447,0.194,0.094,Tasnim News 5.9 | Fars News 13.1
group,irgc_affiliated,all,128,آسمان,5.9,1212,0.526,0.396,Tasnim News 5.9 | Fars News 6.6
group,irgc_affiliated,all,129,کویت,5.9,1679,0.728,0.486,Tasnim News 5.9 | Fars News 16.1
group,irgc_affiliated,all,130,زنجانی‌ها,5.9,56,0.024,0.003,Tasnim News 5.9 | Fars News 7.7
group,irgc_affiliated,all,131,دشمنان,5.8,2024,0.878,0.696,Tasnim News 7.2 | Fars News 5.8
group,irgc_affiliated,all,132,اربیل,5.8,576,0.25,0.146,Tasnim News 5.8 | Fars News 10.6
group,irgc_affiliated,all,133,گروهک‌های,5.8,190,0.082,0.038,Tasnim News 5.8 | Fars News 6.9
group,irgc_affiliated,all,134,انفجارهای,5.8,400,0.173,0.108,Tasnim News 5.8 | Fars News 5.8
group,irgc_affiliated,all,135,تراکتور,5.8,359,0.156,0.094,Tasnim News 6.0 | Fars News 5.8
group,irgc_affiliated,all,136,آشوب,5.7,324,0.14,0.078,Tasnim News 5.7 | Fars News 7.4
group,irgc_affiliated,all,137,راداری,5.7,264,0.114,0.062,Tasnim News 6.3 | Fars News 5.7
group,irgc_affiliated,all,138,نبرد,5.7,1165,0.505,0.348,Tasnim News 9.5 | Fars News 5.7
group,irgc_affiliated,all,139,معاند,5.7,290,0.126,0.061,Tasnim News 8.4 | Fars News 5.7
group,irgc_affiliated,all,140,بجنورد,5.7,182,0.079,0.038,Tasnim News 5.7 | Fars News 6.2
group,irgc_affiliated,all,141,شهرک,5.7,1672,0.725,0.311,Tasnim News 28.7 | Fars News 5.7
group,irgc_affiliated,all,142,فرزند,5.7,601,0.261,0.178,Tasnim News 5.9 | Fars News 5.7
group,irgc_affiliated,all,143,اشغالی,5.6,610,0.265,0.145,Tasnim News 11.2 | Fars News 5.6
group,irgc_affiliated,all,144,غلامرضا سلیمانی,5.6,75,0.033,0.01,Tasnim News 5.8 | Fars News 5.6
group,irgc_affiliated,all,145,خیابان‌های,5.5,498,0.216,0.132,Tasnim News 7.6 | Fars News 5.5
group,irgc_affiliated,all,146,پیشرفته,5.5,604,0.262,0.179,Tasnim News 5.5 | Fars News 6.3
group,irgc_affiliated,all,147,شهید سلامی,5.5,149,0.065,0.009,Tasnim News 13.3 | Fars News 5.5
group,irgc_affiliated,all,148,بحرین,5.5,1473,0.639,0.427,Tasnim News 5.5 | Fars News 15.0
group,irgc_affiliated,all,149,پدافندی,5.5,436,0.189,0.104,Tasnim News 8.9 | Fars News 5.5
group,irgc_affiliated,all,150,زاکانی,5.5,166,0.072,0.034,Tasnim News 5.5 | Fars News 6.0
group,irgc_affiliated,all,151,خدا,5.5,982,0.426,0.307,Tasnim News 5.5 | Fars News 7.7
group,irgc_affiliated,all,152,النبطیه,5.5,110,0.048,0.016,Tasnim News 6.8 | Fars News 5.5
group,irgc_affiliated,all,153,مقاومت,5.4,3463,1.502,1.152,Tasnim News 12.9 | Fars News 5.4
group,irgc_affiliated,all,154,منابع خبری,5.4,898,0.389,0.22,Tasnim News 13.7 | Fars News 5.4
group,irgc_affiliated,all,155,باحضور,5.4,68,0.029,0.007,Tasnim News 5.4 | Fars News 7.5
group,irgc_affiliated,all,156,صهیونی,5.4,2236,0.97,0.63,Tasnim News 17.5 | Fars News 5.4
group,irgc_affiliated,all,157,خروش مردم,5.4,130,0.056,0.018,Tasnim News 5.4 | Fars News 9.5
group,irgc_affiliated,all,158,مداح,5.4,126,0.055,0.016,Tasnim News 5.4 | Fars News 10.1
group,irgc_affiliated,all,159,فجیره,5.4,105,0.046,0.017,Tasnim News 5.4 | Fars News 6.4
group,irgc_affiliated,all,160,حال‌وهوای,5.3,435,0.189,0.12,Tasnim News 6.2 | Fars News 5.3
group,irgc_affiliated,all,161,پدافند,5.3,535,0.232,0.159,Tasnim News 5.3 | Fars News 5.5
group,irgc_affiliated,all,162,ویکتوریا,5.3,125,0.054,0.023,Tasnim News 5.9 | Fars News 5.3
group,irgc_affiliated,all,163,شهید رئیسی,5.3,315,0.137,0.042,Tasnim News 14.9 | Fars News 5.3
group,irgc_affiliated,all,164,رصد,5.3,677,0.294,0.191,Tasnim News 5.3 | Fars News 9.2
group,irgc_affiliated,all,165,روابط عمومی سپاه,5.3,441,0.191,0.117,Tasnim News 7.1 | Fars News 5.3
group,irgc_affiliated,all,166,سلیمانی,5.3,519,0.225,0.122,Tasnim News 10.6 | Fars News 5.3
group,irgc_affiliated,all,167,اموال,5.2,780,0.338,0.245,Tasnim News 5.2 | Fars News 6.2
group,irgc_affiliated,all,168,اقتدار,5.2,1139,0.494,0.384,Tasnim News 5.2 | Fars News 5.5
group,irgc_affiliated,all,169,اطلاعاتی,5.2,1245,0.54,0.404,Tasnim News 5.2 | Fars News 8.1
group,irgc_affiliated,all,170,هوایی,5.2,2998,1.3,1.015,Tasnim News 5.2 | Fars News 13.1
group,irgc_affiliated,all,171,ارسال,5.2,1282,0.556,0.407,Tasnim News 5.2 | Fars News 9.5
group,irgc_affiliated,all,172,هیئت,5.2,1020,0.442,0.341,Tasnim News 5.2 | Fars News 5.2
group,irgc_affiliated,all,173,نقطه‌زن,5.2,95,0.041,0.011,Tasnim News 5.2 | Fars News 8.6
group,irgc_affiliated,all,174,منبع,5.2,806,0.35,0.257,Tasnim News 5.2 | Fars News 5.9
group,irgc_affiliated,all,175,خیبرشکن,5.2,150,0.065,0.026,Tasnim News 5.2 | Fars News 7.9
group,irgc_affiliated,all,176,مرندی,5.2,96,0.042,0.012,Tasnim News 5.2 | Fars News 8.2
group,irgc_affiliated,all,177,مزار,5.2,283,0.123,0.059,Tasnim News 8.7 | Fars News 5.2
group,irgc_affiliated,all,178,بندر فجیره,5.2,71,0.031,0.009,Tasnim News 5.2 | Fars News 6.5
group,irgc_affiliated,all,179,جنگنده,5.1,556,0.241,0.17,Tasnim News 5.1 | Fars News 5.1
group,irgc_affiliated,all,180,منبع آگاه,5.1,373,0.162,0.066,Tasnim News 5.1 | Fars News 15.7
group,irgc_affiliated,all,181,هدف,5.1,4237,1.837,1.528,Tasnim News 5.1 | Fars News 11.1
group,irgc_affiliated,all,182,مهمات,5.1,671,0.291,0.193,Tasnim News 7.6 | Fars News 5.1
group,irgc_affiliated,all,183,پاسداران,5.1,258,0.112,0.061,Tasnim News 6.4 | Fars News 5.1
group,irgc_affiliated,all,184,قراردادش,5.1,42,0.018,0.003,Tasnim News 5.9 | Fars News 5.1
group,irgc_affiliated,all,185,عظیم,5.1,671,0.291,0.201,Tasnim News 6.6 | Fars News 5.1
group,irgc_affiliated,all,186,پلیس,5.1,1700,0.737,0.537,Tasnim News 10.3 | Fars News 5.1
group,irgc_affiliated,all,187,نیروهای,5.1,3499,1.517,1.305,Tasnim News 6.1 | Fars News 5.1
group,irgc_affiliated,all,188,کریات شمونه,5.1,198,0.086,0.029,Tasnim News 10.5 | Fars News 5.1
group,irgc_affiliated,all,189,سلاح سرد,5.1,115,0.05,0.021,Tasnim News 5.7 | Fars News 5.1
group,irgc_affiliated,all,190,هواپیما,5.0,420,0.182,0.117,Tasnim News 5.9 | Fars News 5.0
group,irgc_affiliated,all,191,بنی‌فاطمه,5.0,47,0.02,0.005,Tasnim News 5.3 | Fars News 5.0
group,irgc_affiliated,all,192,شهادت,5.0,4103,1.779,1.329,Tasnim News 16.4 | Fars News 5.0
group,irgc_affiliated,all,193,بازداشت,5.0,1317,0.571,0.418,Tasnim News 8.6 | Fars News 5.0
group,irgc_affiliated,all,194,قدس,5.0,754,0.327,0.23,Tasnim News 6.7 | Fars News 5.0
group,irgc_affiliated,all,195,لبیک,4.9,275,0.119,0.062,Tasnim News 7.6 | Fars News 4.9
group,irgc_affiliated,all,196,فرودگاه,4.9,1168,0.506,0.395,Tasnim News 5.7 | Fars News 4.9
group,irgc_affiliated,all,197,فرار,4.9,576,0.25,0.166,Tasnim News 7.0 | Fars News 4.9
group,irgc_affiliated,all,198,مامور,4.8,220,0.095,0.056,Tasnim News 4.9 | Fars News 4.8
group,irgc_affiliated,all,199,اطلاعات,4.8,2538,1.101,0.914,Tasnim News 4.8 | Fars News 7.5
group,irgc_affiliated,all,200,رفیعی,4.8,84,0.036,0.011,Tasnim News 4.8 | Fars News 7.3
group,irgc_affiliated,before_war,1,اغتشاشات,13.2,715,2.25,0.773,Tasnim News 17.3 | Fars News 13.2
group,irgc_affiliated,before_war,2,اغتشاشگران,12.2,483,1.52,0.477,Tasnim News 14.8 | Fars News 12.2
group,irgc_affiliated,before_war,3,ضدانقلاب,8.8,117,0.368,0.067,Tasnim News 9.1 | Fars News 8.8
group,irgc_affiliated,before_war,4,پلیس,7.8,515,1.62,0.86,Tasnim News 7.8 | Fars News 9.3
group,irgc_affiliated,before_war,5,پهلوی,7.7,231,0.727,0.249,Tasnim News 9.9 | Fars News 7.7
group,irgc_affiliated,before_war,6,تروریست‌ها,7.2,265,0.834,0.364,Tasnim News 7.2 | Fars News 8.2
group,irgc_affiliated,before_war,7,پرسپولیس,7.1,333,1.048,0.471,Tasnim News 7.1 | Fars News 10.1
group,irgc_affiliated,before_war,8,اژه‌ای,6.9,99,0.312,0.054,Tasnim News 6.9 | Fars News 10.3
group,irgc_affiliated,before_war,9,باشگاه,6.8,276,0.868,0.328,Tasnim News 10.6 | Fars News 6.8
group,irgc_affiliated,before_war,10,تقویم,6.8,104,0.327,0.07,Tasnim News 6.8 | Fars News 9.4
group,irgc_affiliated,before_war,11,کشته‌سازی,6.6,132,0.415,0.108,Tasnim News 9.0 | Fars News 6.6
group,irgc_affiliated,before_war,12,اغتشاش,6.6,190,0.598,0.217,Tasnim News 8.5 | Fars News 6.6
group,irgc_affiliated,before_war,13,دستگیر,6.5,361,1.136,0.439,Tasnim News 12.5 | Fars News 6.5
group,irgc_affiliated,before_war,14,شهادت,6.4,371,1.167,0.657,Tasnim News 7.5 | Fars News 6.4
group,irgc_affiliated,before_war,15,آشوبگران,6.2,162,0.51,0.176,Tasnim News 8.3 | Fars News 6.2
group,irgc_affiliated,before_war,16,کشف,6.1,257,0.809,0.382,Tasnim News 6.1 | Fars News 8.2
group,irgc_affiliated,before_war,17,رضا پهلوی,6.1,117,0.368,0.1,Tasnim News 6.1 | Fars News 9.3
group,irgc_affiliated,before_war,18,پایان معاملات امروز,6.1,58,0.183,0.023,Tasnim News 6.1 | Fars News 8.0
group,irgc_affiliated,before_war,19,شهید,6.1,551,1.734,0.99,Tasnim News 10.9 | Fars News 6.1
group,irgc_affiliated,before_war,20,استقلال,6.0,580,1.825,1.037,Tasnim News 9.3 | Fars News 6.0
group,irgc_affiliated,before_war,21,دستگیری,5.8,279,0.878,0.432,Tasnim News 7.6 | Fars News 5.8
group,irgc_affiliated,before_war,22,ماموران,5.7,213,0.67,0.333,Tasnim News 6.0 | Fars News 5.7
group,irgc_affiliated,before_war,23,تجمع,5.7,269,0.846,0.393,Tasnim News 8.6 | Fars News 5.7
group,irgc_affiliated,before_war,24,تروریستی,5.6,593,1.866,1.149,Tasnim News 7.8 | Fars News 5.6
group,irgc_affiliated,before_war,25,منافقین,5.6,106,0.334,0.1,Tasnim News 5.6 | Fars News 8.2
group,irgc_affiliated,before_war,26,آشوب,5.6,202,0.636,0.279,Tasnim News 7.4 | Fars News 5.6
group,irgc_affiliated,before_war,27,شناسایی,5.3,349,1.098,0.627,Tasnim News 6.9 | Fars News 5.3
group,irgc_affiliated,before_war,28,دشمن,5.1,571,1.797,1.276,Tasnim News 6.2 | Fars News 5.1
group,irgc_affiliated,before_war,29,اینترنشنال,5.0,101,0.318,0.128,Tasnim News 5.0 | Fars News 5.4
group,irgc_affiliated,before_war,30,مسلح,5.0,316,0.994,0.457,Tasnim News 9.8 | Fars News 5.0
group,irgc_affiliated,before_war,31,سلاح,5.0,223,0.702,0.337,Tasnim News 7.4 | Fars News 5.0
group,irgc_affiliated,before_war,32,ساعدی‌نیا,5.0,31,0.098,0.006,Tasnim News 5.0 | Fars News 5.9
group,irgc_affiliated,before_war,33,عناصر,4.9,275,0.865,0.43,Tasnim News 7.9 | Fars News 4.9
group,irgc_affiliated,before_war,34,مساجد,4.9,111,0.349,0.141,Tasnim News 5.7 | Fars News 4.9
group,irgc_affiliated,before_war,35,تخریب اموال عمومی,4.9,60,0.189,0.054,Tasnim News 5.3 | Fars News 4.9
group,irgc_affiliated,before_war,36,سلاح سرد,4.8,57,0.179,0.049,Tasnim News 4.8 | Fars News 5.7
group,irgc_affiliated,before_war,37,معاند,4.8,53,0.167,0.042,Tasnim News 4.8 | Fars News 6.0
group,irgc_affiliated,before_war,38,فسخ,4.7,32,0.101,0.015,Tasnim News 5.1 | Fars News 4.7
group,irgc_affiliated,before_war,39,رهبر,4.7,494,1.554,0.992,Tasnim News 4.7 | Fars News 8.3
group,irgc_affiliated,before_war,40,میرحسین,4.7,27,0.085,0.005,Tasnim News 4.7 | Fars News 5.5
group,irgc_affiliated,before_war,41,میدانی,4.6,193,0.607,0.306,Tasnim News 4.6 | Fars News 6.9
group,irgc_affiliated,before_war,42,میلیونی,4.6,78,0.245,0.089,Tasnim News 4.6 | Fars News 5.7
group,irgc_affiliated,before_war,43,سپاه,4.6,266,0.837,0.409,Tasnim News 8.6 | Fars News 4.6
group,irgc_affiliated,before_war,44,محفل,4.5,78,0.245,0.091,Tasnim News 5.1 | Fars News 4.5
group,irgc_affiliated,before_war,45,برند,4.4,26,0.082,0.012,Tasnim News 4.4 | Fars News 4.7
group,irgc_affiliated,before_war,46,رفیعی,4.4,36,0.113,0.019,Tasnim News 4.4 | Fars News 6.0
group,irgc_affiliated,before_war,47,تراکتور,4.3,142,0.447,0.199,Tasnim News 6.3 | Fars News 4.3
group,irgc_affiliated,before_war,48,وام,4.3,91,0.286,0.101,Tasnim News 4.3 | Fars News 7.2
group,irgc_affiliated,before_war,49,ساختارشکنانه,4.3,32,0.101,0.02,Tasnim News 4.3 | Fars News 4.9
group,irgc_affiliated,before_war,50,بجنورد,4.3,44,0.138,0.036,Tasnim News 5.0 | Fars News 4.3
group,irgc_affiliated,before_war,51,عملیات,4.3,459,1.444,1.057,Tasnim News 4.3 | Fars News 4.7
group,irgc_affiliated,before_war,52,گروهک‌های,4.2,32,0.101,0.014,Tasnim News 5.6 | Fars News 4.2
group,irgc_affiliated,before_war,53,نیروهای حافظ امنیت,4.2,54,0.17,0.053,Tasnim News 4.2 | Fars News 5.3
group,irgc_affiliated,before_war,54,تن,4.2,187,0.588,0.346,Tasnim News 4.2 | Fars News 4.8
group,irgc_affiliated,before_war,55,سازمان اطلاعات سپاه,4.2,66,0.208,0.084,Tasnim News 4.2 | Fars News 4.2
group,irgc_affiliated,before_war,56,ضبط,4.2,72,0.227,0.091,Tasnim News 4.6 | Fars News 4.2
group,irgc_affiliated,before_war,57,بازداشت,4.1,396,1.246,0.843,Tasnim News 4.1 | Fars News 5.1
group,irgc_affiliated,before_war,58,حافظان امنیت,4.1,59,0.186,0.052,Tasnim News 6.0 | Fars News 4.1
group,irgc_affiliated,before_war,59,شکاری,4.1,43,0.135,0.033,Tasnim News 4.1 | Fars News 5.8
group,irgc_affiliated,before_war,60,آتش‌زدن,4.0,67,0.211,0.047,Tasnim News 4.0 | Fars News 8.7
group,irgc_affiliated,before_war,61,اسرائیلی,4.0,182,0.573,0.326,Tasnim News 5.3 | Fars News 4.0
group,irgc_affiliated,before_war,62,هزار واحدی,4.0,65,0.205,0.056,Tasnim News 4.0 | Fars News 7.4
group,irgc_affiliated,before_war,63,پروژه,4.0,204,0.642,0.396,Tasnim News 4.1 | Fars News 4.0
group,irgc_affiliated,before_war,64,میدان,4.0,370,1.164,0.755,Tasnim News 6.7 | Fars News 4.0
group,irgc_affiliated,before_war,65,شهرک,4.0,95,0.299,0.136,Tasnim News 5.3 | Fars News 4.0
group,irgc_affiliated,before_war,66,تشییع,4.0,63,0.198,0.076,Tasnim News 5.7 | Fars News 4.0
group,irgc_affiliated,before_war,67,خیابان,4.0,211,0.664,0.43,Tasnim News 4.0 | Fars News 4.0
group,irgc_affiliated,before_war,68,اصلی,3.9,578,1.819,1.311,Tasnim News 5.3 | Fars News 3.9
group,irgc_affiliated,before_war,69,هسته,3.9,49,0.154,0.056,Tasnim News 4.0 | Fars News 3.9
group,irgc_affiliated,before_war,70,همدان,3.8,86,0.271,0.127,Tasnim News 4.3 | Fars News 3.8
group,irgc_affiliated,before_war,71,قبضه سلاح,3.8,59,0.186,0.072,Tasnim News 4.3 | Fars News 3.8
group,irgc_affiliated,before_war,72,هزار,3.8,962,3.027,2.278,Tasnim News 3.8 | Fars News 7.3
group,irgc_affiliated,before_war,73,نیروهای,3.7,555,1.746,1.337,Tasnim News 4.0 | Fars News 3.7
group,irgc_affiliated,before_war,74,موساد,3.7,165,0.519,0.25,Tasnim News 6.6 | Fars News 3.7
group,irgc_affiliated,before_war,75,عامل,3.7,167,0.525,0.317,Tasnim News 3.7 | Fars News 4.3
group,irgc_affiliated,before_war,76,اف‌بی‌آی,3.7,20,0.063,0.012,Tasnim News 3.7 | Fars News 3.7
group,irgc_affiliated,before_war,77,اسکوچیچ,3.7,49,0.154,0.049,Tasnim News 3.7 | Fars News 5.2
group,irgc_affiliated,before_war,78,مدافع,3.6,104,0.327,0.16,Tasnim News 4.7 | Fars News 3.6
group,irgc_affiliated,before_war,79,شمس‌آذر,3.6,47,0.148,0.041,Tasnim News 3.6 | Fars News 5.9
group,irgc_affiliated,before_war,80,زائران,3.6,54,0.17,0.056,Tasnim News 6.1 | Fars News 3.6
group,irgc_affiliated,before_war,81,مسجد جمکران,3.6,21,0.066,0.013,Tasnim News 3.6 | Fars News 4.0
group,irgc_affiliated,before_war,82,ماکرون,3.5,31,0.098,0.026,Tasnim News 3.5 | Fars News 4.4
group,irgc_affiliated,before_war,83,سازمان‌یافته,3.5,78,0.245,0.096,Tasnim News 3.5 | Fars News 6.1
group,irgc_affiliated,before_war,84,اماکن,3.5,120,0.378,0.215,Tasnim News 3.5 | Fars News 3.8
group,irgc_affiliated,before_war,85,گلزار شهدای,3.5,60,0.189,0.039,Tasnim News 7.6 | Fars News 3.5
group,irgc_affiliated,before_war,86,تیر,3.5,61,0.192,0.094,Tasnim News 3.5 | Fars News 3.8
group,irgc_affiliated,before_war,87,ناامنی,3.5,110,0.346,0.181,Tasnim News 3.5 | Fars News 4.8
group,irgc_affiliated,before_war,88,انقلاب,3.4,639,2.011,1.538,Tasnim News 3.4 | Fars News 5.0
group,irgc_affiliated,before_war,89,سنگ,3.4,64,0.201,0.086,Tasnim News 3.4 | Fars News 4.6
group,irgc_affiliated,before_war,90,شب,3.4,344,1.082,0.722,Tasnim News 3.4 | Fars News 6.5
group,irgc_affiliated,before_war,91,خلیل‌زاده,3.4,17,0.053,0.009,Tasnim News 3.4 | Fars News 3.5
group,irgc_affiliated,before_war,92,رختکن,3.4,15,0.047,0.007,Tasnim News 3.4 | Fars News 3.4
group,irgc_affiliated,before_war,93,مدافعان,3.4,46,0.145,0.056,Tasnim News 3.9 | Fars News 3.4
group,irgc_affiliated,before_war,94,تمدید,3.4,78,0.245,0.122,Tasnim News 4.1 | Fars News 3.4
group,irgc_affiliated,before_war,95,گرم,3.4,133,0.418,0.223,Tasnim News 3.4 | Fars News 5.4
group,irgc_affiliated,before_war,96,قراردادش,3.4,15,0.047,0.004,Tasnim News 4.0 | Fars News 3.4
group,irgc_affiliated,before_war,97,فرمانده,3.4,324,1.019,0.654,Tasnim News 6.0 | Fars News 3.4
group,irgc_affiliated,before_war,98,شورای شهر تهران,3.3,49,0.154,0.056,Tasnim News 4.4 | Fars News 3.3
group,irgc_affiliated,before_war,99,لرستان,3.3,127,0.4,0.239,Tasnim News 3.3 | Fars News 3.5
group,irgc_affiliated,before_war,100,توزیع,3.3,147,0.463,0.255,Tasnim News 4.9 | Fars News 3.3
group,irgc_affiliated,before_war,101,اغتشاشگر,3.3,77,0.242,0.121,Tasnim News 3.3 | Fars News 3.7
group,irgc_affiliated,before_war,102,پسرم,3.3,22,0.069,0.015,Tasnim News 3.3 | Fars News 4.0
group,irgc_affiliated,before_war,103,سرمای,3.3,36,0.113,0.041,Tasnim News 3.4 | Fars News 3.3
group,irgc_affiliated,before_war,104,تدفین,3.3,14,0.044,0.007,Tasnim News 3.3 | Fars News 3.7
group,irgc_affiliated,before_war,105,مراسم تشییع,3.3,42,0.132,0.048,Tasnim News 4.6 | Fars News 3.3
group,irgc_affiliated,before_war,106,کلت کمری,3.3,35,0.11,0.038,Tasnim News 3.3 | Fars News 3.9
group,irgc_affiliated,before_war,107,جنایات,3.2,106,0.334,0.189,Tasnim News 3.2 | Fars News 4.3
group,irgc_affiliated,before_war,108,اصفهان,3.2,155,0.488,0.315,Tasnim News 3.5 | Fars News 3.2
group,irgc_affiliated,before_war,109,فراخوان‌های,3.2,30,0.094,0.028,Tasnim News 3.8 | Fars News 3.2
group,irgc_affiliated,before_war,110,بروجرد,3.2,22,0.069,0.016,Tasnim News 3.7 | Fars News 3.2
group,irgc_affiliated,before_war,111,اندونزی,3.2,93,0.293,0.147,Tasnim News 3.2 | Fars News 4.7
group,irgc_affiliated,before_war,112,امنیت,3.2,674,2.121,1.599,Tasnim News 5.5 | Fars News 3.2
group,irgc_affiliated,before_war,113,شعبان,3.2,75,0.236,0.11,Tasnim News 3.2 | Fars News 4.5
group,irgc_affiliated,before_war,114,قرارداد,3.2,134,0.422,0.16,Tasnim News 8.3 | Fars News 3.2
group,irgc_affiliated,before_war,115,چاقو,3.1,45,0.142,0.061,Tasnim News 3.1 | Fars News 3.3
group,irgc_affiliated,before_war,116,خیابان‌ها,3.1,94,0.296,0.157,Tasnim News 4.1 | Fars News 3.1
group,irgc_affiliated,before_war,117,مراکز,3.1,170,0.535,0.359,Tasnim News 3.5 | Fars News 3.1
group,irgc_affiliated,before_war,118,یک‌هشتم,3.1,15,0.047,0.009,Tasnim News 3.1 | Fars News 3.1
group,irgc_affiliated,before_war,119,اطلاعاتی,3.1,195,0.614,0.403,Tasnim News 3.1 | Fars News 4.3
group,irgc_affiliated,before_war,120,بسیج,3.1,90,0.283,0.137,Tasnim News 3.1 | Fars News 5.4
group,irgc_affiliated,before_war,121,موشک,3.1,60,0.189,0.115,Tasnim News 3.1 | Fars News 3.6
group,irgc_affiliated,before_war,122,پرتاب,3.1,112,0.352,0.157,Tasnim News 6.2 | Fars News 3.1
group,irgc_affiliated,before_war,123,یگان,3.1,49,0.154,0.068,Tasnim News 3.5 | Fars News 3.1
group,irgc_affiliated,before_war,124,اهل‌بیت,3.0,11,0.035,0.004,Tasnim News 3.3 | Fars News 3.0
group,irgc_affiliated,before_war,125,حواله,3.0,27,0.085,0.026,Tasnim News 3.0 | Fars News 3.8
group,irgc_affiliated,before_war,126,ولیعصر,3.0,15,0.047,0.011,Tasnim News 3.0 | Fars News 3.1
group,irgc_affiliated,before_war,127,عاشقان,3.0,21,0.066,0.015,Tasnim News 3.9 | Fars News 3.0
group,irgc_affiliated,before_war,128,حمله,3.0,846,2.662,2.291,Tasnim News 3.0 | Fars News 3.4
group,irgc_affiliated,before_war,129,تصاویر,3.0,249,0.783,0.487,Tasnim News 3.0 | Fars News 6.7
group,irgc_affiliated,before_war,130,گروهک,3.0,42,0.132,0.047,Tasnim News 4.3 | Fars News 3.0
group,irgc_affiliated,before_war,131,مامور,3.0,76,0.239,0.118,Tasnim News 3.0 | Fars News 4.2
group,irgc_affiliated,before_war,132,ده‌ها,3.0,68,0.214,0.113,Tasnim News 3.4 | Fars News 3.0
group,irgc_affiliated,before_war,133,جدایی,3.0,41,0.129,0.052,Tasnim News 3.5 | Fars News 3.0
group,irgc_affiliated,before_war,134,سارقان,3.0,19,0.06,0.013,Tasnim News 3.0 | Fars News 3.9
group,irgc_affiliated,before_war,135,غیرمجاز,3.0,49,0.154,0.075,Tasnim News 3.0 | Fars News 3.0
group,irgc_affiliated,before_war,136,ملارد,3.0,28,0.088,0.023,Tasnim News 3.0 | Fars News 4.6
group,irgc_affiliated,before_war,137,مداح,3.0,19,0.06,0.004,Tasnim News 3.0 | Fars News 5.4
group,irgc_affiliated,before_war,138,قمه,3.0,34,0.107,0.041,Tasnim News 3.0 | Fars News 3.3
group,irgc_affiliated,before_war,139,آشوب‌ها,3.0,35,0.11,0.041,Tasnim News 3.4 | Fars News 3.0
group,irgc_affiliated,before_war,140,انتظامی,3.0,308,0.969,0.579,Tasnim News 6.9 | Fars News 3.0
group,irgc_affiliated,before_war,141,کلاشینکف,2.9,21,0.066,0.019,Tasnim News 3.2 | Fars News 2.9
group,irgc_affiliated,before_war,142,مخفیگاه,2.9,32,0.101,0.033,Tasnim News 3.9 | Fars News 2.9
group,irgc_affiliated,before_war,143,متهمان,2.9,70,0.22,0.11,Tasnim News 3.7 | Fars News 2.9
group,irgc_affiliated,before_war,144,مشاهدات,2.9,40,0.126,0.042,Tasnim News 4.4 | Fars News 2.9
group,irgc_affiliated,before_war,145,شعارهای,2.9,69,0.217,0.089,Tasnim News 2.9 | Fars News 5.8
group,irgc_affiliated,before_war,146,مرگ,2.9,121,0.381,0.231,Tasnim News 2.9 | Fars News 4.0
group,irgc_affiliated,before_war,147,برنج,2.9,80,0.252,0.11,Tasnim News 2.9 | Fars News 5.9
group,irgc_affiliated,before_war,148,اعتراف,2.9,76,0.239,0.128,Tasnim News 3.6 | Fars News 2.9
group,irgc_affiliated,before_war,149,سروش,2.9,43,0.135,0.059,Tasnim News 3.3 | Fars News 2.9
group,irgc_affiliated,before_war,150,ساواک,2.9,21,0.066,0.019,Tasnim News 2.9 | Fars News 3.3
group,irgc_affiliated,before_war,151,امام حسین,2.9,32,0.101,0.042,Tasnim News 2.9 | Fars News 3.3
group,irgc_affiliated,before_war,152,جانبازان,2.9,46,0.145,0.059,Tasnim News 3.8 | Fars News 2.9
group,irgc_affiliated,before_war,153,فرار,2.9,71,0.223,0.122,Tasnim News 3.3 | Fars News 2.9
group,irgc_affiliated,before_war,154,شکست,2.9,235,0.739,0.509,Tasnim News 4.3 | Fars News 2.9
group,irgc_affiliated,before_war,155,پرچم,2.9,175,0.551,0.344,Tasnim News 4.5 | Fars News 2.9
group,irgc_affiliated,before_war,156,فراخوان,2.9,76,0.239,0.117,Tasnim News 4.1 | Fars News 2.9
group,irgc_affiliated,before_war,157,آشوب‌های,2.8,51,0.16,0.073,Tasnim News 2.8 | Fars News 3.7
group,irgc_affiliated,before_war,158,ملت ایران,2.8,328,1.032,0.787,Tasnim News 2.8 | Fars News 3.4
group,irgc_affiliated,before_war,159,قرض‌الحسنه,2.8,18,0.057,0.007,Tasnim News 2.8 | Fars News 5.1
group,irgc_affiliated,before_war,160,اعتصاب,2.8,22,0.069,0.02,Tasnim News 3.3 | Fars News 2.8
group,irgc_affiliated,before_war,161,اسفراین,2.8,25,0.079,0.028,Tasnim News 2.8 | Fars News 2.9
group,irgc_affiliated,before_war,162,لیدر,2.8,53,0.167,0.039,Tasnim News 6.9 | Fars News 2.8
group,irgc_affiliated,before_war,163,فولاد,2.8,81,0.255,0.128,Tasnim News 2.8 | Fars News 4.7
group,irgc_affiliated,before_war,164,گرانی‌ها,2.8,11,0.035,0.005,Tasnim News 2.8 | Fars News 3.3
group,irgc_affiliated,before_war,165,جمکران,2.8,12,0.038,0.005,Tasnim News 2.8 | Fars News 3.7
group,irgc_affiliated,before_war,166,یاوه‌گویی‌های,2.8,11,0.035,0.005,Tasnim News 3.1 | Fars News 2.8
group,irgc_affiliated,before_war,167,ضدایرانی,2.8,61,0.192,0.057,Tasnim News 2.8 | Fars News 7.7
group,irgc_affiliated,before_war,168,شنیده‌ها,2.8,14,0.044,0.005,Tasnim News 2.8 | Fars News 4.3
group,irgc_affiliated,before_war,169,قبضه,2.8,33,0.104,0.041,Tasnim News 2.8 | Fars News 3.4
group,irgc_affiliated,before_war,170,حرم,2.8,80,0.252,0.155,Tasnim News 2.8 | Fars News 2.8
group,irgc_affiliated,before_war,171,رجوی,2.8,12,0.038,0.007,Tasnim News 2.8 | Fars News 2.9
group,irgc_affiliated,before_war,172,مهدیه,2.8,27,0.085,0.032,Tasnim News 2.8 | Fars News 3.0
group,irgc_affiliated,before_war,173,ستاره‌ها,2.8,16,0.05,0.008,Tasnim News 3.8 | Fars News 2.8
group,irgc_affiliated,before_war,174,سویا,2.8,12,0.038,0.002,Tasnim News 2.8 | Fars News 4.0
group,irgc_affiliated,before_war,175,مسابقات,2.8,90,0.283,0.171,Tasnim News 3.1 | Fars News 2.8
group,irgc_affiliated,before_war,176,مزدوران,2.7,59,0.186,0.082,Tasnim News 4.3 | Fars News 2.7
group,irgc_affiliated,before_war,177,خودروی,2.7,103,0.324,0.196,Tasnim News 2.7 | Fars News 3.5
group,irgc_affiliated,before_war,178,شلیک,2.7,92,0.289,0.189,Tasnim News 3.0 | Fars News 2.7
group,irgc_affiliated,before_war,179,تلگرامی,2.7,19,0.06,0.015,Tasnim News 2.7 | Fars News 3.7
group,irgc_affiliated,before_war,180,تجمعات,2.7,127,0.4,0.235,Tasnim News 2.7 | Fars News 4.7
group,irgc_affiliated,before_war,181,اتهام,2.7,76,0.239,0.135,Tasnim News 2.7 | Fars News 3.4
group,irgc_affiliated,before_war,182,ارسال,2.7,198,0.623,0.414,Tasnim News 2.7 | Fars News 4.6
group,irgc_affiliated,before_war,183,جاسوسی,2.7,79,0.249,0.144,Tasnim News 2.7 | Fars News 3.3
group,irgc_affiliated,before_war,184,نخستین‌بار,2.7,27,0.085,0.027,Tasnim News 3.7 | Fars News 2.7
group,irgc_affiliated,before_war,185,نارنجک,2.7,38,0.12,0.042,Tasnim News 2.7 | Fars News 4.7
group,irgc_affiliated,before_war,186,رویگری,2.7,23,0.072,0.026,Tasnim News 2.8 | Fars News 2.7
group,irgc_affiliated,before_war,187,آتش‌سوزی,2.7,173,0.544,0.373,Tasnim News 3.3 | Fars News 2.7
group,irgc_affiliated,before_war,188,تهیه‌کنندگی,2.7,110,0.346,0.189,Tasnim News 4.3 | Fars News 2.7
group,irgc_affiliated,before_war,189,الاهلی,2.7,44,0.138,0.062,Tasnim News 3.2 | Fars News 2.7
group,irgc_affiliated,before_war,190,دشمنان,2.7,266,0.837,0.595,Tasnim News 4.1 | Fars News 2.7
group,irgc_affiliated,before_war,191,حال‌وهوای,2.7,58,0.183,0.079,Tasnim News 4.5 | Fars News 2.7
group,irgc_affiliated,before_war,192,سپاهان,2.7,101,0.318,0.195,Tasnim News 2.7 | Fars News 3.1
group,irgc_affiliated,before_war,193,پیاده‌روی,2.7,10,0.031,0.004,Tasnim News 2.7 | Fars News 3.5
group,irgc_affiliated,before_war,194,اعدام,2.7,67,0.211,0.11,Tasnim News 2.7 | Fars News 3.8
group,irgc_affiliated,before_war,195,عوامل,2.6,271,0.853,0.57,Tasnim News 4.7 | Fars News 2.6
group,irgc_affiliated,before_war,196,هتل,2.6,22,0.069,0.022,Tasnim News 2.6 | Fars News 3.5
group,irgc_affiliated,before_war,197,گلستان,2.6,104,0.327,0.202,Tasnim News 3.1 | Fars News 2.6
group,irgc_affiliated,before_war,198,عیادت,2.6,21,0.066,0.018,Tasnim News 3.6 | Fars News 2.6
group,irgc_affiliated,before_war,199,مزد,2.6,26,0.082,0.022,Tasnim News 4.1 | Fars News 2.6
group,irgc_affiliated,before_war,200,برآورد,2.6,65,0.205,0.096,Tasnim News 2.6 | Fars News 4.8
group,irgc_affiliated,war,1,عبری,11.7,365,0.659,0.17,Tasnim News 13.8 | Fars News 11.7
group,irgc_affiliated,war,2,بیعت,10.4,686,1.238,0.551,Tasnim News 12.7 | Fars News 10.4
group,irgc_affiliated,war,3,منابع خبری,8.9,326,0.588,0.223,Tasnim News 8.9 | Fars News 10.4
group,irgc_affiliated,war,4,فلسطین اشغالی,8.8,462,0.834,0.381,Tasnim News 8.8 | Fars News 10.2
group,irgc_affiliated,war,5,حزب‌الله,8.5,1300,2.347,1.33,Tasnim News 14.3 | Fars News 8.5
group,irgc_affiliated,war,6,قیام,8.1,228,0.412,0.091,Tasnim News 12.7 | Fars News 8.1
group,irgc_affiliated,war,7,پایگاه,7.6,1524,2.751,1.727,Tasnim News 7.6 | Fars News 14.5
group,irgc_affiliated,war,8,شهید,7.3,2529,4.565,2.888,Tasnim News 18.2 | Fars News 7.3
group,irgc_affiliated,war,9,دستگیر,7.0,310,0.56,0.27,Tasnim News 7.0 | Fars News 7.7
group,irgc_affiliated,war,10,آژیر,7.0,532,0.96,0.434,Tasnim News 12.3 | Fars News 7.0
group,irgc_affiliated,war,11,اشغالی,7.0,358,0.646,0.321,Tasnim News 7.8 | Fars News 7.0
group,irgc_affiliated,war,12,صدا,6.9,388,0.7,0.377,Tasnim News 6.9 | Fars News 7.1
group,irgc_affiliated,war,13,بغداد,6.8,323,0.583,0.295,Tasnim News 7.1 | Fars News 6.8
group,irgc_affiliated,war,14,دستگیری,6.8,235,0.424,0.193,Tasnim News 6.8 | Fars News 6.8
group,irgc_affiliated,war,15,آژیرهای هشدار,6.7,284,0.513,0.198,Tasnim News 10.1 | Fars News 6.7
group,irgc_affiliated,war,16,شب,6.7,920,1.661,1.129,Tasnim News 6.7 | Fars News 7.4
group,irgc_affiliated,war,17,اینترنشنال,6.6,139,0.251,0.085,Tasnim News 6.6 | Fars News 7.2
group,irgc_affiliated,war,18,آمریکایی,6.3,4070,7.347,6.082,Tasnim News 7.5 | Fars News 6.3
group,irgc_affiliated,war,19,خروش مردم,6.2,104,0.188,0.042,Tasnim News 6.2 | Fars News 8.7
group,irgc_affiliated,war,20,شناسایی,6.2,583,1.052,0.653,Tasnim News 7.3 | Fars News 6.2
group,irgc_affiliated,war,21,الجلیل,6.1,148,0.267,0.097,Tasnim News 6.1 | Fars News 7.3
group,irgc_affiliated,war,22,مردم,6.0,5042,9.101,7.417,Tasnim News 10.8 | Fars News 6.0
group,irgc_affiliated,war,23,حمله موشکی,6.0,675,1.218,0.7,Tasnim News 9.8 | Fars News 6.0
group,irgc_affiliated,war,24,نظامیان,6.0,524,0.946,0.519,Tasnim News 9.3 | Fars News 6.0
group,irgc_affiliated,war,25,حمله پهپادی,5.8,310,0.56,0.291,Tasnim News 7.1 | Fars News 5.8
group,irgc_affiliated,war,26,موشک‌های,5.8,1466,2.646,1.822,Tasnim News 5.8 | Fars News 11.5
group,irgc_affiliated,war,27,فریاد,5.8,275,0.496,0.226,Tasnim News 8.4 | Fars News 5.8
group,irgc_affiliated,war,28,پهپاد,5.7,786,1.419,0.816,Tasnim News 5.7 | Fars News 13.1
group,irgc_affiliated,war,29,شمال فلسطین اشغالی,5.7,325,0.587,0.211,Tasnim News 12.5 | Fars News 5.7
group,irgc_affiliated,war,30,انهدام,5.7,542,0.978,0.608,Tasnim News 5.7 | Fars News 7.4
group,irgc_affiliated,war,31,اهل سنت,5.4,88,0.159,0.049,Tasnim News 6.0 | Fars News 5.4
group,irgc_affiliated,war,32,وداع,5.4,168,0.303,0.145,Tasnim News 5.4 | Fars News 5.8
group,irgc_affiliated,war,33,میدان,5.4,1741,3.143,2.468,Tasnim News 6.4 | Fars News 5.4
group,irgc_affiliated,war,34,انقلاب,5.3,1162,2.098,1.614,Tasnim News 5.3 | Fars News 5.3
group,irgc_affiliated,war,35,شهرکرد,5.3,62,0.112,0.024,Tasnim News 6.1 | Fars News 5.3
group,irgc_affiliated,war,36,شهدای,5.2,837,1.511,1.039,Tasnim News 7.3 | Fars News 5.2
group,irgc_affiliated,war,37,پهپادهای انتحاری,5.2,89,0.161,0.044,Tasnim News 6.8 | Fars News 5.2
group,irgc_affiliated,war,38,درآمد,5.2,300,0.542,0.261,Tasnim News 5.2 | Fars News 9.6
group,irgc_affiliated,war,39,فرمانده,5.2,600,1.083,0.715,Tasnim News 5.2 | Fars News 7.3
group,irgc_affiliated,war,40,موشکی,5.1,1088,1.964,1.458,Tasnim News 5.1 | Fars News 6.5
group,irgc_affiliated,war,41,حرم,5.1,152,0.274,0.121,Tasnim News 6.3 | Fars News 5.1
group,irgc_affiliated,war,42,صهیونیست,5.1,327,0.59,0.32,Tasnim News 7.4 | Fars News 5.1
group,irgc_affiliated,war,43,انتقام,5.1,329,0.594,0.312,Tasnim News 7.8 | Fars News 5.1
group,irgc_affiliated,war,44,بارشی,5.0,124,0.224,0.082,Tasnim News 6.7 | Fars News 5.0
group,irgc_affiliated,war,45,خیابان,5.0,860,1.552,0.637,Tasnim News 20.2 | Fars News 5.0
group,irgc_affiliated,war,46,امام,5.0,1368,2.469,1.205,Tasnim News 21.6 | Fars News 5.0
group,irgc_affiliated,war,47,عملیات‌های,4.8,260,0.469,0.269,Tasnim News 5.4 | Fars News 4.8
group,irgc_affiliated,war,48,باشکوه,4.8,217,0.392,0.154,Tasnim News 9.4 | Fars News 4.8
group,irgc_affiliated,war,49,تشییع,4.8,401,0.724,0.373,Tasnim News 9.8 | Fars News 4.8
group,irgc_affiliated,war,50,منبع آگاه,4.7,126,0.227,0.08,Tasnim News 4.7 | Fars News 8.2
group,irgc_affiliated,war,51,آیت‌الله سیدمجتبی خامنه‌ای,4.7,109,0.197,0.068,Tasnim News 6.7 | Fars News 4.7
group,irgc_affiliated,war,52,هوافضا,4.6,89,0.161,0.063,Tasnim News 5.0 | Fars News 4.6
group,irgc_affiliated,war,53,ویدیو,4.6,64,0.116,0.034,Tasnim News 5.3 | Fars News 4.6
group,irgc_affiliated,war,54,جبهه داخلی اسرائیل,4.5,156,0.282,0.067,Tasnim News 4.5 | Fars News 13.0
group,irgc_affiliated,war,55,رزمندگان,4.5,515,0.93,0.59,Tasnim News 7.1 | Fars News 4.5
group,irgc_affiliated,war,56,جزء,4.5,44,0.079,0.013,Tasnim News 4.5 | Fars News 6.3
group,irgc_affiliated,war,57,موساد,4.5,137,0.247,0.125,Tasnim News 4.5 | Fars News 4.8
group,irgc_affiliated,war,58,منابع,4.4,828,1.495,0.829,Tasnim News 4.4 | Fars News 16.5
group,irgc_affiliated,war,59,کشف,4.4,212,0.383,0.23,Tasnim News 4.4 | Fars News 4.5
group,irgc_affiliated,war,60,نیروهای مسلح,4.4,970,1.751,1.318,Tasnim News 4.4 | Fars News 6.4
group,irgc_affiliated,war,61,منهدم,4.4,523,0.944,0.619,Tasnim News 4.4 | Fars News 7.2
group,irgc_affiliated,war,62,سامانه‌های,4.4,453,0.818,0.558,Tasnim News 5.0 | Fars News 4.4
group,irgc_affiliated,war,63,سایبری,4.4,173,0.312,0.162,Tasnim News 4.4 | Fars News 5.7
group,irgc_affiliated,war,64,زنجانی‌ها,4.4,34,0.061,0.006,Tasnim News 5.5 | Fars News 4.4
group,irgc_affiliated,war,65,موشک,4.4,1721,3.107,2.238,Tasnim News 4.4 | Fars News 12.4
group,irgc_affiliated,war,66,شهرک,4.4,421,0.76,0.368,Tasnim News 11.2 | Fars News 4.4
group,irgc_affiliated,war,67,فرماندهی,4.3,419,0.756,0.514,Tasnim News 4.3 | Fars News 5.1
group,irgc_affiliated,war,68,طلاب,4.3,34,0.061,0.007,Tasnim News 4.3 | Fars News 5.8
group,irgc_affiliated,war,69,ضدانقلاب,4.3,59,0.107,0.019,Tasnim News 4.3 | Fars News 7.8
group,irgc_affiliated,war,70,رهبر شهید انقلاب,4.3,296,0.534,0.332,Tasnim News 5.8 | Fars News 4.3
group,irgc_affiliated,war,71,مقاومت,4.2,1088,1.964,1.391,Tasnim News 8.7 | Fars News 4.2
group,irgc_affiliated,war,72,ضربات,4.2,279,0.504,0.306,Tasnim News 4.2 | Fars News 5.6
group,irgc_affiliated,war,73,کریات شمونه,4.2,122,0.22,0.088,Tasnim News 6.4 | Fars News 4.2
group,irgc_affiliated,war,74,خونخواهی,4.2,189,0.341,0.097,Tasnim News 11.5 | Fars News 4.2
group,irgc_affiliated,war,75,ویکتوریا,4.1,121,0.218,0.104,Tasnim News 4.8 | Fars News 4.1
group,irgc_affiliated,war,76,چهارشنبه‌سوری,4.1,37,0.067,0.011,Tasnim News 4.1 | Fars News 5.7
group,irgc_affiliated,war,77,موج,4.1,1388,2.506,1.775,Tasnim News 9.8 | Fars News 4.1
group,irgc_affiliated,war,78,غلامرضا سلیمانی,4.1,53,0.096,0.029,Tasnim News 4.8 | Fars News 4.1
group,irgc_affiliated,war,79,خیابان‌ها,4.1,306,0.552,0.347,Tasnim News 4.1 | Fars News 5.6
group,irgc_affiliated,war,80,تبریز,4.1,211,0.381,0.207,Tasnim News 5.9 | Fars News 4.1
group,irgc_affiliated,war,81,امارات,4.1,646,1.166,0.76,Tasnim News 4.1 | Fars News 9.4
group,irgc_affiliated,war,82,تجمع,4.0,715,1.291,0.959,Tasnim News 5.1 | Fars News 4.0
group,irgc_affiliated,war,83,سپاه,4.0,585,1.056,0.742,Tasnim News 4.0 | Fars News 6.5
group,irgc_affiliated,war,84,الهی,4.0,402,0.726,0.435,Tasnim News 7.3 | Fars News 4.0
group,irgc_affiliated,war,85,رمز مبارک,4.0,136,0.245,0.131,Tasnim News 4.0 | Fars News 4.4
group,irgc_affiliated,war,86,اربیل,4.0,280,0.505,0.299,Tasnim News 4.0 | Fars News 6.5
group,irgc_affiliated,war,87,بدرقه,4.0,91,0.164,0.079,Tasnim News 4.0 | Fars News 5.3
group,irgc_affiliated,war,88,تشییع پیکر,4.0,134,0.242,0.124,Tasnim News 4.8 | Fars News 4.0
group,irgc_affiliated,war,89,خونخواهان,3.9,28,0.051,0.005,Tasnim News 5.0 | Fars News 3.9
group,irgc_affiliated,war,90,معادله,3.9,64,0.116,0.046,Tasnim News 3.9 | Fars News 4.3
group,irgc_affiliated,war,91,اردبیل,3.9,86,0.155,0.068,Tasnim News 4.7 | Fars News 3.9
group,irgc_affiliated,war,92,امنیتی,3.9,806,1.455,1.15,Tasnim News 4.3 | Fars News 3.9
group,irgc_affiliated,war,93,آمریکایی‌ها,3.9,538,0.971,0.67,Tasnim News 6.0 | Fars News 3.9
group,irgc_affiliated,war,94,عملیاتی,3.8,448,0.809,0.533,Tasnim News 6.2 | Fars News 3.8
group,irgc_affiliated,war,95,رضا پهلوی,3.8,60,0.108,0.044,Tasnim News 3.9 | Fars News 3.8
group,irgc_affiliated,war,96,ولایت,3.8,146,0.264,0.147,Tasnim News 4.3 | Fars News 3.8
group,irgc_affiliated,war,97,نبرد,3.8,478,0.863,0.555,Tasnim News 7.0 | Fars News 3.8
group,irgc_affiliated,war,98,اسرائیلی,3.8,709,1.28,0.926,Tasnim News 6.1 | Fars News 3.8
group,irgc_affiliated,war,99,هلاکت,3.7,103,0.186,0.09,Tasnim News 3.7 | Fars News 4.8
group,irgc_affiliated,war,100,صدای,3.7,522,0.942,0.69,Tasnim News 3.7 | Fars News 4.9
group,irgc_affiliated,war,101,شلیک,3.7,958,1.729,1.26,Tasnim News 3.7 | Fars News 8.3
group,irgc_affiliated,war,102,عناصر,3.7,199,0.359,0.224,Tasnim News 3.7 | Fars News 4.2
group,irgc_affiliated,war,103,اصفهانی‌ها,3.7,25,0.045,0.009,Tasnim News 3.9 | Fars News 3.7
group,irgc_affiliated,war,104,تروریست,3.7,243,0.439,0.29,Tasnim News 3.7 | Fars News 3.9
group,irgc_affiliated,war,105,سپاه پاسداران,3.7,486,0.877,0.427,Tasnim News 3.7 | Fars News 15.1
group,irgc_affiliated,war,106,تروریستی,3.7,572,1.033,0.709,Tasnim News 6.6 | Fars News 3.7
group,irgc_affiliated,war,107,بانک,3.6,220,0.397,0.247,Tasnim News 3.6 | Fars News 5.0
group,irgc_affiliated,war,108,رهگیری,3.6,310,0.56,0.38,Tasnim News 4.2 | Fars News 3.6
group,irgc_affiliated,war,109,ملایر,3.6,17,0.031,0.003,Tasnim News 3.6 | Fars News 3.6
group,irgc_affiliated,war,110,بیت‌شمش,3.6,41,0.074,0.014,Tasnim News 5.7 | Fars News 3.6
group,irgc_affiliated,war,111,هوش مصنوعی,3.6,137,0.247,0.124,Tasnim News 5.5 | Fars News 3.6
group,irgc_affiliated,war,112,خیبرشکن,3.6,103,0.186,0.087,Tasnim News 3.6 | Fars News 5.2
group,irgc_affiliated,war,113,شورون,3.6,21,0.038,0.006,Tasnim News 3.6 | Fars News 3.8
group,irgc_affiliated,war,114,منافقین,3.6,107,0.193,0.097,Tasnim News 4.4 | Fars News 3.6
group,irgc_affiliated,war,115,ارتش,3.6,1822,3.289,2.725,Tasnim News 3.6 | Fars News 6.4
group,irgc_affiliated,war,116,خرم‌آباد,3.5,100,0.181,0.085,Tasnim News 4.8 | Fars News 3.5
group,irgc_affiliated,war,117,قاب‌هایی,3.5,29,0.052,0.011,Tasnim News 4.4 | Fars News 3.5
group,irgc_affiliated,war,118,تروریست‌های,3.5,165,0.298,0.17,Tasnim News 4.7 | Fars News 3.5
group,irgc_affiliated,war,119,پروژه,3.5,80,0.144,0.074,Tasnim News 3.5 | Fars News 3.9
group,irgc_affiliated,war,120,عملیات,3.4,1498,2.704,2.19,Tasnim News 5.9 | Fars News 3.4
group,irgc_affiliated,war,121,فاز,3.4,45,0.081,0.029,Tasnim News 3.4 | Fars News 4.2
group,irgc_affiliated,war,122,ماهواره‌ای,3.4,142,0.256,0.141,Tasnim News 3.4 | Fars News 5.0
group,irgc_affiliated,war,123,سوخت جامد,3.4,77,0.139,0.07,Tasnim News 3.4 | Fars News 3.4
group,irgc_affiliated,war,124,پرشور,3.4,73,0.132,0.062,Tasnim News 3.8 | Fars News 3.4
group,irgc_affiliated,war,125,سلیمانی,3.3,135,0.244,0.117,Tasnim News 5.9 | Fars News 3.3
group,irgc_affiliated,war,126,گروهک,3.3,81,0.146,0.072,Tasnim News 3.8 | Fars News 3.3
group,irgc_affiliated,war,127,دشمن,3.3,3117,5.627,4.729,Tasnim News 3.3 | Fars News 8.8
group,irgc_affiliated,war,128,وابسته,3.3,236,0.426,0.267,Tasnim News 5.0 | Fars News 3.3
group,irgc_affiliated,war,129,سلطنت‌طلب,3.3,36,0.065,0.019,Tasnim News 3.3 | Fars News 4.4
group,irgc_affiliated,war,130,انفجارهایی,3.3,79,0.143,0.049,Tasnim News 3.3 | Fars News 7.1
group,irgc_affiliated,war,131,امت,3.3,403,0.727,0.336,Tasnim News 12.2 | Fars News 3.3
group,irgc_affiliated,war,132,عملیات وعده,3.3,104,0.188,0.102,Tasnim News 3.7 | Fars News 3.3
group,irgc_affiliated,war,133,مجاهدت‌های,3.3,55,0.099,0.045,Tasnim News 3.3 | Fars News 3.3
group,irgc_affiliated,war,134,تانک مرکاوای,3.3,45,0.081,0.022,Tasnim News 5.2 | Fars News 3.3
group,irgc_affiliated,war,135,کوبنده,3.2,122,0.22,0.132,Tasnim News 3.3 | Fars News 3.2
group,irgc_affiliated,war,136,قم,3.2,453,0.818,0.306,Tasnim News 16.1 | Fars News 3.2
group,irgc_affiliated,war,137,جبهه,3.2,328,0.592,0.35,Tasnim News 7.2 | Fars News 3.2
group,irgc_affiliated,war,138,جنگنده‌های,3.2,243,0.439,0.296,Tasnim News 3.2 | Fars News 4.2
group,irgc_affiliated,war,139,فعال,3.2,690,1.246,0.868,Tasnim News 7.4 | Fars News 3.2
group,irgc_affiliated,war,140,پاسداران,3.2,110,0.199,0.112,Tasnim News 3.7 | Fars News 3.2
group,irgc_affiliated,war,141,عراقی,3.1,179,0.323,0.17,Tasnim News 3.1 | Fars News 7.3
group,irgc_affiliated,war,142,حضرت آیت‌الله سیدمجتبی خامنه‌ای,3.1,48,0.087,0.034,Tasnim News 3.1 | Fars News 4.2
group,irgc_affiliated,war,143,پدافندی,3.1,240,0.433,0.238,Tasnim News 6.8 | Fars News 3.1
group,irgc_affiliated,war,144,سربازان گمنام امام زمان,3.1,172,0.31,0.197,Tasnim News 3.7 | Fars News 3.1
group,irgc_affiliated,war,145,شورای‌عالی,3.1,38,0.069,0.019,Tasnim News 3.1 | Fars News 5.1
group,irgc_affiliated,war,146,پایگاه‌های,3.1,619,1.117,0.876,Tasnim News 3.1 | Fars News 4.1
group,irgc_affiliated,war,147,قدس,3.1,412,0.744,0.492,Tasnim News 3.1 | Fars News 7.2
group,irgc_affiliated,war,148,معاند,3.1,106,0.191,0.094,Tasnim News 4.9 | Fars News 3.1
group,irgc_affiliated,war,149,راهبردی,3.1,510,0.921,0.737,Tasnim News 3.1 | Fars News 3.1
group,irgc_affiliated,war,150,سلاح,3.1,175,0.316,0.204,Tasnim News 3.9 | Fars News 3.1
group,irgc_affiliated,war,151,اغتشاشات,3.1,78,0.141,0.071,Tasnim News 4.0 | Fars News 3.1
group,irgc_affiliated,war,152,انفجارهای,3.1,151,0.273,0.158,Tasnim News 3.1 | Fars News 4.9
group,irgc_affiliated,war,153,گروهک تروریستی,3.1,92,0.166,0.086,Tasnim News 3.1 | Fars News 4.3
group,irgc_affiliated,war,154,پیشرفته,3.1,320,0.578,0.419,Tasnim News 3.1 | Fars News 3.7
group,irgc_affiliated,war,155,باحضور,3.1,24,0.043,0.004,Tasnim News 4.9 | Fars News 3.1
group,irgc_affiliated,war,156,مایع,3.1,94,0.17,0.09,Tasnim News 3.1 | Fars News 4.1
group,irgc_affiliated,war,157,حیفا,3.0,512,0.924,0.649,Tasnim News 3.0 | Fars News 6.6
group,irgc_affiliated,war,158,محلات,3.0,46,0.083,0.034,Tasnim News 3.0 | Fars News 3.6
group,irgc_affiliated,war,159,کاشان,3.0,84,0.152,0.057,Tasnim News 6.0 | Fars News 3.0
group,irgc_affiliated,war,160,پدافند,3.0,343,0.619,0.463,Tasnim News 3.0 | Fars News 3.2
group,irgc_affiliated,war,161,خروش,3.0,82,0.148,0.067,Tasnim News 3.0 | Fars News 5.2
group,irgc_affiliated,war,162,جاسوس,3.0,61,0.11,0.055,Tasnim News 3.0 | Fars News 3.2
group,irgc_affiliated,war,163,شهید والامقام,3.0,88,0.159,0.074,Tasnim News 4.7 | Fars News 3.0
group,irgc_affiliated,war,164,هوافضای سپاه,3.0,125,0.226,0.116,Tasnim News 3.0 | Fars News 5.8
group,irgc_affiliated,war,165,حاجی‌زاده,3.0,13,0.023,0.003,Tasnim News 3.2 | Fars News 3.0
group,irgc_affiliated,war,166,متهمان,3.0,49,0.088,0.032,Tasnim News 4.6 | Fars News 3.0
group,irgc_affiliated,war,167,کرمانشاه,3.0,165,0.298,0.163,Tasnim News 3.0 | Fars News 6.4
group,irgc_affiliated,war,168,خروشان,3.0,33,0.06,0.013,Tasnim News 3.0 | Fars News 5.5
group,irgc_affiliated,war,169,شکار,3.0,119,0.215,0.124,Tasnim News 3.8 | Fars News 3.0
group,irgc_affiliated,war,170,رصدهای,3.0,29,0.052,0.013,Tasnim News 3.0 | Fars News 4.6
group,irgc_affiliated,war,171,مزدوران,3.0,190,0.343,0.222,Tasnim News 3.0 | Fars News 4.2
group,irgc_affiliated,war,172,رهبر,3.0,1463,2.641,2.269,Tasnim News 3.0 | Fars News 3.9
group,irgc_affiliated,war,173,انقلابی,3.0,241,0.435,0.196,Tasnim News 9.5 | Fars News 3.0
group,irgc_affiliated,war,174,اهداف,3.0,934,1.686,1.367,Tasnim News 3.0 | Fars News 4.7
group,irgc_affiliated,war,175,مرندی,3.0,33,0.06,0.017,Tasnim News 3.0 | Fars News 4.7
group,irgc_affiliated,war,176,سرویس‌های,3.0,53,0.096,0.032,Tasnim News 3.0 | Fars News 5.8
group,irgc_affiliated,war,177,حاج‌قاسم,2.9,19,0.034,0.009,Tasnim News 2.9 | Fars News 3.0
group,irgc_affiliated,war,178,بشناسید,2.9,14,0.025,0.004,Tasnim News 2.9 | Fars News 3.1
group,irgc_affiliated,war,179,مهمات,2.9,139,0.251,0.166,Tasnim News 3.0 | Fars News 2.9
group,irgc_affiliated,war,180,وطن‌فروشان,2.9,25,0.045,0.011,Tasnim News 2.9 | Fars News 4.4
group,irgc_affiliated,war,181,پهپادی,2.9,648,1.17,0.844,Tasnim News 2.9 | Fars News 7.4
group,irgc_affiliated,war,182,اردبیلی‌ها,2.9,22,0.04,0.011,Tasnim News 2.9 | Fars News 3.5
group,irgc_affiliated,war,183,عسلویه,2.9,50,0.09,0.044,Tasnim News 2.9 | Fars News 2.9
group,irgc_affiliated,war,184,پیکر,2.9,311,0.561,0.364,Tasnim News 5.8 | Fars News 2.9
group,irgc_affiliated,war,185,مسجد جمکران,2.9,19,0.034,0.008,Tasnim News 3.3 | Fars News 2.9
group,irgc_affiliated,war,186,گازی,2.9,98,0.177,0.098,Tasnim News 2.9 | Fars News 4.0
group,irgc_affiliated,war,187,خالی,2.8,125,0.226,0.136,Tasnim News 2.8 | Fars News 4.0
group,irgc_affiliated,war,188,رسانه‌های عبری,2.8,117,0.211,0.091,Tasnim News 6.5 | Fars News 2.8
group,irgc_affiliated,war,189,نقطه‌زن,2.8,65,0.117,0.042,Tasnim News 2.8 | Fars News 6.2
group,irgc_affiliated,war,190,فتاح,2.8,84,0.152,0.074,Tasnim News 2.8 | Fars News 4.8
group,irgc_affiliated,war,191,مراکز,2.8,724,1.307,1.085,Tasnim News 2.8 | Fars News 3.0
group,irgc_affiliated,war,192,طراحی,2.8,162,0.292,0.177,Tasnim News 4.6 | Fars News 2.8
group,irgc_affiliated,war,193,ساکنان,2.8,207,0.374,0.208,Tasnim News 6.3 | Fars News 2.8
group,irgc_affiliated,war,194,پالایشگاه,2.8,178,0.321,0.181,Tasnim News 2.8 | Fars News 6.5
group,irgc_affiliated,war,195,اژه‌ای,2.8,32,0.058,0.022,Tasnim News 2.8 | Fars News 3.4
group,irgc_affiliated,war,196,رجوی,2.8,17,0.031,0.008,Tasnim News 2.8 | Fars News 2.8
group,irgc_affiliated,war,197,مقدس,2.8,270,0.487,0.328,Tasnim News 4.6 | Fars News 2.8
group,irgc_affiliated,war,198,جامعه‌شناس,2.7,14,0.025,0.002,Tasnim News 3.6 | Fars News 2.7
group,irgc_affiliated,war,199,حیفای,2.7,42,0.076,0.021,Tasnim News 5.1 | Fars News 2.7
group,irgc_affiliated,war,200,ماموران,2.7,63,0.114,0.054,Tasnim News 2.7 | Fars News 4.5
group,irgc_affiliated,ceasefire,1,حزب‌الله,18.6,2231,2.417,1.231,Tasnim News 19.1 | Fars News 18.6
group,irgc_affiliated,ceasefire,2,خیابان,10.9,1136,1.231,0.545,Tasnim News 19.2 | Fars News 10.9
group,irgc_affiliated,ceasefire,3,ارتش,9.5,2543,2.755,1.814,Tasnim News 15.4 | Fars News 9.5
group,irgc_affiliated,ceasefire,4,صهیونیست‌ها,7.9,494,0.535,0.245,Tasnim News 11.7 | Fars News 7.9
group,irgc_affiliated,ceasefire,5,پهپاد,7.9,641,0.694,0.362,Tasnim News 11.3 | Fars News 7.9
group,irgc_affiliated,ceasefire,6,صهیونیست,7.4,514,0.557,0.289,Tasnim News 9.8 | Fars News 7.4
group,irgc_affiliated,ceasefire,7,امارات,7.4,872,0.945,0.604,Tasnim News 7.4 | Fars News 9.1
group,irgc_affiliated,ceasefire,8,سپاه,7.1,729,0.79,0.458,Tasnim News 7.1 | Fars News 11.6
group,irgc_affiliated,ceasefire,9,پهپاد انتحاری,7.0,112,0.121,0.035,Tasnim News 7.2 | Fars News 7.0
group,irgc_affiliated,ceasefire,10,اینترنشنال,6.7,150,0.163,0.055,Tasnim News 7.9 | Fars News 6.7
group,irgc_affiliated,ceasefire,11,موشکی,6.6,594,0.644,0.416,Tasnim News 6.7 | Fars News 6.6
group,irgc_affiliated,ceasefire,12,فرمانده,6.6,919,0.996,0.676,Tasnim News 6.6 | Fars News 8.3
group,irgc_affiliated,ceasefire,13,رهبر شهید انقلاب,6.4,1561,1.691,1.227,Tasnim News 6.4 | Fars News 9.8
group,irgc_affiliated,ceasefire,14,پهلوی,6.4,136,0.147,0.04,Tasnim News 9.2 | Fars News 6.4
group,irgc_affiliated,ceasefire,15,امام,6.2,1596,1.729,1.135,Tasnim News 13.1 | Fars News 6.2
group,irgc_affiliated,ceasefire,16,شلیک,6.1,497,0.538,0.33,Tasnim News 6.1 | Fars News 7.7
group,irgc_affiliated,ceasefire,17,پرسپولیس,6.1,328,0.355,0.175,Tasnim News 6.1 | Fars News 9.8
group,irgc_affiliated,ceasefire,18,اسرائیلی,6.1,855,0.926,0.653,Tasnim News 6.1 | Fars News 6.7
group,irgc_affiliated,ceasefire,19,شهید رئیسی,6.0,273,0.296,0.081,Tasnim News 14.3 | Fars News 6.0
group,irgc_affiliated,ceasefire,20,باشگاه,5.9,299,0.324,0.17,Tasnim News 5.9 | Fars News 8.0
group,irgc_affiliated,ceasefire,21,النبطیه,5.8,90,0.098,0.029,Tasnim News 6.4 | Fars News 5.8
group,irgc_affiliated,ceasefire,22,ماهواره‌ای,5.7,117,0.127,0.043,Tasnim News 5.7 | Fars News 7.7
group,irgc_affiliated,ceasefire,23,موشک,5.7,637,0.69,0.428,Tasnim News 8.8 | Fars News 5.7
group,irgc_affiliated,ceasefire,24,اصابت,5.6,434,0.47,0.282,Tasnim News 5.6 | Fars News 8.5
group,irgc_affiliated,ceasefire,25,حماسه,5.5,441,0.478,0.201,Tasnim News 13.5 | Fars News 5.5
group,irgc_affiliated,ceasefire,26,آپارات,5.5,100,0.108,0.008,Tasnim News 10.9 | Fars News 5.5
group,irgc_affiliated,ceasefire,27,حمله,5.5,2515,2.725,2.216,Tasnim News 7.7 | Fars News 5.5
group,irgc_affiliated,ceasefire,28,مداحی,5.5,121,0.131,0.041,Tasnim News 7.9 | Fars News 5.5
group,irgc_affiliated,ceasefire,29,دشمن,5.4,2574,2.789,2.188,Tasnim News 5.4 | Fars News 11.4
group,irgc_affiliated,ceasefire,30,مهدی رسولی,5.4,80,0.087,0.025,Tasnim News 6.4 | Fars News 5.4
group,irgc_affiliated,ceasefire,31,الجولانی,5.4,40,0.043,0.005,Tasnim News 6.0 | Fars News 5.4
group,irgc_affiliated,ceasefire,32,آتش‌سوزی,5.3,384,0.416,0.245,Tasnim News 7.1 | Fars News 5.3
group,irgc_affiliated,ceasefire,33,پرچم,5.3,526,0.57,0.375,Tasnim News 5.3 | Fars News 6.7
group,irgc_affiliated,ceasefire,34,رضا پهلوی,5.3,110,0.119,0.036,Tasnim News 7.8 | Fars News 5.3
group,irgc_affiliated,ceasefire,35,فرزند,5.2,281,0.304,0.176,Tasnim News 5.2 | Fars News 6.1
group,irgc_affiliated,ceasefire,36,هلاکت,5.2,189,0.205,0.087,Tasnim News 7.9 | Fars News 5.2
group,irgc_affiliated,ceasefire,37,نیروهای مسلح,5.1,931,1.009,0.757,Tasnim News 5.8 | Fars News 5.1
group,irgc_affiliated,ceasefire,38,حرم حضرت معصومه,5.1,88,0.095,0.027,Tasnim News 7.1 | Fars News 5.1
group,irgc_affiliated,ceasefire,39,شهید سلامی,5.1,107,0.116,0.009,Tasnim News 11.4 | Fars News 5.1
group,irgc_affiliated,ceasefire,40,میلیون بشکه,5.1,104,0.113,0.043,Tasnim News 5.9 | Fars News 5.1
group,irgc_affiliated,ceasefire,41,هدف قرار,4.9,891,0.965,0.681,Tasnim News 7.7 | Fars News 4.9
group,irgc_affiliated,ceasefire,42,شهید پاکپور,4.9,40,0.043,0.007,Tasnim News 4.9 | Fars News 5.9
group,irgc_affiliated,ceasefire,43,آمریکایی‌ها,4.8,675,0.731,0.485,Tasnim News 7.7 | Fars News 4.8
group,irgc_affiliated,ceasefire,44,سپاه پاسداران,4.7,220,0.238,0.11,Tasnim News 4.7 | Fars News 9.6
group,irgc_affiliated,ceasefire,45,آمریکایی,4.7,2628,2.847,2.362,Tasnim News 4.7 | Fars News 8.4
group,irgc_affiliated,ceasefire,46,خودروی,4.7,279,0.302,0.176,Tasnim News 4.7 | Fars News 6.5
group,irgc_affiliated,ceasefire,47,رشاف,4.7,37,0.04,0.008,Tasnim News 4.9 | Fars News 4.7
group,irgc_affiliated,ceasefire,48,نماز,4.6,254,0.275,0.168,Tasnim News 4.9 | Fars News 4.6
group,irgc_affiliated,ceasefire,49,فرماندهی,4.5,436,0.472,0.315,Tasnim News 5.7 | Fars News 4.5
group,irgc_affiliated,ceasefire,50,رهبر معظم انقلاب,4.5,404,0.438,0.226,Tasnim News 10.1 | Fars News 4.5
group,irgc_affiliated,ceasefire,51,تروریست,4.5,225,0.244,0.103,Tasnim News 9.4 | Fars News 4.5
group,irgc_affiliated,ceasefire,52,فرماندهان,4.4,310,0.336,0.223,Tasnim News 4.4 | Fars News 4.6
group,irgc_affiliated,ceasefire,53,سایت,4.3,209,0.226,0.132,Tasnim News 5.1 | Fars News 4.3
group,irgc_affiliated,ceasefire,54,دستگیر,4.3,282,0.306,0.187,Tasnim News 5.6 | Fars News 4.3
group,irgc_affiliated,ceasefire,55,رهبر,4.3,1263,1.368,1.102,Tasnim News 4.3 | Fars News 5.8
group,irgc_affiliated,ceasefire,56,عظیم,4.3,250,0.271,0.17,Tasnim News 4.3 | Fars News 4.9
group,irgc_affiliated,ceasefire,57,انتقام,4.3,219,0.237,0.12,Tasnim News 7.2 | Fars News 4.3
group,irgc_affiliated,ceasefire,58,البیاضه,4.3,57,0.062,0.019,Tasnim News 5.1 | Fars News 4.3
group,irgc_affiliated,ceasefire,59,خدا,4.2,408,0.442,0.285,Tasnim News 4.2 | Fars News 7.2
group,irgc_affiliated,ceasefire,60,بحرین,4.2,374,0.405,0.285,Tasnim News 4.2 | Fars News 4.4
group,irgc_affiliated,ceasefire,61,مجاهد,4.2,107,0.116,0.057,Tasnim News 4.6 | Fars News 4.2
group,irgc_affiliated,ceasefire,62,چطور,4.2,125,0.135,0.067,Tasnim News 5.0 | Fars News 4.2
group,irgc_affiliated,ceasefire,63,تجهیزات,4.2,441,0.478,0.348,Tasnim News 4.2 | Fars News 4.2
group,irgc_affiliated,ceasefire,64,بعثت,4.1,120,0.13,0.067,Tasnim News 4.1 | Fars News 4.7
group,irgc_affiliated,ceasefire,65,اسرائیل,4.1,3869,4.191,3.748,Tasnim News 4.6 | Fars News 4.1
group,irgc_affiliated,ceasefire,66,نقطه‌زن,4.1,21,0.023,0.003,Tasnim News 4.2 | Fars News 4.1
group,irgc_affiliated,ceasefire,67,هوایی,4.1,989,1.071,0.799,Tasnim News 7.1 | Fars News 4.1
group,irgc_affiliated,ceasefire,68,ارسال,4.1,496,0.537,0.38,Tasnim News 4.1 | Fars News 5.8
group,irgc_affiliated,ceasefire,69,چادرملو,4.1,92,0.1,0.042,Tasnim News 4.1 | Fars News 5.7
group,irgc_affiliated,ceasefire,70,راکتی,4.1,29,0.031,0.007,Tasnim News 4.2 | Fars News 4.1
group,irgc_affiliated,ceasefire,71,پهپادهای,4.0,286,0.31,0.21,Tasnim News 4.0 | Fars News 4.3
group,irgc_affiliated,ceasefire,72,قائد شهید امت,4.0,138,0.15,0.067,Tasnim News 6.5 | Fars News 4.0
group,irgc_affiliated,ceasefire,73,سایبری,4.0,199,0.216,0.122,Tasnim News 4.0 | Fars News 6.1
group,irgc_affiliated,ceasefire,74,اژه‌ای,3.9,118,0.128,0.044,Tasnim News 3.9 | Fars News 9.7
group,irgc_affiliated,ceasefire,75,مقر,3.9,148,0.16,0.087,Tasnim News 3.9 | Fars News 5.4
group,irgc_affiliated,ceasefire,76,منابع,3.9,957,1.037,0.844,Tasnim News 3.9 | Fars News 4.2
group,irgc_affiliated,ceasefire,77,آماده‌سازی,3.9,185,0.2,0.124,Tasnim News 3.9 | Fars News 4.1
group,irgc_affiliated,ceasefire,78,سلاح,3.9,400,0.433,0.306,Tasnim News 4.6 | Fars News 3.9
group,irgc_affiliated,ceasefire,79,عزیز,3.9,586,0.635,0.444,Tasnim News 6.4 | Fars News 3.9
group,irgc_affiliated,ceasefire,80,خودروهای,3.9,288,0.312,0.212,Tasnim News 4.2 | Fars News 3.9
group,irgc_affiliated,ceasefire,81,سرلشکر,3.9,145,0.157,0.086,Tasnim News 3.9 | Fars News 5.1
group,irgc_affiliated,ceasefire,82,مسجد جمکران,3.9,60,0.065,0.027,Tasnim News 3.9 | Fars News 4.0
group,irgc_affiliated,ceasefire,83,مداح,3.9,68,0.074,0.024,Tasnim News 3.9 | Fars News 6.7
group,irgc_affiliated,ceasefire,84,قرارداد,3.9,173,0.187,0.111,Tasnim News 3.9 | Fars News 4.8
group,irgc_affiliated,ceasefire,85,منهدم,3.9,165,0.179,0.109,Tasnim News 3.9 | Fars News 4.2
group,irgc_affiliated,ceasefire,86,سیل,3.8,107,0.116,0.057,Tasnim News 4.8 | Fars News 3.8
group,irgc_affiliated,ceasefire,87,پالایشگاه,3.8,109,0.118,0.062,Tasnim News 3.8 | Fars News 4.5
group,irgc_affiliated,ceasefire,88,شکار,3.8,105,0.114,0.048,Tasnim News 3.8 | Fars News 6.8
group,irgc_affiliated,ceasefire,89,موشک‌های,3.8,337,0.365,0.246,Tasnim News 3.8 | Fars News 5.9
group,irgc_affiliated,ceasefire,90,اینطور,3.8,58,0.063,0.027,Tasnim News 3.8 | Fars News 3.8
group,irgc_affiliated,ceasefire,91,پرتاب,3.8,151,0.164,0.099,Tasnim News 3.8 | Fars News 3.8
group,irgc_affiliated,ceasefire,92,پایان معاملات امروز,3.8,52,0.056,0.014,Tasnim News 3.8 | Fars News 6.9
group,irgc_affiliated,ceasefire,93,فریاد,3.7,177,0.192,0.119,Tasnim News 4.0 | Fars News 3.7
group,irgc_affiliated,ceasefire,94,جذاب,3.7,62,0.067,0.029,Tasnim News 3.7 | Fars News 3.9
group,irgc_affiliated,ceasefire,95,بندر فجیره,3.7,41,0.044,0.011,Tasnim News 5.1 | Fars News 3.7
group,irgc_affiliated,ceasefire,96,منفجر,3.7,97,0.105,0.055,Tasnim News 3.8 | Fars News 3.7
group,irgc_affiliated,ceasefire,97,راکت,3.7,40,0.043,0.013,Tasnim News 3.7 | Fars News 4.9
group,irgc_affiliated,ceasefire,98,سیدمصطفی,3.7,30,0.033,0.009,Tasnim News 3.7 | Fars News 3.9
group,irgc_affiliated,ceasefire,99,فیروزه,3.7,35,0.038,0.007,Tasnim News 3.7 | Fars News 6.2
group,irgc_affiliated,ceasefire,100,فرمان,3.7,144,0.156,0.089,Tasnim News 4.3 | Fars News 3.7
group,irgc_affiliated,ceasefire,101,زاکانی,3.6,65,0.07,0.031,Tasnim News 3.6 | Fars News 4.2
group,irgc_affiliated,ceasefire,102,سامانه‌های,3.6,248,0.269,0.177,Tasnim News 3.6 | Fars News 4.8
group,irgc_affiliated,ceasefire,103,زائران,3.6,631,0.684,0.463,Tasnim News 7.7 | Fars News 3.6
group,irgc_affiliated,ceasefire,104,الان,3.6,265,0.287,0.176,Tasnim News 3.6 | Fars News 6.6
group,irgc_affiliated,ceasefire,105,ولی‌فقیه,3.6,19,0.021,0.003,Tasnim News 3.6 | Fars News 4.0
group,irgc_affiliated,ceasefire,106,نیروی دریایی,3.6,340,0.368,0.258,Tasnim News 3.6 | Fars News 4.7
group,irgc_affiliated,ceasefire,107,لحظه,3.6,524,0.568,0.405,Tasnim News 5.7 | Fars News 3.6
group,irgc_affiliated,ceasefire,108,موساد,3.6,274,0.297,0.192,Tasnim News 5.0 | Fars News 3.6
group,irgc_affiliated,ceasefire,109,رهبر شهید,3.6,1362,1.476,1.225,Tasnim News 3.6 | Fars News 5.2
group,irgc_affiliated,ceasefire,110,سپاهان,3.6,63,0.068,0.031,Tasnim News 3.6 | Fars News 4.0
group,irgc_affiliated,ceasefire,111,پهپادی,3.6,315,0.341,0.228,Tasnim News 3.6 | Fars News 5.9
group,irgc_affiliated,ceasefire,112,گلوله‌های,3.6,30,0.033,0.008,Tasnim News 3.6 | Fars News 4.8
group,irgc_affiliated,ceasefire,113,هیئت,3.6,610,0.661,0.471,Tasnim News 3.6 | Fars News 7.4
group,irgc_affiliated,ceasefire,114,بی‌آرتی,3.5,27,0.029,0.007,Tasnim News 3.5 | Fars News 4.4
group,irgc_affiliated,ceasefire,115,هستم,3.5,176,0.191,0.122,Tasnim News 3.5 | Fars News 3.8
group,irgc_affiliated,ceasefire,116,محمود کریمی,3.5,66,0.072,0.031,Tasnim News 4.3 | Fars News 3.5
group,irgc_affiliated,ceasefire,117,الخیام,3.5,39,0.042,0.011,Tasnim News 5.0 | Fars News 3.5
group,irgc_affiliated,ceasefire,118,آمده‌ایم,3.5,33,0.036,0.011,Tasnim News 3.9 | Fars News 3.5
group,irgc_affiliated,ceasefire,119,ینبع,3.5,18,0.02,0.004,Tasnim News 3.5 | Fars News 3.5
group,irgc_affiliated,ceasefire,120,الطیبه,3.5,26,0.028,0.006,Tasnim News 4.1 | Fars News 3.5
group,irgc_affiliated,ceasefire,121,قایق,3.5,82,0.089,0.044,Tasnim News 3.5 | Fars News 4.2
group,irgc_affiliated,ceasefire,122,جنگنده,3.5,134,0.145,0.089,Tasnim News 3.5 | Fars News 3.6
group,irgc_affiliated,ceasefire,123,نبرد,3.5,460,0.498,0.36,Tasnim News 5.0 | Fars News 3.5
group,irgc_affiliated,ceasefire,124,شب‌های,3.5,129,0.14,0.063,Tasnim News 6.4 | Fars News 3.5
group,irgc_affiliated,ceasefire,125,ماجرا,3.5,93,0.101,0.054,Tasnim News 3.5 | Fars News 3.8
group,irgc_affiliated,ceasefire,126,حمله پهپادی,3.4,357,0.387,0.164,Tasnim News 12.8 | Fars News 3.4
group,irgc_affiliated,ceasefire,127,اردوگاه,3.4,103,0.112,0.063,Tasnim News 3.4 | Fars News 3.6
group,irgc_affiliated,ceasefire,128,نماینده ولی‌فقیه,3.4,44,0.048,0.014,Tasnim News 4.8 | Fars News 3.4
group,irgc_affiliated,ceasefire,129,خونخواهی,3.4,151,0.164,0.082,Tasnim News 6.1 | Fars News 3.4
group,irgc_affiliated,ceasefire,130,اعتراف,3.4,237,0.257,0.174,Tasnim News 3.9 | Fars News 3.4
group,irgc_affiliated,ceasefire,131,مجوز,3.4,423,0.458,0.337,Tasnim News 3.4 | Fars News 4.6
group,irgc_affiliated,ceasefire,132,واسطه,3.4,89,0.096,0.052,Tasnim News 3.4 | Fars News 3.6
group,irgc_affiliated,ceasefire,133,هرکس,3.4,45,0.049,0.015,Tasnim News 3.4 | Fars News 5.5
group,irgc_affiliated,ceasefire,134,انقلاب,3.4,1310,1.419,1.137,Tasnim News 3.4 | Fars News 7.6
group,irgc_affiliated,ceasefire,135,اخراج,3.4,144,0.156,0.097,Tasnim News 3.6 | Fars News 3.4
group,irgc_affiliated,ceasefire,136,حسینیه اعظم زنجان,3.3,31,0.034,0.005,Tasnim News 5.5 | Fars News 3.3
group,irgc_affiliated,ceasefire,137,حنظله,3.3,130,0.141,0.053,Tasnim News 3.3 | Fars News 10.0
group,irgc_affiliated,ceasefire,138,مردی,3.3,100,0.108,0.058,Tasnim News 3.3 | Fars News 4.4
group,irgc_affiliated,ceasefire,139,نزدیکی,3.3,352,0.381,0.272,Tasnim News 4.4 | Fars News 3.3
group,irgc_affiliated,ceasefire,140,طهرانی‌مقدم,3.3,19,0.021,0.004,Tasnim News 3.3 | Fars News 3.7
group,irgc_affiliated,ceasefire,141,میثم مطیعی,3.3,39,0.042,0.014,Tasnim News 3.3 | Fars News 4.3
group,irgc_affiliated,ceasefire,142,پیاده‌نظام,3.3,21,0.023,0.005,Tasnim News 3.4 | Fars News 3.3
group,irgc_affiliated,ceasefire,143,عبری,3.3,183,0.198,0.086,Tasnim News 8.6 | Fars News 3.3
group,irgc_affiliated,ceasefire,144,حیفا,3.3,70,0.076,0.036,Tasnim News 4.1 | Fars News 3.3
group,irgc_affiliated,ceasefire,145,هوافضا,3.3,66,0.072,0.029,Tasnim News 3.3 | Fars News 5.5
group,irgc_affiliated,ceasefire,146,جمکران,3.3,26,0.028,0.007,Tasnim News 3.3 | Fars News 4.4
group,irgc_affiliated,ceasefire,147,نفتکش,3.3,407,0.441,0.281,Tasnim News 3.3 | Fars News 8.7
group,irgc_affiliated,ceasefire,148,عهد,3.3,136,0.147,0.093,Tasnim News 3.3 | Fars News 3.3
group,irgc_affiliated,ceasefire,149,می‌خواست,3.3,57,0.062,0.028,Tasnim News 3.3 | Fars News 3.9
group,irgc_affiliated,ceasefire,150,زوطر,3.3,51,0.055,0.015,Tasnim News 5.8 | Fars News 3.3
group,irgc_affiliated,ceasefire,151,چیست,3.3,180,0.195,0.126,Tasnim News 3.3 | Fars News 4.1
group,irgc_affiliated,ceasefire,152,اطلاعاتی,3.3,438,0.475,0.362,Tasnim News 3.8 | Fars News 3.3
group,irgc_affiliated,ceasefire,153,حسن‌زاده,3.3,56,0.061,0.023,Tasnim News 3.3 | Fars News 5.1
group,irgc_affiliated,ceasefire,154,محل استقرار,3.2,66,0.072,0.036,Tasnim News 3.2 | Fars News 3.7
group,irgc_affiliated,ceasefire,155,رهگیری,3.2,138,0.15,0.094,Tasnim News 3.2 | Fars News 3.6
group,irgc_affiliated,ceasefire,156,دروغ,3.2,188,0.204,0.119,Tasnim News 5.4 | Fars News 3.2
group,irgc_affiliated,ceasefire,157,حسینیه,3.2,140,0.152,0.085,Tasnim News 3.2 | Fars News 5.4
group,irgc_affiliated,ceasefire,158,شیطان,3.2,79,0.086,0.046,Tasnim News 3.2 | Fars News 3.4
group,irgc_affiliated,ceasefire,159,گل‌گهر,3.2,45,0.049,0.019,Tasnim News 3.2 | Fars News 4.0
group,irgc_affiliated,ceasefire,160,توپخانه‌ای,3.2,69,0.075,0.031,Tasnim News 4.8 | Fars News 3.2
group,irgc_affiliated,ceasefire,161,حماقت,3.2,55,0.06,0.024,Tasnim News 3.2 | Fars News 4.8
group,irgc_affiliated,ceasefire,162,تجمع,3.2,395,0.428,0.33,Tasnim News 3.2 | Fars News 3.5
group,irgc_affiliated,ceasefire,163,کشید,3.2,145,0.157,0.099,Tasnim News 3.5 | Fars News 3.2
group,irgc_affiliated,ceasefire,164,باب‌المندب,3.2,67,0.073,0.027,Tasnim News 3.2 | Fars News 6.3
group,irgc_affiliated,ceasefire,165,شهرک,3.2,818,0.886,0.349,Tasnim News 21.8 | Fars News 3.2
group,irgc_affiliated,ceasefire,166,مصلی,3.2,387,0.419,0.213,Tasnim News 10.7 | Fars News 3.2
group,irgc_affiliated,ceasefire,167,حال‌وهوای,3.2,164,0.178,0.118,Tasnim News 3.2 | Fars News 3.4
group,irgc_affiliated,ceasefire,168,اینجاست,3.2,44,0.048,0.02,Tasnim News 3.5 | Fars News 3.2
group,irgc_affiliated,ceasefire,169,اموال,3.2,378,0.41,0.297,Tasnim News 3.2 | Fars News 4.9
group,irgc_affiliated,ceasefire,170,نظامیان,3.1,684,0.741,0.345,Tasnim News 16.8 | Fars News 3.1
group,irgc_affiliated,ceasefire,171,حرم,3.1,335,0.363,0.229,Tasnim News 3.1 | Fars News 8.0
group,irgc_affiliated,ceasefire,172,انهدام,3.1,241,0.261,0.188,Tasnim News 3.1 | Fars News 3.4
group,irgc_affiliated,ceasefire,173,اطلاعات,3.1,824,0.893,0.736,Tasnim News 3.1 | Fars News 4.2
group,irgc_affiliated,ceasefire,174,شهیدان,3.1,212,0.23,0.14,Tasnim News 5.2 | Fars News 3.1
group,irgc_affiliated,ceasefire,175,هواپیما,3.1,173,0.187,0.116,Tasnim News 4.4 | Fars News 3.1
group,irgc_affiliated,ceasefire,176,تانک مرکاوا,3.1,73,0.079,0.021,Tasnim News 3.1 | Fars News 9.2
group,irgc_affiliated,ceasefire,177,مترو,3.1,268,0.29,0.205,Tasnim News 3.1 | Fars News 4.0
group,irgc_affiliated,ceasefire,178,بختیاری‌زاده,3.1,20,0.022,0.005,Tasnim News 3.6 | Fars News 3.1
group,irgc_affiliated,ceasefire,179,دشمنان,3.1,656,0.711,0.561,Tasnim News 4.4 | Fars News 3.1
group,irgc_affiliated,ceasefire,180,شبکه تروریستی اینترنشنال,3.1,18,0.02,0.005,Tasnim News 3.1 | Fars News 3.1
group,irgc_affiliated,ceasefire,181,آجرلو,3.0,37,0.04,0.011,Tasnim News 4.8 | Fars News 3.0
group,irgc_affiliated,ceasefire,182,صادر,3.0,560,0.607,0.49,Tasnim News 3.0 | Fars News 3.3
group,irgc_affiliated,ceasefire,183,یالثارات,3.0,20,0.022,0.004,Tasnim News 4.2 | Fars News 3.0
group,irgc_affiliated,ceasefire,184,هوافضای سپاه,3.0,59,0.064,0.027,Tasnim News 3.0 | Fars News 4.9
group,irgc_affiliated,ceasefire,185,کابل‌های,3.0,38,0.041,0.017,Tasnim News 3.3 | Fars News 3.0
group,irgc_affiliated,ceasefire,186,حرام,3.0,25,0.027,0.008,Tasnim News 3.4 | Fars News 3.0
group,irgc_affiliated,ceasefire,187,نابود,3.0,196,0.212,0.145,Tasnim News 3.0 | Fars News 3.7
group,irgc_affiliated,ceasefire,188,متجاوز,3.0,299,0.324,0.236,Tasnim News 3.7 | Fars News 3.0
group,irgc_affiliated,ceasefire,189,مدام,3.0,85,0.092,0.052,Tasnim News 3.2 | Fars News 3.0
group,irgc_affiliated,ceasefire,190,تیپ,3.0,70,0.076,0.033,Tasnim News 4.7 | Fars News 3.0
group,irgc_affiliated,ceasefire,191,ریزپرنده,3.0,26,0.028,0.008,Tasnim News 3.7 | Fars News 3.0
group,irgc_affiliated,ceasefire,192,ورق,3.0,64,0.069,0.024,Tasnim News 3.0 | Fars News 6.9
group,irgc_affiliated,ceasefire,193,یوز,3.0,36,0.039,0.011,Tasnim News 3.0 | Fars News 5.5
group,irgc_affiliated,ceasefire,194,عملیاتی,3.0,454,0.492,0.388,Tasnim News 3.0 | Fars News 3.5
group,irgc_affiliated,ceasefire,195,آبروی,3.0,30,0.033,0.01,Tasnim News 3.0 | Fars News 4.3
group,irgc_affiliated,ceasefire,196,ملت,3.0,1165,1.262,1.095,Tasnim News 3.0 | Fars News 3.3
group,irgc_affiliated,ceasefire,197,درخواستی,3.0,35,0.038,0.015,Tasnim News 3.2 | Fars News 3.0
group,irgc_affiliated,ceasefire,198,فجیره,3.0,57,0.062,0.023,Tasnim News 5.0 | Fars News 3.0
group,irgc_affiliated,ceasefire,199,مشکوک,3.0,91,0.099,0.059,Tasnim News 3.0 | Fars News 3.1
group,irgc_affiliated,ceasefire,200,جزئیاتی,3.0,68,0.074,0.04,Tasnim News 3.1 | Fars News 3.0
group,irgc_affiliated,after_truce_collapse,1,سعودی,10.7,499,0.976,0.388,Tasnim News 12.5 | Fars News 10.7
group,irgc_affiliated,after_truce_collapse,2,یمن,7.5,1010,1.976,1.012,Tasnim News 16.1 | Fars News 7.5
group,irgc_affiliated,after_truce_collapse,3,پهپاد,7.4,396,0.775,0.403,Tasnim News 7.4 | Fars News 8.5
group,irgc_affiliated,after_truce_collapse,4,هدف قرار,6.9,769,1.504,0.98,Tasnim News 7.7 | Fars News 6.9
group,irgc_affiliated,after_truce_collapse,5,حمله,6.6,2078,4.065,3.065,Tasnim News 6.6 | Fars News 10.2
group,irgc_affiliated,after_truce_collapse,6,بحرین,6.5,497,0.972,0.518,Tasnim News 6.5 | Fars News 10.9
group,irgc_affiliated,after_truce_collapse,7,بین‌الحرمین,6.5,81,0.158,0.039,Tasnim News 6.5 | Fars News 6.9
group,irgc_affiliated,after_truce_collapse,8,تصاویر,6.3,370,0.724,0.418,Tasnim News 6.7 | Fars News 6.3
group,irgc_affiliated,after_truce_collapse,9,کویت,6.0,697,1.363,0.793,Tasnim News 6.0 | Fars News 11.9
group,irgc_affiliated,after_truce_collapse,10,ورزشگاه,5.9,139,0.272,0.114,Tasnim News 5.9 | Fars News 6.1
group,irgc_affiliated,after_truce_collapse,11,اصابت,5.5,419,0.82,0.504,Tasnim News 5.5 | Fars News 7.3
group,irgc_affiliated,after_truce_collapse,12,عربستان,5.5,791,1.547,1.068,Tasnim News 5.5 | Fars News 7.3
group,irgc_affiliated,after_truce_collapse,13,مزار,5.4,142,0.278,0.121,Tasnim News 5.4 | Fars News 6.2
group,irgc_affiliated,after_truce_collapse,14,امیرالمومنین,5.1,96,0.188,0.066,Tasnim News 5.1 | Fars News 6.6
group,irgc_affiliated,after_truce_collapse,15,انتقام,5.0,279,0.546,0.331,Tasnim News 5.0 | Fars News 5.1
group,irgc_affiliated,after_truce_collapse,16,زاکانی,4.9,48,0.094,0.022,Tasnim News 4.9 | Fars News 5.9
group,irgc_affiliated,after_truce_collapse,17,ارتش,4.8,1407,2.752,2.12,Tasnim News 7.2 | Fars News 4.8
group,irgc_affiliated,after_truce_collapse,18,مزدوران,4.8,144,0.282,0.085,Tasnim News 9.9 | Fars News 4.8
group,irgc_affiliated,after_truce_collapse,19,آمریکایی‌ها,4.8,293,0.573,0.352,Tasnim News 4.8 | Fars News 5.8
group,irgc_affiliated,after_truce_collapse,20,محاصره,4.8,377,0.737,0.458,Tasnim News 6.2 | Fars News 4.8
group,irgc_affiliated,after_truce_collapse,21,اردن,4.7,512,1.002,0.68,Tasnim News 4.7 | Fars News 6.0
group,irgc_affiliated,after_truce_collapse,22,تصاویر ماهواره‌ای,4.7,117,0.229,0.093,Tasnim News 4.7 | Fars News 6.8
group,irgc_affiliated,after_truce_collapse,23,نزدیکی,4.6,283,0.554,0.336,Tasnim News 5.4 | Fars News 4.6
group,irgc_affiliated,after_truce_collapse,24,پهپادهای,4.6,193,0.378,0.204,Tasnim News 4.6 | Fars News 6.1
group,irgc_affiliated,after_truce_collapse,25,تجمع,4.5,121,0.237,0.116,Tasnim News 4.5 | Fars News 5.8
group,irgc_affiliated,after_truce_collapse,26,حرم,4.5,428,0.837,0.495,Tasnim News 4.5 | Fars News 9.1
group,irgc_affiliated,after_truce_collapse,27,آپارات,4.5,21,0.041,0.003,Tasnim News 4.5 | Fars News 4.6
group,irgc_affiliated,after_truce_collapse,28,پایگاه,4.4,827,1.618,1.114,Tasnim News 4.4 | Fars News 9.4
group,irgc_affiliated,after_truce_collapse,29,فسخ,4.4,37,0.072,0.018,Tasnim News 4.6 | Fars News 4.4
group,irgc_affiliated,after_truce_collapse,30,جنگنده‌های,4.4,245,0.479,0.211,Tasnim News 9.7 | Fars News 4.4
group,irgc_affiliated,after_truce_collapse,31,پرتاب,4.4,141,0.276,0.141,Tasnim News 5.1 | Fars News 4.4
group,irgc_affiliated,after_truce_collapse,32,تروریست,4.4,147,0.288,0.136,Tasnim News 6.2 | Fars News 4.4
group,irgc_affiliated,after_truce_collapse,33,متهمان,4.4,80,0.156,0.061,Tasnim News 5.3 | Fars News 4.4
group,irgc_affiliated,after_truce_collapse,34,باشگاه,4.3,239,0.468,0.26,Tasnim News 4.3 | Fars News 7.1
group,irgc_affiliated,after_truce_collapse,35,استقلال,4.2,494,0.966,0.69,Tasnim News 4.2 | Fars News 5.1
group,irgc_affiliated,after_truce_collapse,36,انبار,4.2,133,0.26,0.136,Tasnim News 4.6 | Fars News 4.2
group,irgc_affiliated,after_truce_collapse,37,موشک‌های,4.2,275,0.538,0.3,Tasnim News 4.2 | Fars News 8.4
group,irgc_affiliated,after_truce_collapse,38,انفجار,4.2,694,1.358,0.936,Tasnim News 4.2 | Fars News 8.3
group,irgc_affiliated,after_truce_collapse,39,اغتشاشات,4.2,29,0.057,0.014,Tasnim News 4.2 | Fars News 4.4
group,irgc_affiliated,after_truce_collapse,40,فروند,4.2,283,0.554,0.343,Tasnim News 5.5 | Fars News 4.2
group,irgc_affiliated,after_truce_collapse,41,موشک,4.1,308,0.603,0.378,Tasnim News 4.1 | Fars News 6.9
group,irgc_affiliated,after_truce_collapse,42,پرسپولیس,4.1,289,0.565,0.32,Tasnim News 4.1 | Fars News 8.0
group,irgc_affiliated,after_truce_collapse,43,آسمان,4.1,248,0.485,0.269,Tasnim News 6.9 | Fars News 4.1
group,irgc_affiliated,after_truce_collapse,44,حمله موشکی,4.0,186,0.364,0.204,Tasnim News 5.4 | Fars News 4.0
group,irgc_affiliated,after_truce_collapse,45,مبلغ,4.0,107,0.209,0.098,Tasnim News 5.2 | Fars News 4.0
group,irgc_affiliated,after_truce_collapse,46,لیگ,3.9,130,0.254,0.119,Tasnim News 3.9 | Fars News 6.7
group,irgc_affiliated,after_truce_collapse,47,آمازون,3.9,38,0.074,0.022,Tasnim News 3.9 | Fars News 4.6
group,irgc_affiliated,after_truce_collapse,48,پایان معاملات امروز,3.9,62,0.121,0.031,Tasnim News 3.9 | Fars News 7.8
group,irgc_affiliated,after_truce_collapse,49,رهبر معظم انقلاب,3.8,305,0.597,0.331,Tasnim News 7.8 | Fars News 3.8
group,irgc_affiliated,after_truce_collapse,50,عملیات,3.8,1081,2.115,1.726,Tasnim News 4.5 | Fars News 3.8
group,irgc_affiliated,after_truce_collapse,51,علی الطاهر,3.8,61,0.119,0.049,Tasnim News 4.2 | Fars News 3.8
group,irgc_affiliated,after_truce_collapse,52,ساعت,3.8,1030,2.015,1.599,Tasnim News 5.4 | Fars News 3.8
group,irgc_affiliated,after_truce_collapse,53,حال‌وهوای,3.8,162,0.317,0.183,Tasnim News 3.8 | Fars News 4.8
group,irgc_affiliated,after_truce_collapse,54,رواق دارالذکر,3.8,95,0.186,0.093,Tasnim News 3.8 | Fars News 4.3
group,irgc_affiliated,after_truce_collapse,55,رزمندگان,3.7,312,0.61,0.411,Tasnim News 3.7 | Fars News 5.1
group,irgc_affiliated,after_truce_collapse,56,فیلمبرداری,3.7,22,0.043,0.008,Tasnim News 3.7 | Fars News 4.3
group,irgc_affiliated,after_truce_collapse,57,سوخت,3.7,331,0.648,0.458,Tasnim News 3.7 | Fars News 4.2
group,irgc_affiliated,after_truce_collapse,58,هواپیما,3.7,110,0.215,0.116,Tasnim News 3.7 | Fars News 4.3
group,irgc_affiliated,after_truce_collapse,59,مسیر,3.7,1508,2.95,2.451,Tasnim News 3.7 | Fars News 5.3
group,irgc_affiliated,after_truce_collapse,60,مداحی,3.7,30,0.059,0.017,Tasnim News 3.7 | Fars News 4.0
group,irgc_affiliated,after_truce_collapse,61,قرارداد,3.7,178,0.348,0.177,Tasnim News 6.6 | Fars News 3.7
group,irgc_affiliated,after_truce_collapse,62,سپاه پاسداران,3.6,115,0.225,0.118,Tasnim News 4.8 | Fars News 3.6
group,irgc_affiliated,after_truce_collapse,63,جنوب,3.6,811,1.586,1.169,Tasnim News 6.6 | Fars News 3.6
group,irgc_affiliated,after_truce_collapse,64,هواپیمای,3.6,207,0.405,0.255,Tasnim News 3.6 | Fars News 4.6
group,irgc_affiliated,after_truce_collapse,65,میلیون بشکه,3.6,74,0.145,0.052,Tasnim News 3.6 | Fars News 6.7
group,irgc_affiliated,after_truce_collapse,66,هوایی,3.6,767,1.5,1.083,Tasnim News 3.6 | Fars News 8.2
group,irgc_affiliated,after_truce_collapse,67,تجهیزات,3.5,326,0.638,0.445,Tasnim News 4.4 | Fars News 3.5
group,irgc_affiliated,after_truce_collapse,68,فرمانده‌کل,3.5,17,0.033,0.004,Tasnim News 3.5 | Fars News 4.1
group,irgc_affiliated,after_truce_collapse,69,نیروهای مسلح,3.5,690,1.35,0.982,Tasnim News 6.5 | Fars News 3.5
group,irgc_affiliated,after_truce_collapse,70,هدف,3.5,1050,2.054,1.642,Tasnim News 3.5 | Fars News 5.9
group,irgc_affiliated,after_truce_collapse,71,بندر,3.5,289,0.565,0.361,Tasnim News 3.5 | Fars News 6.1
group,irgc_affiliated,after_truce_collapse,72,ماهواره‌ای,3.4,82,0.16,0.074,Tasnim News 3.4 | Fars News 5.1
group,irgc_affiliated,after_truce_collapse,73,خدا,3.4,175,0.342,0.227,Tasnim News 3.4 | Fars News 3.5
group,irgc_affiliated,after_truce_collapse,74,پهپادی,3.4,322,0.63,0.42,Tasnim News 3.4 | Fars News 5.9
group,irgc_affiliated,after_truce_collapse,75,تعطیل,3.4,155,0.303,0.18,Tasnim News 3.4 | Fars News 4.7
group,irgc_affiliated,after_truce_collapse,76,شهر,3.4,1122,2.195,1.586,Tasnim News 9.2 | Fars News 3.4
group,irgc_affiliated,after_truce_collapse,77,آتش‌سوزی,3.4,429,0.839,0.509,Tasnim News 8.3 | Fars News 3.4
group,irgc_affiliated,after_truce_collapse,78,شلیک,3.3,233,0.456,0.275,Tasnim News 3.3 | Fars News 6.9
group,irgc_affiliated,after_truce_collapse,79,حرم حضرت معصومه,3.3,41,0.08,0.032,Tasnim News 3.3 | Fars News 3.5
group,irgc_affiliated,after_truce_collapse,80,میلیون لیتر,3.3,74,0.145,0.062,Tasnim News 3.3 | Fars News 5.4
group,irgc_affiliated,after_truce_collapse,81,هیئت‌رئیسه مجلس,3.3,26,0.051,0.009,Tasnim News 3.3 | Fars News 5.6
group,irgc_affiliated,after_truce_collapse,82,منفجر,3.3,68,0.133,0.067,Tasnim News 3.3 | Fars News 3.5
group,irgc_affiliated,after_truce_collapse,83,قابی,3.3,25,0.049,0.014,Tasnim News 3.3 | Fars News 3.7
group,irgc_affiliated,after_truce_collapse,84,فرمول,3.3,20,0.039,0.009,Tasnim News 3.5 | Fars News 3.3
group,irgc_affiliated,after_truce_collapse,85,شکایت,3.3,84,0.164,0.085,Tasnim News 3.8 | Fars News 3.3
group,irgc_affiliated,after_truce_collapse,86,به‌مناسبت,3.3,82,0.16,0.076,Tasnim News 3.3 | Fars News 4.9
group,irgc_affiliated,after_truce_collapse,87,آهنین,3.2,17,0.033,0.004,Tasnim News 3.2 | Fars News 4.5
group,irgc_affiliated,after_truce_collapse,88,تعدادی,3.2,214,0.419,0.285,Tasnim News 3.7 | Fars News 3.2
group,irgc_affiliated,after_truce_collapse,89,دقیق,3.2,296,0.579,0.419,Tasnim News 3.2 | Fars News 3.8
group,irgc_affiliated,after_truce_collapse,90,یورو,3.2,71,0.139,0.065,Tasnim News 3.2 | Fars News 4.4
group,irgc_affiliated,after_truce_collapse,91,دشمن,3.2,1832,3.584,2.806,Tasnim News 3.2 | Fars News 11.0
group,irgc_affiliated,after_truce_collapse,92,یمنی‌ها,3.2,53,0.104,0.038,Tasnim News 4.8 | Fars News 3.2
group,irgc_affiliated,after_truce_collapse,93,ریال,3.2,49,0.096,0.036,Tasnim News 4.5 | Fars News 3.2
group,irgc_affiliated,after_truce_collapse,94,پشتیبانی,3.2,256,0.501,0.342,Tasnim News 4.2 | Fars News 3.2
group,irgc_affiliated,after_truce_collapse,95,آرامکو,3.2,60,0.117,0.05,Tasnim News 3.2 | Fars News 4.6
group,irgc_affiliated,after_truce_collapse,96,شهیدشان,3.2,29,0.057,0.018,Tasnim News 3.7 | Fars News 3.2
group,irgc_affiliated,after_truce_collapse,97,قلعه‌نویی,3.2,51,0.1,0.034,Tasnim News 3.2 | Fars News 5.8
group,irgc_affiliated,after_truce_collapse,98,سقوط,3.1,199,0.389,0.246,Tasnim News 4.7 | Fars News 3.1
group,irgc_affiliated,after_truce_collapse,99,اعدام,3.1,96,0.188,0.105,Tasnim News 3.1 | Fars News 3.9
group,irgc_affiliated,after_truce_collapse,100,منابع محلی,3.1,133,0.26,0.114,Tasnim News 7.2 | Fars News 3.1
group,irgc_affiliated,after_truce_collapse,101,موکب,3.1,98,0.192,0.099,Tasnim News 4.5 | Fars News 3.1
group,irgc_affiliated,after_truce_collapse,102,هواپیماهای,3.1,108,0.211,0.116,Tasnim News 4.3 | Fars News 3.1
group,irgc_affiliated,after_truce_collapse,103,باند,3.1,98,0.192,0.111,Tasnim News 3.4 | Fars News 3.1
group,irgc_affiliated,after_truce_collapse,104,اموال,3.1,122,0.239,0.152,Tasnim News 3.1 | Fars News 3.3
group,irgc_affiliated,after_truce_collapse,105,ضربات,3.1,72,0.141,0.077,Tasnim News 3.3 | Fars News 3.1
group,irgc_affiliated,after_truce_collapse,106,تروریست‌های,3.1,74,0.145,0.049,Tasnim News 3.1 | Fars News 7.9
group,irgc_affiliated,after_truce_collapse,107,فرودگاه,3.1,442,0.865,0.566,Tasnim News 7.1 | Fars News 3.1
group,irgc_affiliated,after_truce_collapse,108,لجستیکی,3.1,63,0.123,0.064,Tasnim News 3.2 | Fars News 3.1
group,irgc_affiliated,after_truce_collapse,109,سریال,3.1,72,0.141,0.067,Tasnim News 4.2 | Fars News 3.1
group,irgc_affiliated,after_truce_collapse,110,ینبع,3.0,66,0.129,0.041,Tasnim News 3.0 | Fars News 7.5
group,irgc_affiliated,after_truce_collapse,111,مهمات,3.0,197,0.385,0.269,Tasnim News 3.0 | Fars News 3.2
group,irgc_affiliated,after_truce_collapse,112,خودرو,3.0,237,0.464,0.335,Tasnim News 3.0 | Fars News 3.3
group,irgc_affiliated,after_truce_collapse,113,منهدم,3.0,208,0.407,0.253,Tasnim News 3.0 | Fars News 5.8
group,irgc_affiliated,after_truce_collapse,114,جنگنده,3.0,96,0.188,0.108,Tasnim News 3.7 | Fars News 3.0
group,irgc_affiliated,after_truce_collapse,115,اربیل,3.0,213,0.417,0.246,Tasnim News 3.0 | Fars News 6.7
group,irgc_affiliated,after_truce_collapse,116,اعترافات,3.0,27,0.053,0.019,Tasnim News 3.0 | Fars News 3.0
group,irgc_affiliated,after_truce_collapse,117,حجم,3.0,156,0.305,0.207,Tasnim News 3.1 | Fars News 3.0
group,irgc_affiliated,after_truce_collapse,118,اپستین,3.0,38,0.074,0.03,Tasnim News 3.6 | Fars News 3.0
group,irgc_affiliated,after_truce_collapse,119,شناورهای,3.0,66,0.129,0.065,Tasnim News 3.0 | Fars News 3.9
group,irgc_affiliated,after_truce_collapse,120,نایب‌رئیس,3.0,33,0.065,0.022,Tasnim News 3.0 | Fars News 4.3
group,irgc_affiliated,after_truce_collapse,121,پرونده,3.0,416,0.814,0.637,Tasnim News 3.0 | Fars News 3.3
group,irgc_affiliated,after_truce_collapse,122,آقا,3.0,155,0.303,0.147,Tasnim News 7.0 | Fars News 3.0
group,irgc_affiliated,after_truce_collapse,123,تکبر,2.9,10,0.02,0.002,Tasnim News 3.1 | Fars News 2.9
group,irgc_affiliated,after_truce_collapse,124,رضا پهلوی,2.9,38,0.074,0.017,Tasnim News 2.9 | Fars News 6.9
group,irgc_affiliated,after_truce_collapse,125,اینترنشنال,2.9,43,0.084,0.027,Tasnim News 2.9 | Fars News 5.9
group,irgc_affiliated,after_truce_collapse,126,حیفا,2.9,14,0.027,0.007,Tasnim News 2.9 | Fars News 3.3
group,irgc_affiliated,after_truce_collapse,127,حزب‌الله,2.9,241,0.471,0.35,Tasnim News 3.8 | Fars News 2.9
group,irgc_affiliated,after_truce_collapse,128,حکم,2.9,215,0.421,0.287,Tasnim News 2.9 | Fars News 4.2
group,irgc_affiliated,after_truce_collapse,129,به‌طور,2.9,257,0.503,0.347,Tasnim News 2.9 | Fars News 4.9
group,irgc_affiliated,after_truce_collapse,130,گروهک‌های,2.9,32,0.063,0.027,Tasnim News 2.9 | Fars News 2.9
group,irgc_affiliated,after_truce_collapse,131,مسئولان,2.8,348,0.681,0.532,Tasnim News 2.9 | Fars News 2.8
group,irgc_affiliated,after_truce_collapse,132,نقل‌وانتقالات,2.8,18,0.035,0.009,Tasnim News 2.8 | Fars News 3.2
group,irgc_affiliated,after_truce_collapse,133,ملک,2.8,71,0.139,0.071,Tasnim News 2.8 | Fars News 4.1
group,irgc_affiliated,after_truce_collapse,134,نجف,2.8,300,0.587,0.362,Tasnim News 6.5 | Fars News 2.8
group,irgc_affiliated,after_truce_collapse,135,لحظه,2.8,226,0.442,0.316,Tasnim News 3.6 | Fars News 2.8
group,irgc_affiliated,after_truce_collapse,136,مسدود,2.8,142,0.278,0.176,Tasnim News 3.8 | Fars News 2.8
group,irgc_affiliated,after_truce_collapse,137,آژیرهای هشدار,2.8,58,0.113,0.052,Tasnim News 4.2 | Fars News 2.8
group,irgc_affiliated,after_truce_collapse,138,حکایت,2.8,114,0.223,0.114,Tasnim News 5.3 | Fars News 2.8
group,irgc_affiliated,after_truce_collapse,139,پدافندی,2.8,97,0.19,0.103,Tasnim News 4.3 | Fars News 2.8
group,irgc_affiliated,after_truce_collapse,140,تاخیر,2.8,102,0.2,0.123,Tasnim News 2.8 | Fars News 3.2
group,irgc_affiliated,after_truce_collapse,141,سپاه,2.8,487,0.953,0.589,Tasnim News 2.8 | Fars News 11.1
group,irgc_affiliated,after_truce_collapse,142,پهلوی,2.8,53,0.104,0.052,Tasnim News 3.3 | Fars News 2.8
group,irgc_affiliated,after_truce_collapse,143,علیخانی,2.8,31,0.061,0.024,Tasnim News 3.1 | Fars News 2.8
group,irgc_affiliated,after_truce_collapse,144,رئال,2.8,13,0.025,0.005,Tasnim News 2.8 | Fars News 3.3
group,irgc_affiliated,after_truce_collapse,145,لیلهالدفن,2.7,22,0.043,0.015,Tasnim News 2.8 | Fars News 2.7
group,irgc_affiliated,after_truce_collapse,146,مجیدی,2.7,38,0.074,0.01,Tasnim News 7.0 | Fars News 2.7
group,irgc_affiliated,after_truce_collapse,147,فرماندهی,2.7,278,0.544,0.391,Tasnim News 3.9 | Fars News 2.7
group,irgc_affiliated,after_truce_collapse,148,این‌باره,2.7,13,0.025,0.005,Tasnim News 2.7 | Fars News 3.2
group,irgc_affiliated,after_truce_collapse,149,امام رضا,2.7,221,0.432,0.296,Tasnim News 2.7 | Fars News 4.3
group,irgc_affiliated,after_truce_collapse,150,شهردار تهران,2.7,39,0.076,0.028,Tasnim News 4.2 | Fars News 2.7
group,irgc_affiliated,after_truce_collapse,151,ستاره‌ها,2.7,12,0.023,0.005,Tasnim News 2.7 | Fars News 2.8
group,irgc_affiliated,after_truce_collapse,152,سیدمجتبی,2.7,12,0.023,0.005,Tasnim News 2.7 | Fars News 2.8
group,irgc_affiliated,after_truce_collapse,153,عجیب,2.7,69,0.135,0.068,Tasnim News 2.7 | Fars News 4.3
group,irgc_affiliated,after_truce_collapse,154,راداری,2.7,64,0.125,0.07,Tasnim News 2.7 | Fars News 2.9
group,irgc_affiliated,after_truce_collapse,155,برخاستن,2.7,21,0.041,0.014,Tasnim News 2.7 | Fars News 3.0
group,irgc_affiliated,after_truce_collapse,156,سلبریتی‌ها,2.7,13,0.025,0.004,Tasnim News 2.7 | Fars News 3.9
group,irgc_affiliated,after_truce_collapse,157,پالایشگاه,2.7,147,0.288,0.122,Tasnim News 2.7 | Fars News 9.8
group,irgc_affiliated,after_truce_collapse,158,دست‌نوشته,2.7,12,0.023,0.002,Tasnim News 2.7 | Fars News 4.1
group,irgc_affiliated,after_truce_collapse,159,بازگشته‌اند,2.7,28,0.055,0.022,Tasnim News 2.9 | Fars News 2.7
group,irgc_affiliated,after_truce_collapse,160,امیرحسین,2.7,43,0.084,0.035,Tasnim News 3.8 | Fars News 2.7
group,irgc_affiliated,after_truce_collapse,161,سوخت‌رسان,2.7,42,0.082,0.041,Tasnim News 2.7 | Fars News 2.7
group,irgc_affiliated,after_truce_collapse,162,اباعبدالله,2.7,25,0.049,0.019,Tasnim News 2.8 | Fars News 2.7
group,irgc_affiliated,after_truce_collapse,163,یمنی,2.7,157,0.307,0.108,Tasnim News 10.3 | Fars News 2.7
group,irgc_affiliated,after_truce_collapse,164,رجزخوانی,2.7,10,0.02,0.004,Tasnim News 2.8 | Fars News 2.7
group,irgc_affiliated,after_truce_collapse,165,انفعال,2.7,20,0.039,0.012,Tasnim News 2.7 | Fars News 3.2
group,irgc_affiliated,after_truce_collapse,166,شهید سلامی,2.7,8,0.016,0.001,Tasnim News 2.9 | Fars News 2.7
group,irgc_affiliated,after_truce_collapse,167,دقایقی,2.6,252,0.493,0.298,Tasnim News 2.6 | Fars News 7.6
group,irgc_affiliated,after_truce_collapse,168,خودرویی,2.6,27,0.053,0.017,Tasnim News 3.8 | Fars News 2.6
group,irgc_affiliated,after_truce_collapse,169,تراکتور,2.6,121,0.237,0.136,Tasnim News 2.6 | Fars News 5.0
group,irgc_affiliated,after_truce_collapse,170,خیل عظیم,2.6,38,0.074,0.022,Tasnim News 5.0 | Fars News 2.6
group,irgc_affiliated,after_truce_collapse,171,اطراف,2.6,304,0.595,0.461,Tasnim News 2.6 | Fars News 2.9
group,irgc_affiliated,after_truce_collapse,172,قراردادش,2.6,17,0.033,0.006,Tasnim News 4.1 | Fars News 2.6
group,irgc_affiliated,after_truce_collapse,173,پارکینگ‌ها,2.6,13,0.025,0.006,Tasnim News 2.9 | Fars News 2.6
group,irgc_affiliated,after_truce_collapse,174,کشید,2.6,73,0.143,0.085,Tasnim News 2.6 | Fars News 2.9
group,irgc_affiliated,after_truce_collapse,175,جریمه,2.6,52,0.102,0.049,Tasnim News 2.6 | Fars News 3.9
group,irgc_affiliated,after_truce_collapse,176,معترضان,2.6,34,0.067,0.031,Tasnim News 2.9 | Fars News 2.6
group,irgc_affiliated,after_truce_collapse,177,آن‌قدر,2.6,46,0.09,0.047,Tasnim News 2.6 | Fars News 2.8
group,irgc_affiliated,after_truce_collapse,178,خیرخواهانه,2.6,13,0.025,0.004,Tasnim News 3.7 | Fars News 2.6
group,irgc_affiliated,after_truce_collapse,179,منابع,2.6,804,1.573,1.197,Tasnim News 2.6 | Fars News 7.6
group,irgc_affiliated,after_truce_collapse,180,رهبر شهید انقلاب,2.6,843,1.649,1.324,Tasnim News 2.6 | Fars News 5.6
group,irgc_affiliated,after_truce_collapse,181,معادله,2.6,77,0.151,0.076,Tasnim News 4.3 | Fars News 2.6
group,irgc_affiliated,after_truce_collapse,182,جیزان,2.6,39,0.076,0.033,Tasnim News 2.6 | Fars News 3.6
group,irgc_affiliated,after_truce_collapse,183,پرچمی,2.6,14,0.027,0.004,Tasnim News 2.6 | Fars News 4.2
group,irgc_affiliated,after_truce_collapse,184,شهید حاج قاسم سلیمانی,2.5,30,0.059,0.02,Tasnim News 3.9 | Fars News 2.5
group,irgc_affiliated,after_truce_collapse,185,امارات,2.5,281,0.55,0.326,Tasnim News 2.5 | Fars News 9.1
group,irgc_affiliated,after_truce_collapse,186,منتشرشده,2.5,90,0.176,0.108,Tasnim News 2.5 | Fars News 3.2
group,irgc_affiliated,after_truce_collapse,187,تخلفات,2.5,76,0.149,0.083,Tasnim News 3.4 | Fars News 2.5
group,irgc_affiliated,after_truce_collapse,188,دریای,2.5,174,0.34,0.225,Tasnim News 2.5 | Fars News 4.4
group,irgc_affiliated,after_truce_collapse,189,ایستگاه,2.5,107,0.209,0.136,Tasnim News 2.5 | Fars News 3.0
group,irgc_affiliated,after_truce_collapse,190,قرعه‌کشی,2.5,40,0.078,0.023,Tasnim News 2.5 | Fars News 6.1
group,irgc_affiliated,after_truce_collapse,191,نارنجک,2.5,19,0.037,0.011,Tasnim News 3.1 | Fars News 2.5
group,irgc_affiliated,after_truce_collapse,192,شهید پاکپور,2.5,9,0.018,0.001,Tasnim News 2.5 | Fars News 3.5
group,irgc_affiliated,after_truce_collapse,193,مایلی,2.5,41,0.08,0.033,Tasnim News 3.8 | Fars News 2.5
group,irgc_affiliated,after_truce_collapse,194,نوحه‌خوانی,2.5,22,0.043,0.014,Tasnim News 3.2 | Fars News 2.5
group,irgc_affiliated,after_truce_collapse,195,هوای تهران,2.5,21,0.041,0.015,Tasnim News 2.5 | Fars News 2.8
group,irgc_affiliated,after_truce_collapse,196,المخا,2.5,57,0.112,0.061,Tasnim News 2.5 | Fars News 2.9
group,irgc_affiliated,after_truce_collapse,197,خودروهای,2.5,168,0.329,0.217,Tasnim News 3.9 | Fars News 2.5
group,irgc_affiliated,after_truce_collapse,198,متخاصم,2.5,74,0.145,0.077,Tasnim News 2.5 | Fars News 4.4
group,irgc_affiliated,after_truce_collapse,199,بیمه‌ها,2.5,18,0.035,0.011,Tasnim News 2.5 | Fars News 2.9
group,irgc_affiliated,after_truce_collapse,200,حاشیه‌های,2.5,14,0.027,0.008,Tasnim News 2.5 | Fars News 2.7
group,reformist,all,1,ترامپ,44.6,9989,7.154,4.258,Jamaran 44.6
group,reformist,all,2,اینترنت,39.1,1348,0.965,0.217,Jamaran 39.1
group,reformist,all,3,ایران,36.3,32680,23.406,18.745,Jamaran 36.3
group,reformist,all,4,توافق,33.8,3521,2.522,1.276,Jamaran 33.8
group,reformist,all,5,ایالات متحده,32.7,2460,1.762,0.789,Jamaran 32.7
group,reformist,all,6,مدعی,32.6,1968,1.41,0.567,Jamaran 32.6
group,reformist,all,7,مذاکرات,30.3,3737,2.677,1.492,Jamaran 30.3
group,reformist,all,8,جنگ,29.6,11484,8.225,6.017,Jamaran 29.6
group,reformist,all,9,سید حسن خمینی,27.6,455,0.326,0.033,Jamaran 27.6
group,reformist,all,10,خاتمی,25.7,412,0.295,0.035,Jamaran 25.7
group,reformist,all,11,آمریکا,24.2,16593,11.884,9.636,Jamaran 24.2
group,reformist,all,12,اسرائیل,24.2,6391,4.577,3.243,Jamaran 24.2
group,reformist,all,13,سیاسی,24.1,3203,2.294,1.399,Jamaran 24.1
group,reformist,all,14,ادعای,23.9,1500,1.074,0.511,Jamaran 23.9
group,reformist,all,15,مذاکره,23.8,2103,1.506,0.816,Jamaran 23.8
group,reformist,all,16,رئیس‌جمهور,22.7,5258,3.766,2.632,Jamaran 22.7
group,reformist,all,17,هسته‌ای,22.6,1878,1.345,0.724,Jamaran 22.6
group,reformist,all,18,آکسیوس,22.1,432,0.309,0.07,Jamaran 22.1
group,reformist,all,19,امام خمینی,20.8,1113,0.797,0.375,Jamaran 20.8
group,reformist,all,20,خمینی,20.3,309,0.221,0.04,Jamaran 20.3
group,reformist,all,21,خاورمیانه,19.5,1269,0.909,0.474,Jamaran 19.5
group,reformist,all,22,توافقی,19.1,620,0.444,0.17,Jamaran 19.1
group,reformist,all,23,صداوسیما,18.6,578,0.414,0.157,Jamaran 18.6
group,reformist,all,24,تنگه هرمز,18.1,4768,3.415,2.537,Jamaran 18.1
group,reformist,all,25,سلاح هسته‌ای,17.7,494,0.354,0.13,Jamaran 17.7
group,reformist,all,26,روزنامه,17.4,1323,0.948,0.54,Jamaran 17.4
group,reformist,all,27,واشنگتن,17.3,1910,1.368,0.863,Jamaran 17.3
group,reformist,all,28,درگیری,17.3,1198,0.858,0.476,Jamaran 17.3
group,reformist,all,29,نتانیاهو,16.7,1701,1.218,0.762,Jamaran 16.7
group,reformist,all,30,جامعه,16.6,1676,1.2,0.75,Jamaran 16.6
group,reformist,all,31,ونس,16.3,470,0.337,0.131,Jamaran 16.3
group,reformist,all,32,احتمالا,16.2,554,0.397,0.17,Jamaran 16.2
group,reformist,all,33,ظریف,16.1,207,0.148,0.029,Jamaran 16.1
group,reformist,all,34,غنی‌سازی,15.9,385,0.276,0.099,Jamaran 15.9
group,reformist,all,35,ادعا,15.8,785,0.562,0.286,Jamaran 15.8
group,reformist,all,36,اورانیوم,15.7,300,0.215,0.066,Jamaran 15.7
group,reformist,all,37,پزشکیان,15.1,1806,1.293,0.858,Jamaran 15.1
group,reformist,all,38,ایرانی‌ها,15.0,560,0.401,0.186,Jamaran 15.0
group,reformist,all,39,کیهان,14.9,128,0.092,0.006,Jamaran 14.9
group,reformist,all,40,منبع,14.9,671,0.481,0.242,Jamaran 14.9
group,reformist,all,41,اصلاحات,14.7,312,0.223,0.078,Jamaran 14.7
group,reformist,all,42,دولت,14.5,4838,3.465,2.739,Jamaran 14.5
group,reformist,all,43,حرم مطهر امام خمینی,14.4,123,0.088,0.009,Jamaran 14.4
group,reformist,all,44,بریتانیا,14.2,352,0.252,0.098,Jamaran 14.2
group,reformist,all,45,نظامی,14.2,5337,3.822,3.073,Jamaran 14.2
group,reformist,all,46,لاریجانی,14.1,806,0.577,0.321,Jamaran 14.1
group,reformist,all,47,دستیابی,14.1,788,0.564,0.312,Jamaran 14.1
group,reformist,all,48,مقامات,13.9,1317,0.943,0.605,Jamaran 13.9
group,reformist,all,49,دسترسی,13.8,679,0.486,0.259,Jamaran 13.8
group,reformist,all,50,مخالف,13.6,413,0.296,0.131,Jamaran 13.6
group,reformist,all,51,اصولگرا,13.5,108,0.077,0.008,Jamaran 13.5
group,reformist,all,52,پیشنهاد,13.4,658,0.471,0.254,Jamaran 13.4
group,reformist,all,53,بجنوردی,13.2,102,0.073,0.004,Jamaran 13.2
group,reformist,all,54,خرازی,13.2,312,0.223,0.088,Jamaran 13.2
group,reformist,all,55,پیشین,13.1,647,0.463,0.252,Jamaran 13.1
group,reformist,all,56,نفت,13.1,2406,1.723,1.272,Jamaran 13.1
group,reformist,all,57,استدلال,13.1,151,0.108,0.024,Jamaran 13.1
group,reformist,all,58,یادداشتی,12.9,226,0.162,0.054,Jamaran 12.9
group,reformist,all,59,فیلترینگ,12.8,95,0.068,0.006,Jamaran 12.8
group,reformist,all,60,مرحوم,12.6,254,0.182,0.067,Jamaran 12.6
group,reformist,all,61,چین,12.4,1710,1.225,0.869,Jamaran 12.4
group,reformist,all,62,بعید,12.4,172,0.123,0.035,Jamaran 12.4
group,reformist,all,63,اسرائیلی,12.2,1251,0.896,0.602,Jamaran 12.2
group,reformist,all,64,حسن روحانی,12.2,94,0.067,0.008,Jamaran 12.2
group,reformist,all,65,کاخ سفید,12.2,684,0.49,0.283,Jamaran 12.2
group,reformist,all,66,اوباما,12.2,169,0.121,0.035,Jamaran 12.2
group,reformist,all,67,درگذشت,12.2,408,0.292,0.142,Jamaran 12.2
group,reformist,all,68,گزارش سرویس بین‌الملل,11.9,82,0.059,0.005,Jamaran 11.9
group,reformist,all,69,اعتماد,11.9,834,0.597,0.37,Jamaran 11.9
group,reformist,all,70,اینترنت پرو,11.8,115,0.082,0.017,Jamaran 11.8
group,reformist,all,71,ریانووستی,11.7,118,0.085,0.019,Jamaran 11.7
group,reformist,all,72,سیاست,11.6,762,0.546,0.335,Jamaran 11.6
group,reformist,all,73,تهدید,11.6,1595,1.142,0.82,Jamaran 11.6
group,reformist,all,74,روبیو,11.5,328,0.235,0.109,Jamaran 11.5
group,reformist,all,75,حکومت,11.5,437,0.313,0.163,Jamaran 11.5
group,reformist,all,76,اجتماعی,11.4,1419,1.016,0.718,Jamaran 11.4
group,reformist,all,77,الجزیره,11.4,640,0.458,0.27,Jamaran 11.4
group,reformist,all,78,تندروها,11.4,75,0.054,0.004,Jamaran 11.4
group,reformist,all,79,مرحومه,11.3,84,0.06,0.008,Jamaran 11.3
group,reformist,all,80,زیدآبادی,11.3,97,0.069,0.001,Jamaran 11.3
group,reformist,all,81,اجازه,11.3,985,0.705,0.466,Jamaran 11.3
group,reformist,all,82,مسائل,11.2,982,0.703,0.465,Jamaran 11.2
group,reformist,all,83,اورانیوم غنی‌شده,11.2,141,0.101,0.029,Jamaran 11.2
group,reformist,all,84,بلومبرگ,11.2,288,0.206,0.093,Jamaran 11.2
group,reformist,all,85,ابطحی,11.0,74,0.053,0.002,Jamaran 11.0
group,reformist,all,86,کار,11.0,2473,1.771,1.38,Jamaran 11.0
group,reformist,all,87,ویتکاف,11.0,201,0.144,0.055,Jamaran 11.0
group,reformist,all,88,کاربران,10.9,375,0.269,0.137,Jamaran 10.9
group,reformist,all,89,محدود,10.9,718,0.514,0.32,Jamaran 10.9
group,reformist,all,90,فیلترشکن,10.9,68,0.049,0.003,Jamaran 10.9
group,reformist,all,91,فشار,10.9,1317,0.943,0.67,Jamaran 10.9
group,reformist,all,92,سی‌ان‌ان,10.9,390,0.279,0.145,Jamaran 10.9
group,reformist,all,93,رهبری,10.8,1258,0.901,0.635,Jamaran 10.8
group,reformist,all,94,اقتصاددان,10.8,126,0.09,0.025,Jamaran 10.8
group,reformist,all,95,حزب,10.7,503,0.36,0.205,Jamaran 10.7
group,reformist,all,96,تایید,10.7,947,0.678,0.454,Jamaran 10.7
group,reformist,all,97,مطرح,10.7,1172,0.839,0.587,Jamaran 10.7
group,reformist,all,98,احتمال,10.6,983,0.704,0.477,Jamaran 10.6
group,reformist,all,99,فاکس نیوز,10.6,163,0.117,0.041,Jamaran 10.6
group,reformist,all,100,سابق,10.5,751,0.538,0.345,Jamaran 10.5
group,reformist,all,101,المسلمین سید,10.5,65,0.047,0.002,Jamaran 10.5
group,reformist,all,102,دیپلمات,10.5,237,0.17,0.074,Jamaran 10.5
group,reformist,all,103,شریعتمداری,10.4,75,0.054,0.008,Jamaran 10.4
group,reformist,all,104,بسمه,10.4,66,0.047,0.005,Jamaran 10.4
group,reformist,all,105,همسر,10.4,310,0.222,0.109,Jamaran 10.4
group,reformist,all,106,حمله,10.4,5556,3.979,3.406,Jamaran 10.4
group,reformist,all,107,اجتماعی اکس,10.4,152,0.109,0.001,Jamaran 10.4
group,reformist,all,108,طبقاتی,10.3,69,0.049,0.007,Jamaran 10.3
group,reformist,all,109,اکثریت,10.3,199,0.143,0.057,Jamaran 10.3
group,reformist,all,110,گروسی,10.3,190,0.136,0.054,Jamaran 10.3
group,reformist,all,111,دلار,10.3,1294,0.927,0.669,Jamaran 10.3
group,reformist,all,112,صلح,10.3,1378,0.987,0.72,Jamaran 10.3
group,reformist,all,113,ارشد,10.2,816,0.584,0.387,Jamaran 10.2
group,reformist,all,114,میلیارد دلار,10.2,635,0.455,0.284,Jamaran 10.2
group,reformist,all,115,وضعیت,10.1,2258,1.617,1.271,Jamaran 10.1
group,reformist,all,116,عارف,10.1,402,0.288,0.159,Jamaran 10.1
group,reformist,all,117,عبور,10.1,1867,1.337,1.027,Jamaran 10.1
group,reformist,all,118,کشتی‌ها,10.1,489,0.35,0.206,Jamaran 10.1
group,reformist,all,119,نیویورک‌تایمز,10.0,183,0.131,0.052,Jamaran 10.0
group,reformist,all,120,عمان,9.9,1154,0.827,0.592,Jamaran 9.9
group,reformist,all,121,وال استریت ژورنال,9.9,214,0.153,0.067,Jamaran 9.9
group,reformist,all,122,دیپلماتیک,9.9,952,0.682,0.472,Jamaran 9.9
group,reformist,all,123,تحریم‌ها,9.9,488,0.35,0.207,Jamaran 9.9
group,reformist,all,124,مادورو,9.9,233,0.167,0.076,Jamaran 9.9
group,reformist,all,125,برجام,9.9,184,0.132,0.054,Jamaran 9.9
group,reformist,all,126,فرماندهی مرکزی ایالات متحده,9.8,74,0.053,0.01,Jamaran 9.8
group,reformist,all,127,مخالفت,9.8,436,0.312,0.18,Jamaran 9.8
group,reformist,all,128,تمایل,9.8,198,0.142,0.06,Jamaran 9.8
group,reformist,all,129,اساسی,9.7,627,0.449,0.286,Jamaran 9.7
group,reformist,all,130,مساله,9.7,263,0.188,0.092,Jamaran 9.7
group,reformist,all,131,تصمیم,9.7,1226,0.878,0.64,Jamaran 9.7
group,reformist,all,132,خواهان,9.7,325,0.233,0.123,Jamaran 9.7
group,reformist,all,133,محمدعلی,9.6,121,0.087,0.028,Jamaran 9.6
group,reformist,all,134,حجاب,9.6,102,0.073,0.021,Jamaran 9.6
group,reformist,all,135,داخل,9.6,753,0.539,0.36,Jamaran 9.6
group,reformist,all,136,وال‌استریت ژورنال,9.5,132,0.095,0.033,Jamaran 9.5
group,reformist,all,137,مسئله,9.4,625,0.448,0.289,Jamaran 9.4
group,reformist,all,138,کوشنر,9.4,126,0.09,0.031,Jamaran 9.4
group,reformist,all,139,آمریکایی,9.3,5276,3.779,3.274,Jamaran 9.3
group,reformist,all,140,خلیج فارس,9.3,1366,0.978,0.735,Jamaran 9.3
group,reformist,all,141,فیلتر,9.3,68,0.049,0.01,Jamaran 9.3
group,reformist,all,142,قطع,9.3,613,0.439,0.285,Jamaran 9.3
group,reformist,all,143,روزنامه نگار,9.3,71,0.051,0.011,Jamaran 9.3
group,reformist,all,144,درست,9.3,524,0.375,0.235,Jamaran 9.3
group,reformist,all,145,مسالت,9.2,83,0.059,0.015,Jamaran 9.2
group,reformist,all,146,جمهوری اسلامی,9.2,858,0.615,0.429,Jamaran 9.2
group,reformist,all,147,کنگره,9.2,464,0.332,0.203,Jamaran 9.2
group,reformist,all,148,موضع,9.1,627,0.449,0.295,Jamaran 9.1
group,reformist,all,149,مطهری,9.1,133,0.095,0.035,Jamaran 9.1
group,reformist,all,150,فعلی,9.1,557,0.399,0.255,Jamaran 9.1
group,reformist,all,151,تسلیت,9.1,610,0.437,0.285,Jamaran 9.1
group,reformist,all,152,افکار عمومی,9.1,416,0.298,0.177,Jamaran 9.1
group,reformist,all,153,نصری,9.1,60,0.043,0.007,Jamaran 9.1
group,reformist,all,154,نبویان,9.0,61,0.044,0.008,Jamaran 9.0
group,reformist,all,155,حقوقدان,9.0,81,0.058,0.015,Jamaran 9.0
group,reformist,all,156,دارایی‌های,9.0,339,0.243,0.137,Jamaran 9.0
group,reformist,all,157,تفاهم,9.0,689,0.493,0.333,Jamaran 9.0
group,reformist,all,158,صفری,9.0,60,0.043,0.008,Jamaran 9.0
group,reformist,all,159,مقاله,8.9,99,0.071,0.022,Jamaran 8.9
group,reformist,all,160,بازگشایی,8.9,641,0.459,0.306,Jamaran 8.9
group,reformist,all,161,مذاکره‌کنندگان,8.9,138,0.099,0.038,Jamaran 8.9
group,reformist,all,162,نگران,8.9,379,0.271,0.159,Jamaran 8.9
group,reformist,all,163,قطر,8.8,1082,0.775,0.571,Jamaran 8.8
group,reformist,all,164,امارات متحده عربی,8.8,210,0.15,0.072,Jamaran 8.8
group,reformist,all,165,حوثی‌ها,8.8,61,0.044,0.008,Jamaran 8.8
group,reformist,all,166,رویترز,8.8,445,0.319,0.196,Jamaran 8.8
group,reformist,all,167,می‌خواهند,8.8,283,0.203,0.109,Jamaran 8.8
group,reformist,all,168,اعتراضات,8.7,376,0.269,0.159,Jamaran 8.7
group,reformist,all,169,دیپلماسی,8.7,1310,0.938,0.714,Jamaran 8.7
group,reformist,all,170,ونزوئلا,8.7,782,0.56,0.392,Jamaran 8.7
group,reformist,all,171,بین‌الملل,8.7,600,0.43,0.286,Jamaran 8.7
group,reformist,all,172,برنامه هسته‌ای ایران,8.7,180,0.129,0.059,Jamaran 8.7
group,reformist,all,173,هزینه,8.7,950,0.68,0.494,Jamaran 8.7
group,reformist,all,174,نساءالسادات,8.6,45,0.032,0.001,Jamaran 8.6
group,reformist,all,175,تصمیمات,8.6,281,0.201,0.109,Jamaran 8.6
group,reformist,all,176,تضعیف,8.6,488,0.35,0.222,Jamaran 8.6
group,reformist,all,177,مخالفان,8.6,167,0.12,0.053,Jamaran 8.6
group,reformist,all,178,اختلاف,8.5,432,0.309,0.192,Jamaran 8.5
group,reformist,all,179,احتمالی,8.5,669,0.479,0.328,Jamaran 8.5
group,reformist,all,180,بازماندگان,8.5,150,0.107,0.046,Jamaran 8.5
group,reformist,all,181,روحانیت,8.5,67,0.048,0.012,Jamaran 8.5
group,reformist,all,182,تحلیل,8.4,438,0.314,0.196,Jamaran 8.4
group,reformist,all,183,پاکستان,8.4,1744,1.249,0.995,Jamaran 8.4
group,reformist,all,184,العربیه,8.4,97,0.069,0.023,Jamaran 8.4
group,reformist,all,185,اصلاح‌طلب,8.4,79,0.057,0.016,Jamaran 8.4
group,reformist,all,186,آوریل,8.4,197,0.141,0.069,Jamaran 8.4
group,reformist,all,187,شکل,8.3,838,0.6,0.432,Jamaran 8.3
group,reformist,all,188,مصلحت,8.3,108,0.077,0.028,Jamaran 8.3
group,reformist,all,189,نقد,8.3,233,0.167,0.087,Jamaran 8.3
group,reformist,all,190,مؤسسه,8.3,201,0.144,0.071,Jamaran 8.3
group,reformist,all,191,فرشاد,8.3,54,0.039,0.008,Jamaran 8.3
group,reformist,all,192,روسیه,8.2,2252,1.613,1.327,Jamaran 8.2
group,reformist,all,193,کارزار,8.2,170,0.122,0.057,Jamaran 8.2
group,reformist,all,194,آتش‌بس,8.2,1530,1.096,0.865,Jamaran 8.2
group,reformist,all,195,اجر,8.2,76,0.054,0.016,Jamaran 8.2
group,reformist,all,196,احمدی‌نژاد,8.2,42,0.03,0.004,Jamaran 8.2
group,reformist,all,197,نکرده,8.2,528,0.378,0.251,Jamaran 8.2
group,reformist,all,198,بتواند,8.2,298,0.213,0.122,Jamaran 8.2
group,reformist,all,199,عربستان سعودی,8.2,472,0.338,0.219,Jamaran 8.2
group,reformist,all,200,ظاهرا,8.1,158,0.113,0.051,Jamaran 8.1
group,reformist,before_war,1,ترامپ,21.3,1531,7.106,3.681,Jamaran 21.3
group,reformist,before_war,2,ایران,20.0,4050,18.797,13.232,Jamaran 20.0
group,reformist,before_war,3,آمریکا,15.7,2394,11.111,7.688,Jamaran 15.7
group,reformist,before_war,4,سید حسن خمینی,14.4,143,0.664,0.091,Jamaran 14.4
group,reformist,before_war,5,توافق,13.2,473,2.195,1.041,Jamaran 13.2
group,reformist,before_war,6,هسته‌ای,12.7,555,2.576,1.324,Jamaran 12.7
group,reformist,before_war,7,امام,12.5,357,1.657,0.734,Jamaran 12.5
group,reformist,before_war,8,مذاکرات,12.4,868,4.029,2.415,Jamaran 12.4
group,reformist,before_war,9,ایالات متحده,12.4,390,1.81,0.831,Jamaran 12.4
group,reformist,before_war,10,اینترنت,11.8,228,1.058,0.381,Jamaran 11.8
group,reformist,before_war,11,نظامی,11.8,780,3.62,2.208,Jamaran 11.8
group,reformist,before_war,12,خاورمیانه,11.4,159,0.738,0.222,Jamaran 11.4
group,reformist,before_war,13,اسرائیل,10.5,641,2.975,1.855,Jamaran 10.5
group,reformist,before_war,14,غنی‌سازی,10.2,162,0.752,0.26,Jamaran 10.2
group,reformist,before_war,15,سیاسی,10.2,544,2.525,1.494,Jamaran 10.2
group,reformist,before_war,16,رئیس‌جمهور,9.8,1155,5.361,3.792,Jamaran 9.8
group,reformist,before_war,17,نتانیاهو,9.8,244,1.132,0.524,Jamaran 9.8
group,reformist,before_war,18,امام خمینی,9.8,194,0.9,0.37,Jamaran 9.8
group,reformist,before_war,19,وکیل,9.7,65,0.302,0.042,Jamaran 9.7
group,reformist,before_war,20,جنگ,9.0,885,4.107,2.972,Jamaran 9.0
group,reformist,before_war,21,واشنگتن,8.8,308,1.429,0.779,Jamaran 8.8
group,reformist,before_war,22,آمریکایی,8.7,533,2.474,1.621,Jamaran 8.7
group,reformist,before_war,23,مادورو,8.4,210,0.975,0.466,Jamaran 8.4
group,reformist,before_war,24,اعتراضات,8.0,279,1.295,0.711,Jamaran 8.0
group,reformist,before_war,25,مدعی,7.8,203,0.942,0.484,Jamaran 7.8
group,reformist,before_war,26,موشک‌های بالستیک,7.8,45,0.209,0.034,Jamaran 7.8
group,reformist,before_war,27,صداوسیما,7.8,99,0.459,0.165,Jamaran 7.8
group,reformist,before_war,28,الجزیره,7.8,109,0.506,0.196,Jamaran 7.8
group,reformist,before_war,29,ونزوئلا,7.3,553,2.567,1.745,Jamaran 7.3
group,reformist,before_war,30,لاریجانی,7.3,178,0.826,0.422,Jamaran 7.3
group,reformist,before_war,31,روسیه,7.1,496,2.302,1.577,Jamaran 7.1
group,reformist,before_war,32,بازداشتی,6.9,39,0.181,0.034,Jamaran 6.9
group,reformist,before_war,33,بعید,6.9,40,0.186,0.037,Jamaran 6.9
group,reformist,before_war,34,آکسیوس,6.8,65,0.302,0.098,Jamaran 6.8
group,reformist,before_war,35,اشتباه,6.8,122,0.566,0.263,Jamaran 6.8
group,reformist,before_war,36,موشکی,6.8,112,0.52,0.243,Jamaran 6.8
group,reformist,before_war,37,سلاح هسته‌ای,6.7,102,0.473,0.203,Jamaran 6.7
group,reformist,before_war,38,اورانیوم,6.7,56,0.26,0.077,Jamaran 6.7
group,reformist,before_war,39,مذاکره,6.7,318,1.476,0.945,Jamaran 6.7
group,reformist,before_war,40,ژوئن,6.7,47,0.218,0.057,Jamaran 6.7
group,reformist,before_war,41,جبهه,6.7,73,0.339,0.126,Jamaran 6.7
group,reformist,before_war,42,دانشگاه,6.6,396,1.838,1.227,Jamaran 6.6
group,reformist,before_war,43,پیشین,6.6,125,0.58,0.281,Jamaran 6.6
group,reformist,before_war,44,درگیری,6.4,185,0.859,0.485,Jamaran 6.4
group,reformist,before_war,45,بازداشت,6.4,293,1.36,0.861,Jamaran 6.4
group,reformist,before_war,46,دیپلماتیک,6.4,207,0.961,0.562,Jamaran 6.4
group,reformist,before_war,47,توافقی,6.3,115,0.534,0.256,Jamaran 6.3
group,reformist,before_war,48,حمله,6.3,641,2.975,2.26,Jamaran 6.3
group,reformist,before_war,49,پایگاه,6.3,146,0.678,0.372,Jamaran 6.3
group,reformist,before_war,50,دانشجویان,6.3,223,1.035,0.617,Jamaran 6.3
group,reformist,before_war,51,احتمالا,6.2,83,0.385,0.162,Jamaran 6.2
group,reformist,before_war,52,کاخ سفید,6.2,113,0.524,0.257,Jamaran 6.2
group,reformist,before_war,53,گفتمان,6.2,34,0.158,0.034,Jamaran 6.2
group,reformist,before_war,54,جامعه,6.2,336,1.559,1.041,Jamaran 6.2
group,reformist,before_war,55,محدود,6.2,167,0.775,0.432,Jamaran 6.2
group,reformist,before_war,56,حکومت,6.2,99,0.459,0.212,Jamaran 6.2
group,reformist,before_war,57,ناآرامی‌های,6.2,76,0.353,0.141,Jamaran 6.2
group,reformist,before_war,58,گروسی,6.1,63,0.292,0.107,Jamaran 6.1
group,reformist,before_war,59,حبس,6.1,53,0.246,0.082,Jamaran 6.1
group,reformist,before_war,60,خاتمی,6.0,45,0.209,0.063,Jamaran 6.0
group,reformist,before_war,61,فولاد مبارکه,6.0,42,0.195,0.055,Jamaran 6.0
group,reformist,before_war,62,حوادث,6.0,294,1.365,0.888,Jamaran 6.0
group,reformist,before_war,63,اساسی,5.9,135,0.627,0.335,Jamaran 5.9
group,reformist,before_war,64,موشک‌های,5.9,56,0.26,0.102,Jamaran 5.9
group,reformist,before_war,65,اصلاحات,5.9,105,0.487,0.236,Jamaran 5.9
group,reformist,before_war,66,نیروها,5.9,49,0.227,0.074,Jamaran 5.9
group,reformist,before_war,67,کین,5.9,25,0.116,0.018,Jamaran 5.9
group,reformist,before_war,68,اکثریت,5.8,42,0.195,0.058,Jamaran 5.8
group,reformist,before_war,69,کنش,5.8,22,0.102,0.012,Jamaran 5.8
group,reformist,before_war,70,هلدینگ,5.8,33,0.153,0.037,Jamaran 5.8
group,reformist,before_war,71,ویتکاف,5.7,80,0.371,0.164,Jamaran 5.7
group,reformist,before_war,72,واتس‌اپ,5.7,21,0.097,0.01,Jamaran 5.7
group,reformist,before_war,73,آزاد,5.7,210,0.975,0.606,Jamaran 5.7
group,reformist,before_war,74,اورانیوم غنی‌شده,5.6,27,0.125,0.025,Jamaran 5.6
group,reformist,before_war,75,برنامه هسته‌ای ایران,5.6,57,0.265,0.101,Jamaran 5.6
group,reformist,before_war,76,کاربران,5.6,76,0.353,0.157,Jamaran 5.6
group,reformist,before_war,77,عمان,5.6,230,1.067,0.687,Jamaran 5.6
group,reformist,before_war,78,فیلترینگ,5.6,21,0.097,0.013,Jamaran 5.6
group,reformist,before_war,79,قادر,5.6,48,0.223,0.079,Jamaran 5.6
group,reformist,before_war,80,مقامات,5.6,198,0.919,0.575,Jamaran 5.6
group,reformist,before_war,81,اقتصاددان,5.6,19,0.088,0.004,Jamaran 5.6
group,reformist,before_war,82,قاضی,5.5,36,0.167,0.047,Jamaran 5.5
group,reformist,before_war,83,احتمالی,5.5,144,0.668,0.382,Jamaran 5.5
group,reformist,before_war,84,پنتاگون,5.5,33,0.153,0.042,Jamaran 5.5
group,reformist,before_war,85,اوباما,5.5,35,0.162,0.046,Jamaran 5.5
group,reformist,before_war,86,یادداشتی,5.4,27,0.125,0.028,Jamaran 5.4
group,reformist,before_war,87,حسن روحانی,5.4,22,0.102,0.017,Jamaran 5.4
group,reformist,before_war,88,اصرار,5.4,49,0.227,0.085,Jamaran 5.4
group,reformist,before_war,89,وضعیت,5.3,380,1.764,1.281,Jamaran 5.3
group,reformist,before_war,90,افغانستان,5.3,98,0.455,0.234,Jamaran 5.3
group,reformist,before_war,91,دانشجو,5.3,65,0.302,0.131,Jamaran 5.3
group,reformist,before_war,92,کوشنر,5.3,34,0.158,0.046,Jamaran 5.3
group,reformist,before_war,93,آیت الله,5.3,39,0.181,0.061,Jamaran 5.3
group,reformist,before_war,94,تمایل,5.2,45,0.209,0.075,Jamaran 5.2
group,reformist,before_war,95,اعزام,5.2,96,0.446,0.232,Jamaran 5.2
group,reformist,before_war,96,اعتراض,5.2,257,1.193,0.798,Jamaran 5.2
group,reformist,before_war,97,خبرنگار,5.2,237,1.1,0.742,Jamaran 5.2
group,reformist,before_war,98,کارزار,5.2,33,0.153,0.045,Jamaran 5.2
group,reformist,before_war,99,تعالی,5.2,25,0.116,0.026,Jamaran 5.2
group,reformist,before_war,100,دستیابی,5.2,128,0.594,0.342,Jamaran 5.2
group,reformist,before_war,101,بلومبرگ,5.2,25,0.116,0.027,Jamaran 5.2
group,reformist,before_war,102,سابق,5.2,120,0.557,0.316,Jamaran 5.2
group,reformist,before_war,103,درگذشت,5.2,105,0.487,0.262,Jamaran 5.2
group,reformist,before_war,104,بریتانیا,5.1,34,0.158,0.049,Jamaran 5.1
group,reformist,before_war,105,غنی,5.1,36,0.167,0.053,Jamaran 5.1
group,reformist,before_war,106,نشر آثار,5.1,19,0.088,0.014,Jamaran 5.1
group,reformist,before_war,107,مهریه,5.1,17,0.079,0.003,Jamaran 5.1
group,reformist,before_war,108,دانشکده,5.1,26,0.121,0.029,Jamaran 5.1
group,reformist,before_war,109,خمینی,5.1,23,0.107,0.023,Jamaran 5.1
group,reformist,before_war,110,پرستاران,5.0,16,0.074,0.007,Jamaran 5.0
group,reformist,before_war,111,استدلال,5.0,26,0.121,0.03,Jamaran 5.0
group,reformist,before_war,112,صبر,5.0,40,0.186,0.067,Jamaran 5.0
group,reformist,before_war,113,اپلیکیشن,5.0,29,0.135,0.038,Jamaran 5.0
group,reformist,before_war,114,العظمی,5.0,15,0.07,0.006,Jamaran 5.0
group,reformist,before_war,115,روبیو,5.0,60,0.278,0.125,Jamaran 5.0
group,reformist,before_war,116,استارلینک,5.0,22,0.102,0.022,Jamaran 5.0
group,reformist,before_war,117,تسلیت,4.9,70,0.325,0.159,Jamaran 4.9
group,reformist,before_war,118,استاد,4.9,55,0.255,0.111,Jamaran 4.9
group,reformist,before_war,119,برجام,4.9,43,0.2,0.075,Jamaran 4.9
group,reformist,before_war,120,هوایی,4.9,167,0.775,0.508,Jamaran 4.9
group,reformist,before_war,121,شریعتمداری,4.9,17,0.079,0.012,Jamaran 4.9
group,reformist,before_war,122,کنونی,4.9,80,0.371,0.192,Jamaran 4.9
group,reformist,before_war,123,بسمه,4.9,17,0.079,0.002,Jamaran 4.9
group,reformist,before_war,124,روحانیت,4.8,20,0.093,0.019,Jamaran 4.8
group,reformist,before_war,125,روزنامه,4.8,148,0.687,0.432,Jamaran 4.8
group,reformist,before_war,126,نیابتی,4.8,17,0.079,0.013,Jamaran 4.8
group,reformist,before_war,127,اصولگرا,4.8,16,0.074,0.01,Jamaran 4.8
group,reformist,before_war,128,دبیر شورای‌عالی امنیت ملی,4.8,24,0.111,0.028,Jamaran 4.8
group,reformist,before_war,129,جنگنده,4.8,23,0.107,0.028,Jamaran 4.8
group,reformist,before_war,130,قطر,4.8,166,0.77,0.499,Jamaran 4.8
group,reformist,before_war,131,ونس,4.7,43,0.2,0.081,Jamaran 4.7
group,reformist,before_war,132,ادعای,4.7,141,0.654,0.412,Jamaran 4.7
group,reformist,before_war,133,گزینه‌های,4.7,40,0.186,0.071,Jamaran 4.7
group,reformist,before_war,134,جنگی,4.7,149,0.692,0.449,Jamaran 4.7
group,reformist,before_war,135,تاکر کارلسون,4.7,16,0.074,0.012,Jamaran 4.7
group,reformist,before_war,136,هدف قرار,4.7,109,0.506,0.314,Jamaran 4.7
group,reformist,before_war,137,جنگ‌های,4.7,33,0.153,0.053,Jamaran 4.7
group,reformist,before_war,138,منبع,4.7,73,0.339,0.175,Jamaran 4.7
group,reformist,before_war,139,پزشکان,4.7,26,0.121,0.035,Jamaran 4.7
group,reformist,before_war,140,خواسته‌های,4.7,39,0.181,0.069,Jamaran 4.7
group,reformist,before_war,141,جناب,4.7,37,0.172,0.064,Jamaran 4.7
group,reformist,before_war,142,نیویورک‌تایمز,4.7,19,0.088,0.019,Jamaran 4.7
group,reformist,before_war,143,مجری,4.7,62,0.288,0.138,Jamaran 4.7
group,reformist,before_war,144,کنگره,4.6,107,0.497,0.288,Jamaran 4.6
group,reformist,before_war,145,وال‌استریت ژورنال,4.6,18,0.084,0.017,Jamaran 4.6
group,reformist,before_war,146,والمسلمین,4.6,19,0.088,0.019,Jamaran 4.6
group,reformist,before_war,147,ریانووستی,4.6,18,0.084,0.017,Jamaran 4.6
group,reformist,before_war,148,انا,4.6,15,0.07,0.01,Jamaran 4.6
group,reformist,before_war,149,احتمال,4.6,140,0.65,0.412,Jamaran 4.6
group,reformist,before_war,150,حجت‌الاسلام‌والمسلمین,4.6,16,0.074,0.013,Jamaran 4.6
group,reformist,before_war,151,خوانده,4.6,25,0.116,0.034,Jamaran 4.6
group,reformist,before_war,152,پزشکیان,4.6,358,1.662,1.245,Jamaran 4.6
group,reformist,before_war,153,نصری,4.6,14,0.065,0.008,Jamaran 4.6
group,reformist,before_war,154,پتروشیمی,4.5,51,0.237,0.108,Jamaran 4.5
group,reformist,before_war,155,استیو ویتکاف,4.5,48,0.223,0.096,Jamaran 4.5
group,reformist,before_war,156,بدین شرح,4.5,13,0.06,0.006,Jamaran 4.5
group,reformist,before_war,157,مدنی,4.5,57,0.265,0.125,Jamaran 4.5
group,reformist,before_war,158,شمخانی,4.5,38,0.176,0.068,Jamaran 4.5
group,reformist,before_war,159,پلتفرم,4.5,26,0.121,0.037,Jamaran 4.5
group,reformist,before_war,160,مؤسسه,4.5,29,0.135,0.045,Jamaran 4.5
group,reformist,before_war,161,دسترسی,4.5,103,0.478,0.281,Jamaran 4.5
group,reformist,before_war,162,موشک‌ها,4.5,21,0.097,0.027,Jamaran 4.5
group,reformist,before_war,163,اشتباهات,4.5,17,0.079,0.016,Jamaran 4.5
group,reformist,before_war,164,دولت,4.5,920,4.27,3.579,Jamaran 4.5
group,reformist,before_war,165,بمباران,4.5,68,0.316,0.166,Jamaran 4.5
group,reformist,before_war,166,آرمان‌های,4.5,79,0.367,0.198,Jamaran 4.5
group,reformist,before_war,167,مومنی,4.5,21,0.097,0.025,Jamaran 4.5
group,reformist,before_war,168,گسترده‌تر,4.5,30,0.139,0.048,Jamaran 4.5
group,reformist,before_war,169,تحلیل,4.5,87,0.404,0.226,Jamaran 4.5
group,reformist,before_war,170,تاسیسات,4.4,82,0.381,0.217,Jamaran 4.4
group,reformist,before_war,171,تقی,4.4,13,0.06,0.007,Jamaran 4.4
group,reformist,before_war,172,حقوقدان,4.4,20,0.093,0.023,Jamaran 4.4
group,reformist,before_war,173,بانک صادرات ایران,4.4,42,0.195,0.082,Jamaran 4.4
group,reformist,before_war,174,عالم,4.4,47,0.218,0.097,Jamaran 4.4
group,reformist,before_war,175,ارشد,4.4,106,0.492,0.297,Jamaran 4.4
group,reformist,before_war,176,آمریکایی‌ها,4.4,131,0.608,0.388,Jamaran 4.4
group,reformist,before_war,177,بالاخره,4.4,22,0.102,0.028,Jamaran 4.4
group,reformist,before_war,178,موضع,4.4,108,0.501,0.303,Jamaran 4.4
group,reformist,before_war,179,سخنرانی,4.4,105,0.487,0.289,Jamaran 4.4
group,reformist,before_war,180,مرحوم,4.4,57,0.265,0.129,Jamaran 4.4
group,reformist,before_war,181,فراگیر,4.3,41,0.19,0.081,Jamaran 4.3
group,reformist,before_war,182,عمل,4.3,209,0.97,0.682,Jamaran 4.3
group,reformist,before_war,183,زنان,4.3,96,0.446,0.262,Jamaran 4.3
group,reformist,before_war,184,جرد کوشنر,4.3,23,0.107,0.031,Jamaran 4.3
group,reformist,before_war,185,نبوی,4.3,20,0.093,0.024,Jamaran 4.3
group,reformist,before_war,186,پیروز,4.3,41,0.19,0.084,Jamaran 4.3
group,reformist,before_war,187,یگانه,4.3,11,0.051,0.003,Jamaran 4.3
group,reformist,before_war,188,تسلیت عرض,4.3,23,0.107,0.032,Jamaran 4.3
group,reformist,before_war,189,پالیسی,4.3,11,0.051,0.003,Jamaran 4.3
group,reformist,before_war,190,کلمبیا,4.3,38,0.176,0.073,Jamaran 4.3
group,reformist,before_war,191,تصمیمات,4.3,55,0.255,0.126,Jamaran 4.3
group,reformist,before_war,192,فورد,4.2,11,0.051,0.004,Jamaran 4.2
group,reformist,before_war,193,دانشجویی,4.2,55,0.255,0.125,Jamaran 4.2
group,reformist,before_war,194,تابعیت,4.2,13,0.06,0.009,Jamaran 4.2
group,reformist,before_war,195,ژنرال,4.2,33,0.153,0.06,Jamaran 4.2
group,reformist,before_war,196,وزیر امور خارجه,4.2,381,1.768,1.367,Jamaran 4.2
group,reformist,before_war,197,بدی,4.2,27,0.125,0.043,Jamaran 4.2
group,reformist,before_war,198,نیروی,4.2,145,0.673,0.445,Jamaran 4.2
group,reformist,before_war,199,سفیر,4.2,110,0.511,0.316,Jamaran 4.2
group,reformist,before_war,200,کیهان,4.2,11,0.051,0.005,Jamaran 4.2
group,reformist,war,1,ایران,18.7,8645,28.524,22.688,Jamaran 18.7
group,reformist,war,2,ترامپ,18.7,2307,7.612,4.814,Jamaran 18.7
group,reformist,war,3,جنگ,16.3,3622,11.951,8.701,Jamaran 16.3
group,reformist,war,4,مدعی,13.8,312,1.029,0.383,Jamaran 13.8
group,reformist,war,5,خاورمیانه,13.4,476,1.571,0.734,Jamaran 13.4
group,reformist,war,6,روسیه,13.3,493,1.627,0.792,Jamaran 13.3
group,reformist,war,7,ایالات متحده,12.5,598,1.973,1.063,Jamaran 12.5
group,reformist,war,8,مذاکرات,12.4,302,0.996,0.423,Jamaran 12.4
group,reformist,war,9,ظریف,12.3,100,0.33,0.044,Jamaran 12.3
group,reformist,war,10,رئیس‌جمهور,12.2,890,2.937,1.828,Jamaran 12.2
group,reformist,war,11,بریتانیا,11.0,121,0.399,0.099,Jamaran 11.0
group,reformist,war,12,درگیری,10.7,338,1.115,0.548,Jamaran 10.7
group,reformist,war,13,چین,9.8,263,0.868,0.419,Jamaran 9.8
group,reformist,war,14,آکسیوس,9.7,75,0.247,0.048,Jamaran 9.7
group,reformist,war,15,اعزام,9.6,177,0.584,0.235,Jamaran 9.6
group,reformist,war,16,سیاسی,9.0,557,1.838,1.18,Jamaran 9.0
group,reformist,war,17,ونس,8.9,47,0.155,0.014,Jamaran 8.9
group,reformist,war,18,توافق,8.7,173,0.571,0.267,Jamaran 8.7
group,reformist,war,19,هسته‌ای,8.6,293,0.967,0.531,Jamaran 8.6
group,reformist,war,20,ادعای,8.4,242,0.798,0.417,Jamaran 8.4
group,reformist,war,21,سید حسن خمینی,8.3,51,0.168,0.029,Jamaran 8.3
group,reformist,war,22,خلیج فارس,8.2,417,1.376,0.853,Jamaran 8.2
group,reformist,war,23,ایرانی‌ها,8.1,149,0.492,0.216,Jamaran 8.1
group,reformist,war,24,اصلاحات,7.9,43,0.142,0.021,Jamaran 7.9
group,reformist,war,25,پیشنهاد,7.8,110,0.363,0.142,Jamaran 7.8
group,reformist,war,26,توافقی,7.8,52,0.172,0.037,Jamaran 7.8
group,reformist,war,27,یادداشتی,7.8,59,0.195,0.048,Jamaran 7.8
group,reformist,war,28,ریانووستی,7.6,36,0.119,0.012,Jamaran 7.6
group,reformist,war,29,اسرائیل,7.6,1957,6.457,5.27,Jamaran 7.6
group,reformist,war,30,تهدید,7.5,425,1.402,0.916,Jamaran 7.5
group,reformist,war,31,واشنگتن,7.4,261,0.861,0.505,Jamaran 7.4
group,reformist,war,32,مذاکره,7.1,249,0.822,0.487,Jamaran 7.1
group,reformist,war,33,آتش‌بس,7.0,137,0.452,0.228,Jamaran 7.0
group,reformist,war,34,احتمالا,6.9,119,0.393,0.18,Jamaran 6.9
group,reformist,war,35,حکومت,6.9,114,0.376,0.169,Jamaran 6.9
group,reformist,war,36,ادعا,6.9,132,0.436,0.211,Jamaran 6.9
group,reformist,war,37,آمریکا,6.8,3914,12.914,11.388,Jamaran 6.8
group,reformist,war,38,محمدجواد,6.4,37,0.122,0.027,Jamaran 6.4
group,reformist,war,39,مخالف,6.4,81,0.267,0.111,Jamaran 6.4
group,reformist,war,40,دولت,6.3,680,2.244,1.719,Jamaran 6.3
group,reformist,war,41,کردها,6.3,35,0.115,0.025,Jamaran 6.3
group,reformist,war,42,پزشکیان,6.2,235,0.775,0.488,Jamaran 6.2
group,reformist,war,43,توهین,6.2,35,0.115,0.027,Jamaran 6.2
group,reformist,war,44,یادداشت,6.1,56,0.185,0.064,Jamaran 6.1
group,reformist,war,45,تماس,6.1,140,0.462,0.249,Jamaran 6.1
group,reformist,war,46,مکرون,6.0,39,0.129,0.035,Jamaran 6.0
group,reformist,war,47,اوکراین,5.9,97,0.32,0.158,Jamaran 5.9
group,reformist,war,48,فسفر,5.9,22,0.073,0.003,Jamaran 5.9
group,reformist,war,49,پنتاگون,5.9,89,0.294,0.137,Jamaran 5.9
group,reformist,war,50,نیروگاه هسته‌ای بوشهر,5.8,36,0.119,0.031,Jamaran 5.8
group,reformist,war,51,گزینه‌های,5.8,39,0.129,0.037,Jamaran 5.8
group,reformist,war,52,روسی,5.8,41,0.135,0.04,Jamaran 5.8
group,reformist,war,53,نظامی,5.8,1469,4.847,4.06,Jamaran 5.8
group,reformist,war,54,خرازی,5.8,45,0.148,0.048,Jamaran 5.8
group,reformist,war,55,نفت,5.8,668,2.204,1.697,Jamaran 5.8
group,reformist,war,56,موافقت,5.7,55,0.181,0.069,Jamaran 5.7
group,reformist,war,57,حزب,5.7,90,0.297,0.144,Jamaran 5.7
group,reformist,war,58,غنی‌سازی,5.7,38,0.125,0.038,Jamaran 5.7
group,reformist,war,59,پیشین,5.6,119,0.393,0.213,Jamaran 5.6
group,reformist,war,60,بلومبرگ,5.6,88,0.29,0.14,Jamaran 5.6
group,reformist,war,61,زیدآبادی,5.6,19,0.063,0.003,Jamaran 5.6
group,reformist,war,62,مقامات,5.6,268,0.884,0.595,Jamaran 5.6
group,reformist,war,63,ترکیه,5.6,218,0.719,0.465,Jamaran 5.6
group,reformist,war,64,روس‌اتم,5.6,24,0.079,0.014,Jamaran 5.6
group,reformist,war,65,سی‌ان‌ان,5.5,92,0.304,0.151,Jamaran 5.5
group,reformist,war,66,اسرائیلی,5.5,408,1.346,0.975,Jamaran 5.5
group,reformist,war,67,خواسته,5.5,80,0.264,0.124,Jamaran 5.5
group,reformist,war,68,احتمال,5.5,171,0.564,0.346,Jamaran 5.5
group,reformist,war,69,شورای همکاری خلیج فارس,5.5,32,0.106,0.028,Jamaran 5.5
group,reformist,war,70,موضوع,5.5,260,0.858,0.588,Jamaran 5.5
group,reformist,war,71,تایید,5.4,197,0.65,0.413,Jamaran 5.4
group,reformist,war,72,عارف,5.4,80,0.264,0.127,Jamaran 5.4
group,reformist,war,73,نصری,5.3,17,0.056,0.003,Jamaran 5.3
group,reformist,war,74,حقوقدان,5.3,25,0.082,0.018,Jamaran 5.3
group,reformist,war,75,زمینی,5.3,196,0.647,0.411,Jamaran 5.3
group,reformist,war,76,هیچ‌کس,5.3,77,0.254,0.121,Jamaran 5.3
group,reformist,war,77,مشورت,5.3,21,0.069,0.012,Jamaran 5.3
group,reformist,war,78,الجزیره,5.3,170,0.561,0.347,Jamaran 5.3
group,reformist,war,79,کنگره,5.3,97,0.32,0.168,Jamaran 5.3
group,reformist,war,80,عذرخواهی,5.3,26,0.086,0.02,Jamaran 5.3
group,reformist,war,81,دیپلماسی,5.2,173,0.571,0.364,Jamaran 5.2
group,reformist,war,82,اتمی,5.2,32,0.106,0.031,Jamaran 5.2
group,reformist,war,83,پوتین,5.2,75,0.247,0.12,Jamaran 5.2
group,reformist,war,84,اتحادیه اروپا,5.1,68,0.224,0.106,Jamaran 5.1
group,reformist,war,85,روبیو,5.1,41,0.135,0.049,Jamaran 5.1
group,reformist,war,86,کاخ سفید,5.1,125,0.412,0.241,Jamaran 5.1
group,reformist,war,87,فرانسه,5.1,169,0.558,0.354,Jamaran 5.1
group,reformist,war,88,دیپلماتیک,5.0,166,0.548,0.348,Jamaran 5.0
group,reformist,war,89,به‌سرعت,5.0,25,0.082,0.02,Jamaran 5.0
group,reformist,war,90,کار,5.0,461,1.521,1.167,Jamaran 5.0
group,reformist,war,91,تنگه هرمز,5.0,874,2.884,2.381,Jamaran 5.0
group,reformist,war,92,این‌که,5.0,29,0.096,0.027,Jamaran 5.0
group,reformist,war,93,تریتا,5.0,15,0.049,0.004,Jamaran 5.0
group,reformist,war,94,صلح,4.9,235,0.775,0.536,Jamaran 4.9
group,reformist,war,95,متوقف,4.9,219,0.723,0.489,Jamaran 4.9
group,reformist,war,96,هند,4.8,129,0.426,0.257,Jamaran 4.8
group,reformist,war,97,صداوسیما,4.8,64,0.211,0.102,Jamaran 4.8
group,reformist,war,98,نتیجه,4.8,214,0.706,0.483,Jamaran 4.8
group,reformist,war,99,پیرامون,4.8,56,0.185,0.084,Jamaran 4.8
group,reformist,war,100,اوباما,4.8,25,0.082,0.022,Jamaran 4.8
group,reformist,war,101,پکن,4.8,38,0.125,0.048,Jamaran 4.8
group,reformist,war,102,اجتناب,4.8,29,0.096,0.03,Jamaran 4.8
group,reformist,war,103,جزیره خارک,4.8,48,0.158,0.067,Jamaran 4.8
group,reformist,war,104,جورج,4.8,31,0.102,0.033,Jamaran 4.8
group,reformist,war,105,افراطی,4.7,17,0.056,0.01,Jamaran 4.7
group,reformist,war,106,میلیارد دلار,4.7,122,0.403,0.244,Jamaran 4.7
group,reformist,war,107,سودان,4.7,13,0.043,0.002,Jamaran 4.7
group,reformist,war,108,بوش,4.7,16,0.053,0.009,Jamaran 4.7
group,reformist,war,109,نماینده کنگره آمریکا,4.7,34,0.112,0.04,Jamaran 4.7
group,reformist,war,110,ویتکاف,4.7,44,0.145,0.06,Jamaran 4.7
group,reformist,war,111,منبع,4.7,124,0.409,0.249,Jamaran 4.7
group,reformist,war,112,فجر,4.7,23,0.076,0.021,Jamaran 4.7
group,reformist,war,113,رویترز,4.6,115,0.379,0.227,Jamaran 4.6
group,reformist,war,114,هزینه,4.6,199,0.657,0.45,Jamaran 4.6
group,reformist,war,115,میانجیگران,4.6,17,0.056,0.011,Jamaran 4.6
group,reformist,war,116,اظهارات,4.6,144,0.475,0.304,Jamaran 4.6
group,reformist,war,117,رهبران,4.6,104,0.343,0.201,Jamaran 4.6
group,reformist,war,118,کشورهای عربی,4.5,98,0.323,0.186,Jamaran 4.5
group,reformist,war,119,می‌توانست,4.5,28,0.092,0.03,Jamaran 4.5
group,reformist,war,120,داده‌اند,4.5,137,0.452,0.287,Jamaran 4.5
group,reformist,war,121,پولیتیکو,4.5,26,0.086,0.027,Jamaran 4.5
group,reformist,war,122,بمباران,4.5,265,0.874,0.629,Jamaran 4.5
group,reformist,war,123,پارسی,4.5,18,0.059,0.013,Jamaran 4.5
group,reformist,war,124,می‌خواهند,4.5,65,0.214,0.109,Jamaran 4.5
group,reformist,war,125,غرب,4.5,230,0.759,0.539,Jamaran 4.5
group,reformist,war,126,اروپا,4.5,165,0.544,0.364,Jamaran 4.5
group,reformist,war,127,پورمحمدی,4.5,12,0.04,0.004,Jamaran 4.5
group,reformist,war,128,فشار,4.5,205,0.676,0.475,Jamaran 4.5
group,reformist,war,129,آینده,4.5,288,0.95,0.708,Jamaran 4.5
group,reformist,war,130,دستیابی,4.4,90,0.297,0.173,Jamaran 4.4
group,reformist,war,131,تشدید,4.4,206,0.68,0.475,Jamaran 4.4
group,reformist,war,132,مالی,4.4,158,0.521,0.35,Jamaran 4.4
group,reformist,war,133,نخست‌وزیر,4.4,114,0.376,0.234,Jamaran 4.4
group,reformist,war,134,ارشد,4.4,175,0.577,0.391,Jamaran 4.4
group,reformist,war,135,وضعیت,4.4,460,1.518,1.201,Jamaran 4.4
group,reformist,war,136,خواسته‌های,4.4,38,0.125,0.051,Jamaran 4.4
group,reformist,war,137,اصولگرا,4.4,17,0.056,0.001,Jamaran 4.4
group,reformist,war,138,فوریه,4.4,56,0.185,0.09,Jamaran 4.4
group,reformist,war,139,کشورهای,4.4,591,1.95,1.58,Jamaran 4.4
group,reformist,war,140,نهادهای,4.4,107,0.353,0.215,Jamaran 4.4
group,reformist,war,141,اطلاعی,4.4,20,0.066,0.017,Jamaran 4.4
group,reformist,war,142,شفقنا,4.4,18,0.059,0.001,Jamaran 4.4
group,reformist,war,143,سفیر ایران,4.4,65,0.214,0.111,Jamaran 4.4
group,reformist,war,144,رای‌گیری,4.3,26,0.086,0.028,Jamaran 4.3
group,reformist,war,145,اشغال,4.3,55,0.181,0.089,Jamaran 4.3
group,reformist,war,146,حدادیان,4.3,16,0.053,0.011,Jamaran 4.3
group,reformist,war,147,دوقطبی,4.3,11,0.036,0.003,Jamaran 4.3
group,reformist,war,148,خودداری,4.3,101,0.333,0.2,Jamaran 4.3
group,reformist,war,149,مقاله,4.3,21,0.069,0.02,Jamaran 4.3
group,reformist,war,150,تحریم‌ها,4.3,36,0.119,0.051,Jamaran 4.3
group,reformist,war,151,جلوگیری,4.3,168,0.554,0.378,Jamaran 4.3
group,reformist,war,152,کارزار,4.3,48,0.158,0.074,Jamaran 4.3
group,reformist,war,153,بیندازد,4.3,23,0.076,0.023,Jamaran 4.3
group,reformist,war,154,کشورهایی,4.3,76,0.251,0.139,Jamaran 4.3
group,reformist,war,155,به‌طور,4.3,199,0.657,0.461,Jamaran 4.3
group,reformist,war,156,دشوار,4.3,67,0.221,0.119,Jamaran 4.3
group,reformist,war,157,ایدئولوژیک,4.2,11,0.036,0.004,Jamaran 4.2
group,reformist,war,158,جلسه,4.2,130,0.429,0.281,Jamaran 4.2
group,reformist,war,159,کشته,4.2,236,0.779,0.565,Jamaran 4.2
group,reformist,war,160,سفید,4.2,35,0.115,0.047,Jamaran 4.2
group,reformist,war,161,سیاست,4.2,101,0.333,0.205,Jamaran 4.2
group,reformist,war,162,فارن افرز,4.2,15,0.049,0.01,Jamaran 4.2
group,reformist,war,163,تمایل,4.2,33,0.109,0.043,Jamaran 4.2
group,reformist,war,164,محمودی,4.2,14,0.046,0.009,Jamaran 4.2
group,reformist,war,165,سیا,4.1,42,0.139,0.063,Jamaran 4.1
group,reformist,war,166,بررسی,4.1,247,0.815,0.61,Jamaran 4.1
group,reformist,war,167,نهفته,4.1,15,0.049,0.011,Jamaran 4.1
group,reformist,war,168,ژنرال,4.1,52,0.172,0.085,Jamaran 4.1
group,reformist,war,169,ایرانی,4.1,786,2.593,2.183,Jamaran 4.1
group,reformist,war,170,امارات متحده عربی,4.1,61,0.201,0.106,Jamaran 4.1
group,reformist,war,171,میدل‌ایست‌آی,4.1,15,0.049,0.011,Jamaran 4.1
group,reformist,war,172,مسئول,4.1,93,0.307,0.187,Jamaran 4.1
group,reformist,war,173,مرخصی,4.1,18,0.059,0.016,Jamaran 4.1
group,reformist,war,174,اورانیوم,4.1,24,0.079,0.027,Jamaran 4.1
group,reformist,war,175,هرچند,4.1,51,0.168,0.085,Jamaran 4.1
group,reformist,war,176,خلاف,4.1,68,0.224,0.124,Jamaran 4.1
group,reformist,war,177,معاون,4.0,369,1.218,0.968,Jamaran 4.0
group,reformist,war,178,گروسی,4.0,43,0.142,0.067,Jamaran 4.0
group,reformist,war,179,پیشنهادی,4.0,34,0.112,0.048,Jamaran 4.0
group,reformist,war,180,حمله,4.0,2187,7.216,6.476,Jamaran 4.0
group,reformist,war,181,ریاست جمهوری,4.0,32,0.106,0.044,Jamaran 4.0
group,reformist,war,182,می‌نویسد,4.0,26,0.086,0.031,Jamaran 4.0
group,reformist,war,183,عقل,4.0,22,0.073,0.024,Jamaran 4.0
group,reformist,war,184,هزینه‌های,4.0,105,0.346,0.221,Jamaran 4.0
group,reformist,war,185,وزیر امور خارجه,4.0,346,1.142,0.896,Jamaran 4.0
group,reformist,war,186,سوریه,4.0,68,0.224,0.13,Jamaran 4.0
group,reformist,war,187,رسمی,4.0,212,0.699,0.516,Jamaran 4.0
group,reformist,war,188,روزنامه‌نگار,4.0,39,0.129,0.059,Jamaran 4.0
group,reformist,war,189,نمی‌خواهم,4.0,13,0.043,0.009,Jamaran 4.0
group,reformist,war,190,دگرگون,4.0,17,0.056,0.015,Jamaran 4.0
group,reformist,war,191,اجازه,4.0,201,0.663,0.48,Jamaran 4.0
group,reformist,war,192,نشر آثار,4.0,12,0.04,0.007,Jamaran 4.0
group,reformist,war,193,کنون,4.0,49,0.162,0.081,Jamaran 4.0
group,reformist,war,194,موضع,4.0,133,0.439,0.294,Jamaran 4.0
group,reformist,war,195,تصمیم,3.9,220,0.726,0.536,Jamaran 3.9
group,reformist,war,196,مجری,3.9,90,0.297,0.181,Jamaran 3.9
group,reformist,war,197,بعید,3.9,28,0.092,0.036,Jamaran 3.9
group,reformist,war,198,جهانگیری,3.9,12,0.04,0.007,Jamaran 3.9
group,reformist,war,199,خواهان,3.9,62,0.205,0.113,Jamaran 3.9
group,reformist,war,200,قرص,3.9,11,0.036,0.006,Jamaran 3.9
group,reformist,ceasefire,1,اینترنت,36.4,940,1.737,0.29,Jamaran 36.4
group,reformist,ceasefire,2,توافق,26.9,2264,4.184,2.123,Jamaran 26.9
group,reformist,ceasefire,3,مدعی,23.3,928,1.715,0.66,Jamaran 23.3
group,reformist,ceasefire,4,ترامپ,23.1,3989,7.372,4.837,Jamaran 23.1
group,reformist,ceasefire,5,مذاکرات,21.5,2066,3.818,2.184,Jamaran 21.5
group,reformist,ceasefire,6,ایالات متحده,21.1,987,1.824,0.802,Jamaran 21.1
group,reformist,ceasefire,7,ایران,20.1,13580,25.099,20.735,Jamaran 20.1
group,reformist,ceasefire,8,ادعای,17.9,697,1.288,0.561,Jamaran 17.9
group,reformist,ceasefire,9,خاتمی,17.8,178,0.329,0.023,Jamaran 17.8
group,reformist,ceasefire,10,جنگ,15.7,4581,8.467,6.509,Jamaran 15.7
group,reformist,ceasefire,11,خمینی,15.0,149,0.275,0.04,Jamaran 15.0
group,reformist,ceasefire,12,توافقی,14.5,337,0.623,0.23,Jamaran 14.5
group,reformist,ceasefire,13,دسترسی,14.3,405,0.749,0.31,Jamaran 14.3
group,reformist,ceasefire,14,مذاکره,14.3,1024,1.893,1.118,Jamaran 14.3
group,reformist,ceasefire,15,اسرائیل,14.0,2689,4.97,3.652,Jamaran 14.0
group,reformist,ceasefire,16,آمریکا,13.9,6478,11.973,9.877,Jamaran 13.9
group,reformist,ceasefire,17,امام خمینی,13.8,553,1.022,0.505,Jamaran 13.8
group,reformist,ceasefire,18,سیاسی,13.6,1240,2.292,1.464,Jamaran 13.6
group,reformist,ceasefire,19,اورانیوم,13.5,199,0.368,0.103,Jamaran 13.5
group,reformist,ceasefire,20,آکسیوس,13.5,184,0.34,0.089,Jamaran 13.5
group,reformist,ceasefire,21,تنگه هرمز,12.9,2469,4.563,3.386,Jamaran 12.9
group,reformist,ceasefire,22,هسته‌ای,12.8,739,1.366,0.785,Jamaran 12.8
group,reformist,ceasefire,23,سلاح هسته‌ای,12.6,240,0.444,0.159,Jamaran 12.6
group,reformist,ceasefire,24,حرم مطهر امام خمینی,12.3,87,0.161,0.009,Jamaran 12.3
group,reformist,ceasefire,25,سید حسن خمینی,12.3,85,0.157,0.012,Jamaran 12.3
group,reformist,ceasefire,26,لاریجانی,11.8,309,0.571,0.252,Jamaran 11.8
group,reformist,ceasefire,27,اینترنت پرو,11.6,111,0.205,0.043,Jamaran 11.6
group,reformist,ceasefire,28,احتمالا,11.3,254,0.469,0.196,Jamaran 11.3
group,reformist,ceasefire,29,رئیس‌جمهور,11.2,1930,3.567,2.67,Jamaran 11.2
group,reformist,ceasefire,30,منبع,11.2,310,0.573,0.265,Jamaran 11.2
group,reformist,ceasefire,31,کیهان,11.2,73,0.135,0.006,Jamaran 11.2
group,reformist,ceasefire,32,روزنامه,11.1,579,1.07,0.624,Jamaran 11.1
group,reformist,ceasefire,33,نتانیاهو,10.7,782,1.445,0.926,Jamaran 10.7
group,reformist,ceasefire,34,جامعه,10.3,597,1.103,0.675,Jamaran 10.3
group,reformist,ceasefire,35,واشنگتن,10.3,858,1.586,1.055,Jamaran 10.3
group,reformist,ceasefire,36,دستیابی,10.3,404,0.747,0.407,Jamaran 10.3
group,reformist,ceasefire,37,قطع,10.3,263,0.486,0.226,Jamaran 10.3
group,reformist,ceasefire,38,ادعا,9.9,315,0.582,0.299,Jamaran 9.9
group,reformist,ceasefire,39,صداوسیما,9.9,204,0.377,0.162,Jamaran 9.9
group,reformist,ceasefire,40,دلار,9.8,577,1.066,0.663,Jamaran 9.8
group,reformist,ceasefire,41,رهبری,9.7,518,0.957,0.582,Jamaran 9.7
group,reformist,ceasefire,42,محمدعلی,9.7,67,0.124,0.021,Jamaran 9.7
group,reformist,ceasefire,43,اصولگرا,9.7,53,0.098,0.006,Jamaran 9.7
group,reformist,ceasefire,44,طبقاتی,9.6,53,0.098,0.008,Jamaran 9.6
group,reformist,ceasefire,45,دارایی‌های,9.6,231,0.427,0.197,Jamaran 9.6
group,reformist,ceasefire,46,اعتماد,9.6,403,0.745,0.424,Jamaran 9.6
group,reformist,ceasefire,47,اجازه,9.4,410,0.758,0.441,Jamaran 9.4
group,reformist,ceasefire,48,بازگشایی,9.3,393,0.726,0.418,Jamaran 9.3
group,reformist,ceasefire,49,مخالف,9.1,168,0.31,0.131,Jamaran 9.1
group,reformist,ceasefire,50,میلیارد دلار,9.0,339,0.627,0.35,Jamaran 9.0
group,reformist,ceasefire,51,کاربران,8.9,177,0.327,0.144,Jamaran 8.9
group,reformist,ceasefire,52,خاورمیانه,8.9,441,0.815,0.497,Jamaran 8.9
group,reformist,ceasefire,53,استدلال,8.9,65,0.12,0.025,Jamaran 8.9
group,reformist,ceasefire,54,غنی‌سازی,8.8,149,0.275,0.113,Jamaran 8.8
group,reformist,ceasefire,55,پیشنهاد,8.8,307,0.567,0.314,Jamaran 8.8
group,reformist,ceasefire,56,بعید,8.7,75,0.139,0.035,Jamaran 8.7
group,reformist,ceasefire,57,تندروها,8.6,42,0.078,0.006,Jamaran 8.6
group,reformist,ceasefire,58,هفتمین سالگرد,8.6,67,0.124,0.029,Jamaran 8.6
group,reformist,ceasefire,59,درگیری,8.5,429,0.793,0.491,Jamaran 8.5
group,reformist,ceasefire,60,اورانیوم غنی‌شده,8.5,93,0.172,0.054,Jamaran 8.5
group,reformist,ceasefire,61,مقاله,8.5,58,0.107,0.021,Jamaran 8.5
group,reformist,ceasefire,62,اجتماعی اکس,8.5,86,0.159,0.001,Jamaran 8.5
group,reformist,ceasefire,63,نفت,8.5,926,1.711,1.247,Jamaran 8.5
group,reformist,ceasefire,64,عربستان سعودی,8.4,156,0.288,0.127,Jamaran 8.4
group,reformist,ceasefire,65,حجاب,8.3,54,0.1,0.02,Jamaran 8.3
group,reformist,ceasefire,66,تفاهم,8.1,465,0.859,0.553,Jamaran 8.1
group,reformist,ceasefire,67,اوباما,8.1,89,0.164,0.054,Jamaran 8.1
group,reformist,ceasefire,68,مسائل,8.1,401,0.741,0.464,Jamaran 8.1
group,reformist,ceasefire,69,فاکس نیوز,8.1,80,0.148,0.046,Jamaran 8.1
group,reformist,ceasefire,70,برجام,8.0,111,0.205,0.079,Jamaran 8.0
group,reformist,ceasefire,71,ونس,7.9,250,0.462,0.255,Jamaran 7.9
group,reformist,ceasefire,72,ایرانی‌ها,7.9,229,0.423,0.228,Jamaran 7.9
group,reformist,ceasefire,73,ابطحی,7.9,36,0.067,0.003,Jamaran 7.9
group,reformist,ceasefire,74,کار,7.8,1001,1.85,1.397,Jamaran 7.8
group,reformist,ceasefire,75,بین‌الملل,7.8,302,0.558,0.33,Jamaran 7.8
group,reformist,ceasefire,76,مقامات,7.8,554,1.024,0.7,Jamaran 7.8
group,reformist,ceasefire,77,پاکستانی,7.7,235,0.434,0.238,Jamaran 7.7
group,reformist,ceasefire,78,نبویان,7.7,46,0.085,0.017,Jamaran 7.7
group,reformist,ceasefire,79,پزشکیان,7.6,634,1.172,0.83,Jamaran 7.6
group,reformist,ceasefire,80,بریتانیا,7.6,133,0.246,0.111,Jamaran 7.6
group,reformist,ceasefire,81,العربیه,7.5,58,0.107,0.028,Jamaran 7.5
group,reformist,ceasefire,82,فیلترینگ,7.5,32,0.059,0.005,Jamaran 7.5
group,reformist,ceasefire,83,محاصره,7.5,417,0.771,0.503,Jamaran 7.5
group,reformist,ceasefire,84,کشتی,7.5,590,1.09,0.765,Jamaran 7.5
group,reformist,ceasefire,85,سی‌ان‌ان,7.4,191,0.353,0.186,Jamaran 7.4
group,reformist,ceasefire,86,بلومبرگ,7.4,131,0.242,0.11,Jamaran 7.4
group,reformist,ceasefire,87,عبور,7.4,887,1.639,1.233,Jamaran 7.4
group,reformist,ceasefire,88,خواهان,7.4,137,0.253,0.118,Jamaran 7.4
group,reformist,ceasefire,89,شریعتمداری,7.4,35,0.065,0.009,Jamaran 7.4
group,reformist,ceasefire,90,خواهیم,7.4,483,0.893,0.607,Jamaran 7.4
group,reformist,ceasefire,91,افکار عمومی,7.3,175,0.323,0.168,Jamaran 7.3
group,reformist,ceasefire,92,سیاست,7.3,286,0.529,0.32,Jamaran 7.3
group,reformist,ceasefire,93,خرازی,7.3,182,0.336,0.177,Jamaran 7.3
group,reformist,ceasefire,94,اصلاحات,7.2,80,0.148,0.053,Jamaran 7.2
group,reformist,ceasefire,95,المسلمین سید,7.2,33,0.061,0.002,Jamaran 7.2
group,reformist,ceasefire,96,امارات,7.2,511,0.944,0.654,Jamaran 7.2
group,reformist,ceasefire,97,فشار,7.2,579,1.07,0.759,Jamaran 7.2
group,reformist,ceasefire,98,صفری,7.2,30,0.055,0.005,Jamaran 7.2
group,reformist,ceasefire,99,تحریم‌ها,7.1,244,0.451,0.264,Jamaran 7.1
group,reformist,ceasefire,100,الجزیره,7.1,267,0.493,0.297,Jamaran 7.1
group,reformist,ceasefire,101,فعلی,7.1,250,0.462,0.274,Jamaran 7.1
group,reformist,ceasefire,102,وضعیت,7.1,944,1.745,1.344,Jamaran 7.1
group,reformist,ceasefire,103,پاکستان,7.1,1041,1.924,1.496,Jamaran 7.1
group,reformist,ceasefire,104,فیلترشکن,7.0,28,0.052,0.003,Jamaran 7.0
group,reformist,ceasefire,105,گوگل,7.0,49,0.091,0.023,Jamaran 7.0
group,reformist,ceasefire,106,چین,7.0,845,1.562,1.185,Jamaran 7.0
group,reformist,ceasefire,107,تحلیل,7.0,201,0.371,0.208,Jamaran 7.0
group,reformist,ceasefire,108,نهایت,7.0,237,0.438,0.257,Jamaran 7.0
group,reformist,ceasefire,109,جمهوری اسلامی,7.0,338,0.625,0.403,Jamaran 7.0
group,reformist,ceasefire,110,روزنامه نگار,7.0,30,0.055,0.007,Jamaran 7.0
group,reformist,ceasefire,111,نیویورک‌تایمز,6.9,76,0.14,0.051,Jamaran 6.9
group,reformist,ceasefire,112,بهشتی,6.9,64,0.118,0.039,Jamaran 6.9
group,reformist,ceasefire,113,ظریف,6.9,45,0.083,0.02,Jamaran 6.9
group,reformist,ceasefire,114,مسئله,6.9,243,0.449,0.268,Jamaran 6.9
group,reformist,ceasefire,115,بزرگداشت,6.9,146,0.27,0.136,Jamaran 6.9
group,reformist,ceasefire,116,دیپلمات,6.8,98,0.181,0.078,Jamaran 6.8
group,reformist,ceasefire,117,مطهری,6.8,60,0.111,0.036,Jamaran 6.8
group,reformist,ceasefire,118,تایید,6.8,384,0.71,0.476,Jamaran 6.8
group,reformist,ceasefire,119,حوزه علمیه قم,6.8,35,0.065,0.012,Jamaran 6.8
group,reformist,ceasefire,120,مذاکره‌کنندگان,6.7,84,0.155,0.062,Jamaran 6.7
group,reformist,ceasefire,121,اسرائیلی,6.7,520,0.961,0.686,Jamaran 6.7
group,reformist,ceasefire,122,دولت,6.7,1669,3.085,2.57,Jamaran 6.7
group,reformist,ceasefire,123,گروسی,6.7,76,0.14,0.054,Jamaran 6.7
group,reformist,ceasefire,124,اجتماعی,6.7,506,0.935,0.667,Jamaran 6.7
group,reformist,ceasefire,125,یادگار امام,6.6,37,0.068,0.015,Jamaran 6.6
group,reformist,ceasefire,126,اقتصاددان,6.6,58,0.107,0.035,Jamaran 6.6
group,reformist,ceasefire,127,بحث,6.6,263,0.486,0.302,Jamaran 6.6
group,reformist,ceasefire,128,ویتکاف,6.6,63,0.116,0.041,Jamaran 6.6
group,reformist,ceasefire,129,آوریل,6.6,132,0.244,0.122,Jamaran 6.6
group,reformist,ceasefire,130,اینترنتی,6.5,85,0.157,0.066,Jamaran 6.5
group,reformist,ceasefire,131,سیتنا,6.5,101,0.187,0.0,Jamaran 6.5
group,reformist,ceasefire,132,داده‌های,6.5,167,0.309,0.17,Jamaran 6.5
group,reformist,ceasefire,133,نظامی,6.5,1864,3.445,2.914,Jamaran 6.5
group,reformist,ceasefire,134,تریبون,6.5,35,0.065,0.014,Jamaran 6.5
group,reformist,ceasefire,135,مطرح,6.5,457,0.845,0.597,Jamaran 6.5
group,reformist,ceasefire,136,موسویان,6.4,26,0.048,0.006,Jamaran 6.4
group,reformist,ceasefire,137,کوشنر,6.4,58,0.107,0.036,Jamaran 6.4
group,reformist,ceasefire,138,ارتباطات,6.4,279,0.516,0.33,Jamaran 6.4
group,reformist,ceasefire,139,تابش,6.4,25,0.046,0.005,Jamaran 6.4
group,reformist,ceasefire,140,خدیجه,6.4,27,0.05,0.007,Jamaran 6.4
group,reformist,ceasefire,141,مساله,6.4,104,0.192,0.09,Jamaran 6.4
group,reformist,ceasefire,142,موافقت,6.4,196,0.362,0.212,Jamaran 6.4
group,reformist,ceasefire,143,باقی,6.4,146,0.27,0.144,Jamaran 6.4
group,reformist,ceasefire,144,اختلاف,6.4,195,0.36,0.211,Jamaran 6.4
group,reformist,ceasefire,145,فهم,6.3,60,0.111,0.039,Jamaran 6.3
group,reformist,ceasefire,146,این‌ها,6.3,147,0.272,0.147,Jamaran 6.3
group,reformist,ceasefire,147,تیم مذاکره‌کننده,6.3,133,0.246,0.127,Jamaran 6.3
group,reformist,ceasefire,148,آینده,6.3,733,1.355,1.039,Jamaran 6.3
group,reformist,ceasefire,149,قیمت,6.3,796,1.471,1.141,Jamaran 6.3
group,reformist,ceasefire,150,یادداشتی,6.3,85,0.157,0.068,Jamaran 6.3
group,reformist,ceasefire,151,عارف,6.3,156,0.288,0.159,Jamaran 6.3
group,reformist,ceasefire,152,مناقشه,6.3,62,0.115,0.042,Jamaran 6.3
group,reformist,ceasefire,153,حسن روحانی,6.3,22,0.041,0.003,Jamaran 6.3
group,reformist,ceasefire,154,مخالفت,6.3,167,0.309,0.175,Jamaran 6.3
group,reformist,ceasefire,155,حاجیه,6.2,22,0.041,0.003,Jamaran 6.2
group,reformist,ceasefire,156,ترور,6.2,214,0.396,0.241,Jamaran 6.2
group,reformist,ceasefire,157,حزب,6.2,199,0.368,0.219,Jamaran 6.2
group,reformist,ceasefire,158,آتش‌بس,6.2,1183,2.186,1.772,Jamaran 6.2
group,reformist,ceasefire,159,اساسی,6.2,222,0.41,0.253,Jamaran 6.2
group,reformist,ceasefire,160,امارات متحده عربی,6.2,97,0.179,0.084,Jamaran 6.2
group,reformist,ceasefire,161,آمریکایی,6.2,1558,2.88,2.426,Jamaran 6.2
group,reformist,ceasefire,162,مسالت,6.2,22,0.041,0.004,Jamaran 6.2
group,reformist,ceasefire,163,طیف,6.2,37,0.068,0.017,Jamaran 6.2
group,reformist,ceasefire,164,حصول,6.2,58,0.107,0.038,Jamaran 6.2
group,reformist,ceasefire,165,فلسفه,6.2,45,0.083,0.025,Jamaran 6.2
group,reformist,ceasefire,166,شبیه,6.2,91,0.168,0.077,Jamaran 6.2
group,reformist,ceasefire,167,پیش‌نویس,6.1,87,0.161,0.072,Jamaran 6.1
group,reformist,ceasefire,168,شکل,6.1,337,0.623,0.424,Jamaran 6.1
group,reformist,ceasefire,169,غنای,6.1,38,0.07,0.018,Jamaran 6.1
group,reformist,ceasefire,170,رادیکال,6.1,24,0.044,0.006,Jamaran 6.1
group,reformist,ceasefire,171,اکثریت,6.1,74,0.137,0.057,Jamaran 6.1
group,reformist,ceasefire,172,کاری,6.1,222,0.41,0.256,Jamaran 6.1
group,reformist,ceasefire,173,هاشمی,6.0,70,0.129,0.053,Jamaran 6.0
group,reformist,ceasefire,174,روبیو,6.0,149,0.275,0.153,Jamaran 6.0
group,reformist,ceasefire,175,درصد,6.0,1041,1.924,1.556,Jamaran 6.0
group,reformist,ceasefire,176,انتظار,6.0,356,0.658,0.456,Jamaran 6.0
group,reformist,ceasefire,177,خارج,6.0,506,0.935,0.69,Jamaran 6.0
group,reformist,ceasefire,178,معنای,6.0,190,0.351,0.211,Jamaran 6.0
group,reformist,ceasefire,179,کاخ سفید,6.0,296,0.547,0.365,Jamaran 6.0
group,reformist,ceasefire,180,باهنر,6.0,34,0.063,0.015,Jamaran 6.0
group,reformist,ceasefire,181,نظام,6.0,583,1.078,0.813,Jamaran 6.0
group,reformist,ceasefire,182,مگر,6.0,94,0.174,0.083,Jamaran 6.0
group,reformist,ceasefire,183,وال استریت ژورنال,6.0,76,0.14,0.061,Jamaran 6.0
group,reformist,ceasefire,184,بسمه,6.0,20,0.037,0.002,Jamaran 6.0
group,reformist,ceasefire,185,مدرسین,5.9,24,0.044,0.007,Jamaran 5.9
group,reformist,ceasefire,186,رفع,5.9,311,0.575,0.389,Jamaran 5.9
group,reformist,ceasefire,187,قطعی,5.9,259,0.479,0.313,Jamaran 5.9
group,reformist,ceasefire,188,احتمال,5.9,433,0.8,0.578,Jamaran 5.9
group,reformist,ceasefire,189,فضای مجازی,5.9,247,0.457,0.296,Jamaran 5.9
group,reformist,ceasefire,190,اختیار,5.9,311,0.575,0.393,Jamaran 5.9
group,reformist,ceasefire,191,بلوکه‌شده,5.8,65,0.12,0.049,Jamaran 5.8
group,reformist,ceasefire,192,تنگه,5.8,283,0.523,0.35,Jamaran 5.8
group,reformist,ceasefire,193,استاد,5.8,138,0.255,0.142,Jamaran 5.8
group,reformist,ceasefire,194,مرحوم,5.8,64,0.118,0.048,Jamaran 5.8
group,reformist,ceasefire,195,امنیت ملی,5.8,371,0.686,0.486,Jamaran 5.8
group,reformist,ceasefire,196,درگذشت,5.8,102,0.189,0.096,Jamaran 5.8
group,reformist,ceasefire,197,قطر,5.8,429,0.793,0.577,Jamaran 5.8
group,reformist,ceasefire,198,جامعه‌شناسی,5.8,19,0.035,0.003,Jamaran 5.8
group,reformist,ceasefire,199,لزوما,5.8,35,0.065,0.018,Jamaran 5.8
group,reformist,ceasefire,200,انتخاب,5.7,323,0.597,0.416,Jamaran 5.7
group,reformist,after_truce_collapse,1,ترامپ,27.5,2162,6.423,3.156,Jamaran 27.5
group,reformist,after_truce_collapse,2,اسرائیل,19.7,1104,3.28,1.621,Jamaran 19.7
group,reformist,after_truce_collapse,3,مذاکره,18.8,512,1.521,0.525,Jamaran 18.8
group,reformist,after_truce_collapse,4,ایالات متحده,18.2,485,1.441,0.5,Jamaran 18.2
group,reformist,after_truce_collapse,5,جنگ,17.8,2396,7.118,4.686,Jamaran 17.8
group,reformist,after_truce_collapse,6,سید حسن خمینی,17.4,176,0.523,0.036,Jamaran 17.4
group,reformist,after_truce_collapse,7,خاتمی,16.8,165,0.49,0.037,Jamaran 16.8
group,reformist,after_truce_collapse,8,مدعی,16.7,525,1.56,0.627,Jamaran 16.7
group,reformist,after_truce_collapse,9,ایران,15.8,6405,19.027,15.32,Jamaran 15.8
group,reformist,after_truce_collapse,10,همسر,14.6,152,0.452,0.073,Jamaran 14.6
group,reformist,after_truce_collapse,11,سیاسی,14.5,862,2.561,1.424,Jamaran 14.5
group,reformist,after_truce_collapse,12,توافق,14.4,611,1.815,0.902,Jamaran 14.4
group,reformist,after_truce_collapse,13,امام خمینی,14.4,268,0.796,0.254,Jamaran 14.4
group,reformist,after_truce_collapse,14,نفوذ,13.6,262,0.778,0.261,Jamaran 13.6
group,reformist,after_truce_collapse,15,ونس,13.6,130,0.386,0.061,Jamaran 13.6
group,reformist,after_truce_collapse,16,مذاکرات,13.6,501,1.488,0.724,Jamaran 13.6
group,reformist,after_truce_collapse,17,آمریکا,13.3,3807,11.31,8.878,Jamaran 13.3
group,reformist,after_truce_collapse,18,روزنامه,13.2,410,1.218,0.545,Jamaran 13.2
group,reformist,after_truce_collapse,19,جامعه,13.2,516,1.533,0.757,Jamaran 13.2
group,reformist,after_truce_collapse,20,تنگه هرمز,13.1,1374,4.082,2.705,Jamaran 13.1
group,reformist,after_truce_collapse,21,ادعای,13.1,420,1.248,0.57,Jamaran 13.1
group,reformist,after_truce_collapse,22,آکسیوس,13.0,108,0.321,0.04,Jamaran 13.0
group,reformist,after_truce_collapse,23,صداوسیما,12.9,211,0.627,0.194,Jamaran 12.9
group,reformist,after_truce_collapse,24,خمینی,12.3,111,0.33,0.055,Jamaran 12.3
group,reformist,after_truce_collapse,25,رئیس‌جمهور,12.1,1283,3.811,2.574,Jamaran 12.1
group,reformist,after_truce_collapse,26,بجنوردی,12.0,101,0.3,0.008,Jamaran 12.0
group,reformist,after_truce_collapse,27,مرحوم,11.8,120,0.356,0.076,Jamaran 11.8
group,reformist,after_truce_collapse,28,تسلیت,11.6,189,0.561,0.19,Jamaran 11.6
group,reformist,after_truce_collapse,29,خرازی,11.4,75,0.223,0.017,Jamaran 11.4
group,reformist,after_truce_collapse,30,اینترنت,11.3,153,0.455,0.136,Jamaran 11.3
group,reformist,after_truce_collapse,31,پزشکیان,11.1,579,1.72,0.995,Jamaran 11.1
group,reformist,after_truce_collapse,32,ادعا,10.9,254,0.755,0.323,Jamaran 10.9
group,reformist,after_truce_collapse,33,آمریکایی,10.8,1317,3.912,2.782,Jamaran 10.8
group,reformist,after_truce_collapse,34,نتانیاهو,10.8,389,1.156,0.601,Jamaran 10.8
group,reformist,after_truce_collapse,35,حمله,10.7,1452,4.313,3.123,Jamaran 10.7
group,reformist,after_truce_collapse,36,ایرانی‌ها,10.7,127,0.377,0.106,Jamaran 10.7
group,reformist,after_truce_collapse,37,دولت,10.7,1569,4.661,3.408,Jamaran 10.7
group,reformist,after_truce_collapse,38,سلاح هسته‌ای,10.6,101,0.3,0.068,Jamaran 10.6
group,reformist,after_truce_collapse,39,لاریجانی,10.6,122,0.362,0.101,Jamaran 10.6
group,reformist,after_truce_collapse,40,صلح,10.6,356,1.058,0.54,Jamaran 10.6
group,reformist,after_truce_collapse,41,هسته‌ای,10.0,291,0.864,0.429,Jamaran 10.0
group,reformist,after_truce_collapse,42,اسرائیلی,9.8,211,0.627,0.276,Jamaran 9.8
group,reformist,after_truce_collapse,43,اجتماعی,9.8,487,1.447,0.854,Jamaran 9.8
group,reformist,after_truce_collapse,44,مرحومه,9.8,57,0.169,0.016,Jamaran 9.8
group,reformist,after_truce_collapse,45,تفاهم‌نامه,9.6,305,0.906,0.465,Jamaran 9.6
group,reformist,after_truce_collapse,46,اطلاعاتی,9.5,203,0.603,0.267,Jamaran 9.5
group,reformist,after_truce_collapse,47,درصد,9.4,678,2.014,1.326,Jamaran 9.4
group,reformist,after_truce_collapse,48,مقامات,9.0,297,0.882,0.473,Jamaran 9.0
group,reformist,after_truce_collapse,49,مسئله,8.8,208,0.618,0.293,Jamaran 8.8
group,reformist,after_truce_collapse,50,فرماندهی مرکزی ایالات متحده,8.8,45,0.134,0.01,Jamaran 8.8
group,reformist,after_truce_collapse,51,بازماندگان,8.7,67,0.199,0.044,Jamaran 8.7
group,reformist,after_truce_collapse,52,درگذشت,8.6,177,0.526,0.235,Jamaran 8.6
group,reformist,after_truce_collapse,53,اصلاحات,8.6,84,0.25,0.071,Jamaran 8.6
group,reformist,after_truce_collapse,54,پیشین,8.6,179,0.532,0.242,Jamaran 8.6
group,reformist,after_truce_collapse,55,نساءالسادات,8.6,45,0.134,0.006,Jamaran 8.6
group,reformist,after_truce_collapse,56,درگیری,8.6,246,0.731,0.381,Jamaran 8.6
group,reformist,after_truce_collapse,57,نفت,8.5,607,1.803,1.208,Jamaran 8.5
group,reformist,after_truce_collapse,58,واشنگتن,8.5,483,1.435,0.912,Jamaran 8.5
group,reformist,after_truce_collapse,59,فیلترینگ,8.5,42,0.125,0.008,Jamaran 8.5
group,reformist,after_truce_collapse,60,قیمت,8.4,442,1.313,0.825,Jamaran 8.4
group,reformist,after_truce_collapse,61,استدلال,8.3,48,0.143,0.022,Jamaran 8.3
group,reformist,after_truce_collapse,62,ظریف,8.2,44,0.131,0.017,Jamaran 8.2
group,reformist,after_truce_collapse,63,سیاست,8.1,232,0.689,0.362,Jamaran 8.1
group,reformist,after_truce_collapse,64,تصمیم,8.1,335,0.995,0.59,Jamaran 8.1
group,reformist,after_truce_collapse,65,کشتی‌ها,8.1,165,0.49,0.226,Jamaran 8.1
group,reformist,after_truce_collapse,66,توافقی,8.1,116,0.345,0.135,Jamaran 8.1
group,reformist,after_truce_collapse,67,کاخ سفید,8.0,150,0.446,0.201,Jamaran 8.0
group,reformist,after_truce_collapse,68,رهبری,8.0,303,0.9,0.525,Jamaran 8.0
group,reformist,after_truce_collapse,69,دیپلمات,7.9,82,0.244,0.077,Jamaran 7.9
group,reformist,after_truce_collapse,70,کیهان,7.9,38,0.113,0.011,Jamaran 7.9
group,reformist,after_truce_collapse,71,آل‌یاسین,7.7,37,0.11,0.004,Jamaran 7.7
group,reformist,after_truce_collapse,72,انتخابات,7.7,208,0.618,0.325,Jamaran 7.7
group,reformist,after_truce_collapse,73,امارات,7.6,210,0.624,0.335,Jamaran 7.6
group,reformist,after_truce_collapse,74,منبع,7.6,164,0.487,0.237,Jamaran 7.6
group,reformist,after_truce_collapse,75,محدود,7.6,187,0.556,0.284,Jamaran 7.6
group,reformist,after_truce_collapse,76,مساله,7.5,73,0.217,0.069,Jamaran 7.5
group,reformist,after_truce_collapse,77,اجر,7.5,33,0.098,0.008,Jamaran 7.5
group,reformist,after_truce_collapse,78,خاندان,7.5,44,0.131,0.025,Jamaran 7.5
group,reformist,after_truce_collapse,79,روبیو,7.4,78,0.232,0.078,Jamaran 7.4
group,reformist,after_truce_collapse,80,وال استریت ژورنال,7.1,60,0.178,0.053,Jamaran 7.1
group,reformist,after_truce_collapse,81,تسلیت عرض,7.1,32,0.095,0.012,Jamaran 7.1
group,reformist,after_truce_collapse,82,عمان,7.0,426,1.266,0.846,Jamaran 7.0
group,reformist,after_truce_collapse,83,گواهینامه,7.0,42,0.125,0.026,Jamaran 7.0
group,reformist,after_truce_collapse,84,دستیابی,7.0,166,0.493,0.258,Jamaran 7.0
group,reformist,after_truce_collapse,85,مجلس,6.9,513,1.524,1.066,Jamaran 6.9
group,reformist,after_truce_collapse,86,حوثی‌ها,6.9,30,0.089,0.01,Jamaran 6.9
group,reformist,after_truce_collapse,87,سابق,6.9,182,0.541,0.293,Jamaran 6.9
group,reformist,after_truce_collapse,88,احتمالا,6.9,98,0.291,0.123,Jamaran 6.9
group,reformist,after_truce_collapse,89,مسائل,6.9,288,0.856,0.53,Jamaran 6.9
group,reformist,after_truce_collapse,90,مطرح,6.9,318,0.945,0.602,Jamaran 6.9
group,reformist,after_truce_collapse,91,ایران‌شناسی,6.8,32,0.095,0.003,Jamaran 6.8
group,reformist,after_truce_collapse,92,فشار,6.8,363,1.078,0.71,Jamaran 6.8
group,reformist,after_truce_collapse,93,حزب,6.8,139,0.413,0.205,Jamaran 6.8
group,reformist,after_truce_collapse,94,موضع,6.8,142,0.422,0.213,Jamaran 6.8
group,reformist,after_truce_collapse,95,درست,6.7,146,0.434,0.222,Jamaran 6.7
group,reformist,after_truce_collapse,96,مخالف,6.7,92,0.273,0.115,Jamaran 6.7
group,reformist,after_truce_collapse,97,تندروها,6.7,28,0.083,0.003,Jamaran 6.7
group,reformist,after_truce_collapse,98,اسرائیلی‌ها,6.7,32,0.095,0.016,Jamaran 6.7
group,reformist,after_truce_collapse,99,فیلتر,6.7,29,0.086,0.011,Jamaran 6.7
group,reformist,after_truce_collapse,100,یادداشتی,6.6,55,0.163,0.05,Jamaran 6.6
group,reformist,after_truce_collapse,101,پیشنهاد,6.6,142,0.422,0.217,Jamaran 6.6
group,reformist,after_truce_collapse,102,بگوید,6.6,50,0.149,0.043,Jamaran 6.6
group,reformist,after_truce_collapse,103,مصلحت,6.6,42,0.125,0.031,Jamaran 6.6
group,reformist,after_truce_collapse,104,کاهش,6.5,737,2.189,1.655,Jamaran 6.5
group,reformist,after_truce_collapse,105,ریاست جمهوری,6.5,103,0.306,0.138,Jamaran 6.5
group,reformist,after_truce_collapse,106,گزینه,6.5,81,0.241,0.098,Jamaran 6.5
group,reformist,after_truce_collapse,107,فقر,6.5,34,0.101,0.02,Jamaran 6.5
group,reformist,after_truce_collapse,108,مسالت,6.4,29,0.086,0.013,Jamaran 6.4
group,reformist,after_truce_collapse,109,ارشد,6.4,198,0.588,0.343,Jamaran 6.4
group,reformist,after_truce_collapse,110,نگران,6.4,95,0.282,0.126,Jamaran 6.4
group,reformist,after_truce_collapse,111,عبور,6.4,493,1.465,1.05,Jamaran 6.4
group,reformist,after_truce_collapse,112,نفتکش‌ها,6.4,49,0.146,0.043,Jamaran 6.4
group,reformist,after_truce_collapse,113,روزنامه‌نگاری,6.4,24,0.071,0.006,Jamaran 6.4
group,reformist,after_truce_collapse,114,اقتصاددان,6.3,37,0.11,0.026,Jamaran 6.3
group,reformist,after_truce_collapse,115,مقام‌های,6.3,156,0.463,0.252,Jamaran 6.3
group,reformist,after_truce_collapse,116,احزاب,6.3,67,0.199,0.075,Jamaran 6.3
group,reformist,after_truce_collapse,117,هزینه,6.3,253,0.752,0.472,Jamaran 6.3
group,reformist,after_truce_collapse,118,احمدی‌نژاد,6.3,24,0.071,0.003,Jamaran 6.3
group,reformist,after_truce_collapse,119,گفتند,6.3,99,0.294,0.136,Jamaran 6.3
group,reformist,after_truce_collapse,120,انصاف,6.3,27,0.08,0.012,Jamaran 6.3
group,reformist,after_truce_collapse,121,زیدآبادی,6.2,37,0.11,0.001,Jamaran 6.2
group,reformist,after_truce_collapse,122,صالحی,6.2,65,0.193,0.073,Jamaran 6.2
group,reformist,after_truce_collapse,123,جناح,6.2,29,0.086,0.015,Jamaran 6.2
group,reformist,after_truce_collapse,124,نوشته,6.2,116,0.345,0.172,Jamaran 6.2
group,reformist,after_truce_collapse,125,عمومی,6.2,309,0.918,0.61,Jamaran 6.2
group,reformist,after_truce_collapse,126,معنای,6.2,155,0.46,0.254,Jamaran 6.2
group,reformist,after_truce_collapse,127,انا,6.2,31,0.092,0.018,Jamaran 6.2
group,reformist,after_truce_collapse,128,کشتیرانی,6.2,149,0.443,0.241,Jamaran 6.2
group,reformist,after_truce_collapse,129,دامت,6.1,22,0.065,0.004,Jamaran 6.1
group,reformist,after_truce_collapse,130,دلار,6.1,265,0.787,0.509,Jamaran 6.1
group,reformist,after_truce_collapse,131,اطلاعات,6.1,406,1.206,0.849,Jamaran 6.1
group,reformist,after_truce_collapse,132,داماد,6.1,46,0.137,0.041,Jamaran 6.1
group,reformist,after_truce_collapse,133,اعتماد,6.1,221,0.657,0.404,Jamaran 6.1
group,reformist,after_truce_collapse,134,عقلانیت,6.1,46,0.137,0.042,Jamaran 6.1
group,reformist,after_truce_collapse,135,تاسف,6.1,37,0.11,0.028,Jamaran 6.1
group,reformist,after_truce_collapse,136,آیت الله,6.1,75,0.223,0.094,Jamaran 6.1
group,reformist,after_truce_collapse,137,فرشاد,6.1,22,0.065,0.006,Jamaran 6.1
group,reformist,after_truce_collapse,138,منافع ملی,6.0,135,0.401,0.214,Jamaran 6.0
group,reformist,after_truce_collapse,139,مکرمه,6.0,29,0.086,0.017,Jamaran 6.0
group,reformist,after_truce_collapse,140,نظامی,6.0,1224,3.636,2.993,Jamaran 6.0
group,reformist,after_truce_collapse,141,شکل,6.0,212,0.63,0.388,Jamaran 6.0
group,reformist,after_truce_collapse,142,حرم مطهر امام خمینی,6.0,21,0.062,0.004,Jamaran 6.0
group,reformist,after_truce_collapse,143,بشکه,6.0,71,0.211,0.087,Jamaran 6.0
group,reformist,after_truce_collapse,144,اکثریت,6.0,51,0.152,0.051,Jamaran 6.0
group,reformist,after_truce_collapse,145,منبع آگاه,6.0,45,0.134,0.041,Jamaran 6.0
group,reformist,after_truce_collapse,146,روحانی,6.0,34,0.101,0.024,Jamaran 6.0
group,reformist,after_truce_collapse,147,وال‌استریت ژورنال,6.0,43,0.128,0.038,Jamaran 6.0
group,reformist,after_truce_collapse,148,سخن,6.0,125,0.371,0.196,Jamaran 6.0
group,reformist,after_truce_collapse,149,فایننشال تایمز,5.9,49,0.146,0.048,Jamaran 5.9
group,reformist,after_truce_collapse,150,تحلیف,5.9,43,0.128,0.038,Jamaran 5.9
group,reformist,after_truce_collapse,151,نگه,5.9,82,0.244,0.109,Jamaran 5.9
group,reformist,after_truce_collapse,152,دیپلماسی,5.9,325,0.965,0.661,Jamaran 5.9
group,reformist,after_truce_collapse,153,محمدعلی,5.9,37,0.11,0.029,Jamaran 5.9
group,reformist,after_truce_collapse,154,عبدالکریم,5.9,25,0.074,0.012,Jamaran 5.9
group,reformist,after_truce_collapse,155,مجمع,5.9,111,0.33,0.167,Jamaran 5.9
group,reformist,after_truce_collapse,156,آتش‌بس,5.9,180,0.535,0.328,Jamaran 5.9
group,reformist,after_truce_collapse,157,فیلترشکن,5.9,30,0.089,0.001,Jamaran 5.9
group,reformist,after_truce_collapse,158,ظاهرا,5.9,45,0.134,0.043,Jamaran 5.9
group,reformist,after_truce_collapse,159,جناب,5.8,65,0.193,0.078,Jamaran 5.8
group,reformist,after_truce_collapse,160,امارات متحده عربی,5.8,40,0.119,0.035,Jamaran 5.8
group,reformist,after_truce_collapse,161,مطهری,5.8,30,0.089,0.02,Jamaran 5.8
group,reformist,after_truce_collapse,162,مطلع,5.8,57,0.169,0.064,Jamaran 5.8
group,reformist,after_truce_collapse,163,شرافتمندانه,5.8,26,0.077,0.014,Jamaran 5.8
group,reformist,after_truce_collapse,164,تضعیف,5.8,143,0.425,0.238,Jamaran 5.8
group,reformist,after_truce_collapse,165,تایید,5.8,238,0.707,0.455,Jamaran 5.8
group,reformist,after_truce_collapse,166,مخالفت,5.8,122,0.362,0.193,Jamaran 5.8
group,reformist,after_truce_collapse,167,مصدق,5.8,35,0.104,0.027,Jamaran 5.8
group,reformist,after_truce_collapse,168,چین,5.7,387,1.15,0.822,Jamaran 5.7
group,reformist,after_truce_collapse,169,داخل,5.7,189,0.561,0.344,Jamaran 5.7
group,reformist,after_truce_collapse,170,صحت,5.7,85,0.253,0.118,Jamaran 5.7
group,reformist,after_truce_collapse,171,بستگان,5.7,24,0.071,0.012,Jamaran 5.7
group,reformist,after_truce_collapse,172,تهدید,5.7,321,0.954,0.663,Jamaran 5.7
group,reformist,after_truce_collapse,173,تحریریه,5.7,22,0.065,0.01,Jamaran 5.7
group,reformist,after_truce_collapse,174,اوباما,5.7,20,0.059,0.007,Jamaran 5.7
group,reformist,after_truce_collapse,175,جلسه,5.7,257,0.763,0.505,Jamaran 5.7
group,reformist,after_truce_collapse,176,احتمال,5.6,239,0.71,0.464,Jamaran 5.6
group,reformist,after_truce_collapse,177,غنی‌سازی,5.6,36,0.107,0.031,Jamaran 5.6
group,reformist,after_truce_collapse,178,تمایل,5.6,52,0.154,0.057,Jamaran 5.6
group,reformist,after_truce_collapse,179,تیم مذاکره‌کننده,5.6,29,0.086,0.02,Jamaran 5.6
group,reformist,after_truce_collapse,180,موشک,5.6,208,0.618,0.4,Jamaran 5.6
group,reformist,after_truce_collapse,181,خاورمیانه,5.6,193,0.573,0.361,Jamaran 5.6
group,reformist,after_truce_collapse,182,نیویورک تایمز,5.6,67,0.199,0.086,Jamaran 5.6
group,reformist,after_truce_collapse,183,تلقی,5.6,67,0.199,0.086,Jamaran 5.6
group,reformist,after_truce_collapse,184,برکاته,5.6,19,0.056,0.006,Jamaran 5.6
group,reformist,after_truce_collapse,185,حقوقدان,5.5,19,0.056,0.006,Jamaran 5.5
group,reformist,after_truce_collapse,186,راجعون,5.5,18,0.053,0.004,Jamaran 5.5
group,reformist,after_truce_collapse,187,کار,5.5,541,1.607,1.227,Jamaran 5.5
group,reformist,after_truce_collapse,188,انتخابات میان‌دوره‌ای,5.5,50,0.149,0.055,Jamaran 5.5
group,reformist,after_truce_collapse,189,مذاکره‌کنندگان,5.5,25,0.074,0.015,Jamaran 5.5
group,reformist,after_truce_collapse,190,نقد,5.5,73,0.217,0.098,Jamaran 5.5
group,reformist,after_truce_collapse,191,میلیون بشکه نفت,5.5,46,0.137,0.048,Jamaran 5.5
group,reformist,after_truce_collapse,192,مبنی,5.5,196,0.582,0.369,Jamaran 5.5
group,reformist,after_truce_collapse,193,ازسرگیری,5.5,64,0.19,0.081,Jamaran 5.5
group,reformist,after_truce_collapse,194,مخالفان,5.5,48,0.143,0.052,Jamaran 5.5
group,reformist,after_truce_collapse,195,کاربران,5.5,94,0.279,0.142,Jamaran 5.5
group,reformist,after_truce_collapse,196,نکرده,5.4,135,0.401,0.23,Jamaran 5.4
group,reformist,after_truce_collapse,197,عاصم منیر,5.4,63,0.187,0.08,Jamaran 5.4
group,reformist,after_truce_collapse,198,کلنگ,5.4,31,0.092,0.024,Jamaran 5.4
group,reformist,after_truce_collapse,199,شمخانی,5.4,17,0.051,0.004,Jamaran 5.4
group,reformist,after_truce_collapse,200,واعظی,5.4,18,0.053,0.006,Jamaran 5.4
channel,IRNA,all,1,جهان,47.9,6664,3.286,1.512,
channel,IRNA,all,2,کشور,34.2,16836,8.303,6.036,
channel,IRNA,all,3,جام جهانی,33.9,2532,1.249,0.498,
channel,IRNA,all,4,رئیس جمهوری آمریکا,31.9,850,0.419,0.033,
channel,IRNA,all,5,توسعه,31.7,2899,1.43,0.655,
channel,IRNA,all,6,فرهنگ,30.5,1550,0.764,0.252,
channel,IRNA,all,7,بین‌المللی,29.3,3764,1.856,1.008,
channel,IRNA,all,8,فرهنگی,28.6,1994,0.983,0.413,
channel,IRNA,all,9,دولت,28.5,7700,3.797,2.547,
channel,IRNA,all,10,هیات,27.0,1307,0.645,0.224,
channel,IRNA,all,11,برخاست,25.8,1789,0.882,0.39,
channel,IRNA,all,12,اقتصادی,25.7,4547,2.242,1.393,
channel,IRNA,all,13,دولت چهاردهم,25.2,568,0.28,0.039,
channel,IRNA,all,14,حوزه,24.8,2438,1.202,0.629,
channel,IRNA,all,15,طلا,24.1,949,0.468,0.152,
channel,IRNA,all,16,دیپلماسی,23.7,2343,1.155,0.615,
channel,IRNA,all,17,وزیر,23.7,5544,2.734,1.85,
channel,IRNA,all,18,سلامت,23.2,1311,0.647,0.272,
channel,IRNA,all,19,گردشگری,23.1,774,0.382,0.112,
channel,IRNA,all,20,موسیقی,23.1,585,0.288,0.061,
channel,IRNA,all,21,ضرورت,22.9,1409,0.695,0.307,
channel,IRNA,all,22,جمهوری اسلامی ایران,22.8,4575,2.256,1.488,
channel,IRNA,all,23,جشنواره,22.1,772,0.381,0.12,
channel,IRNA,all,24,وقت محلی,21.9,466,0.23,0.039,
channel,IRNA,all,25,شبکه اجتماعی ایکس,21.1,516,0.254,0.058,
channel,IRNA,all,26,ارشاد اسلامی,21.0,414,0.204,0.032,
channel,IRNA,all,27,تئاتر,20.9,439,0.216,0.04,
channel,IRNA,all,28,بازار,20.7,2729,1.346,0.82,
channel,IRNA,all,29,رویدادهای,20.6,416,0.205,0.036,
channel,IRNA,all,30,تقویت,20.5,2077,1.024,0.577,
channel,IRNA,all,31,معاون,20.4,4133,2.038,1.379,
channel,IRNA,all,32,همکاری‌های,20.3,916,0.452,0.181,
channel,IRNA,all,33,جهانی,20.2,3326,1.64,1.063,
channel,IRNA,all,34,سازمان ملل,20.1,1285,0.634,0.303,
channel,IRNA,all,35,هزار,19.9,4688,2.312,1.623,
channel,IRNA,all,36,سفیر,19.8,1066,0.526,0.234,
channel,IRNA,all,37,علمی,19.6,1334,0.658,0.326,
channel,IRNA,all,38,میلیارد تومان,19.6,783,0.386,0.147,
channel,IRNA,all,39,امور,19.4,1587,0.783,0.418,
channel,IRNA,all,40,سکه,19.4,389,0.192,0.037,
channel,IRNA,all,41,گفت‌وگو,19.3,4354,2.147,1.503,
channel,IRNA,all,42,مهم‌ترین,19.2,1474,0.727,0.382,
channel,IRNA,all,43,هنر,19.0,642,0.317,0.109,
channel,IRNA,all,44,روابط,19.0,1691,0.834,0.463,
channel,IRNA,all,45,انگلیس,19.0,1507,0.743,0.397,
channel,IRNA,all,46,رئیس‌جمهور,19.0,6985,3.445,2.622,
channel,IRNA,all,47,حقوق بین‌الملل,18.6,922,0.455,0.2,
channel,IRNA,all,48,صنعت,18.3,1328,0.655,0.342,
channel,IRNA,all,49,سازمان ملل متحد,18.2,614,0.303,0.108,
channel,IRNA,all,50,فناوری,18.2,1183,0.583,0.293,
channel,IRNA,all,51,کتاب,18.1,861,0.425,0.186,
channel,IRNA,all,52,پیامی,18.1,1378,0.68,0.364,
channel,IRNA,all,53,جمهوری,17.9,952,0.469,0.218,
channel,IRNA,all,54,بدرقه,17.7,1993,0.983,0.599,
channel,IRNA,all,55,اجتماعی,17.7,2171,1.071,0.667,
channel,IRNA,all,56,وزارت امور خارجه,17.7,1003,0.495,0.238,
channel,IRNA,all,57,مهم‌ترین خبرهای,17.5,268,0.132,0.007,
channel,IRNA,all,58,برنامه,17.3,2511,1.238,0.808,
channel,IRNA,all,59,اجرای,17.0,2605,1.285,0.851,
channel,IRNA,all,60,خبرنگاران,17.0,1005,0.496,0.246,
channel,IRNA,all,61,کاهش,17.0,3696,1.823,1.297,
channel,IRNA,all,62,کشورهای,16.7,3290,1.622,1.136,
channel,IRNA,all,63,صندوق‌های,16.7,279,0.138,0.025,
channel,IRNA,all,64,بقائی,16.6,1412,0.696,0.398,
channel,IRNA,all,65,مشترک,16.6,1835,0.905,0.558,
channel,IRNA,all,66,تحولات,16.5,1766,0.871,0.533,
channel,IRNA,all,67,شبکه ایکس,16.4,459,0.226,0.076,
channel,IRNA,all,68,ورزشی,16.4,632,0.312,0.129,
channel,IRNA,all,69,ملی,16.3,3897,1.922,1.399,
channel,IRNA,all,70,وزیران,16.2,440,0.217,0.072,
channel,IRNA,all,71,محیط زیست,16.0,404,0.199,0.063,
channel,IRNA,all,72,زنان,16.0,826,0.407,0.196,
channel,IRNA,all,73,سهام,16.0,669,0.33,0.144,
channel,IRNA,all,74,انتقاد,16.0,900,0.444,0.222,
channel,IRNA,all,75,بهای,15.9,489,0.241,0.088,
channel,IRNA,all,76,پژوهشگران,15.9,268,0.132,0.027,
channel,IRNA,all,77,آیین,15.7,998,0.492,0.259,
channel,IRNA,all,78,طبیعی,15.7,828,0.408,0.2,
channel,IRNA,all,79,میراث,15.6,505,0.249,0.096,
channel,IRNA,all,80,آسیا,15.6,999,0.493,0.262,
channel,IRNA,all,81,اوکراین,15.5,1476,0.728,0.438,
channel,IRNA,all,82,دیدار,15.3,3315,1.635,1.184,
channel,IRNA,all,83,صلح,15.2,2078,1.025,0.679,
channel,IRNA,all,84,اصلاح,15.2,934,0.461,0.243,
channel,IRNA,all,85,روزنامه‌های,15.1,303,0.149,0.04,
channel,IRNA,all,86,کشاورزی,15.1,703,0.347,0.164,
channel,IRNA,all,87,حقوقی,15.0,1101,0.543,0.306,
channel,IRNA,all,88,مجلس شورای اسلامی,15.0,578,0.285,0.123,
channel,IRNA,all,89,مساله,15.0,421,0.208,0.075,
channel,IRNA,all,90,پرسشی,15.0,216,0.107,0.018,
channel,IRNA,all,91,آثار,14.8,888,0.438,0.231,
channel,IRNA,all,92,ناشران,14.8,185,0.091,0.01,
channel,IRNA,all,93,تداوم,14.8,2009,0.991,0.66,
channel,IRNA,all,94,تاریخی,14.7,1833,0.904,0.592,
channel,IRNA,all,95,افزایش,14.7,5719,2.82,2.236,
channel,IRNA,all,96,موضوع,14.6,2892,1.426,1.024,
channel,IRNA,all,97,زیستی,14.5,218,0.108,0.021,
channel,IRNA,all,98,رویکرد,14.4,955,0.471,0.26,
channel,IRNA,all,99,درمان,14.3,739,0.364,0.184,
channel,IRNA,all,100,معاملات,14.2,550,0.271,0.121,
channel,IRNA,all,101,اذان ظهر,14.2,217,0.107,0.003,
channel,IRNA,all,102,ظرفیت‌های,14.2,721,0.356,0.179,
channel,IRNA,all,103,اتحادیه اروپا,14.1,761,0.375,0.194,
channel,IRNA,all,104,پیامدهای,14.1,1048,0.517,0.298,
channel,IRNA,all,105,دوشنبه,14.1,952,0.469,0.262,
channel,IRNA,all,106,عملکرد,14.1,912,0.45,0.248,
channel,IRNA,all,107,محورهای,14.0,583,0.288,0.134,
channel,IRNA,all,108,سازمان,14.0,3165,1.561,1.155,
channel,IRNA,all,109,سرمایه,13.9,873,0.431,0.236,
channel,IRNA,all,110,روسیه,13.8,3427,1.69,1.27,
channel,IRNA,all,111,مسکو,13.8,671,0.331,0.165,
channel,IRNA,all,112,قهرمانی,13.8,794,0.392,0.209,
channel,IRNA,all,113,شنبه,13.7,1218,0.601,0.367,
channel,IRNA,all,114,هنری,13.7,444,0.219,0.091,
channel,IRNA,all,115,تیم ملی,13.7,1495,0.737,0.476,
channel,IRNA,all,116,اجلاس,13.7,432,0.213,0.087,
channel,IRNA,all,117,اربعین,13.6,1543,0.761,0.495,
channel,IRNA,all,118,تشدید,13.6,1450,0.715,0.459,
channel,IRNA,all,119,دیپلماتیک,13.5,1411,0.696,0.444,
channel,IRNA,all,120,گسترش,13.5,1275,0.629,0.392,
channel,IRNA,all,121,شاخص,13.5,805,0.397,0.216,
channel,IRNA,all,122,تامین,13.5,2831,1.396,1.027,
channel,IRNA,all,123,ادبیات,13.4,374,0.184,0.071,
channel,IRNA,all,124,سرمایه‌گذاری,13.4,690,0.34,0.176,
channel,IRNA,all,125,ناگویا,13.4,163,0.08,0.012,
channel,IRNA,all,126,نگاه,13.3,1196,0.59,0.364,
channel,IRNA,all,127,تجاوزکارانه,13.3,653,0.322,0.164,
channel,IRNA,all,128,لندن,13.3,447,0.22,0.095,
channel,IRNA,all,129,آموزش,13.2,1001,0.494,0.292,
channel,IRNA,all,130,انسانی,13.1,1092,0.539,0.327,
channel,IRNA,all,131,اجرایی,13.1,993,0.49,0.29,
channel,IRNA,all,132,حقوق بشر,13.1,500,0.247,0.113,
channel,IRNA,all,133,حزب,13.1,721,0.356,0.19,
channel,IRNA,all,134,یونسکو,13.1,237,0.117,0.033,
channel,IRNA,all,135,میراث فرهنگی,13.1,299,0.147,0.051,
channel,IRNA,all,136,بشردوستانه,13.0,401,0.198,0.082,
channel,IRNA,all,137,وزیر امور خارجه,12.9,2728,1.345,0.996,
channel,IRNA,all,138,بریکس,12.8,357,0.176,0.069,
channel,IRNA,all,139,اهمیت,12.8,1061,0.523,0.32,
channel,IRNA,all,140,سفر,12.8,2312,1.14,0.825,
channel,IRNA,all,141,مازندران,12.8,809,0.399,0.225,
channel,IRNA,all,142,تجارت,12.8,941,0.464,0.275,
channel,IRNA,all,143,خبری,12.7,1598,0.788,0.533,
channel,IRNA,all,144,تیم,12.7,1831,0.903,0.628,
channel,IRNA,all,145,سیدعباس صالحی,12.6,133,0.066,0.005,
channel,IRNA,all,146,پول حقیقی‌ها,12.6,133,0.066,0.005,
channel,IRNA,all,147,پیشگیری,12.6,296,0.146,0.052,
channel,IRNA,all,148,شهرسازی,12.5,431,0.213,0.095,
channel,IRNA,all,149,وزیر کشور,12.5,344,0.17,0.067,
channel,IRNA,all,150,بودجه,12.5,871,0.43,0.252,
channel,IRNA,all,151,یکشنبه,12.5,842,0.415,0.241,
channel,IRNA,all,152,مسوولان,12.4,129,0.064,0.006,
channel,IRNA,all,153,گفت‌وگوی,12.3,531,0.262,0.13,
channel,IRNA,all,154,صندوق‌های درآمد ثابت,12.3,127,0.063,0.005,
channel,IRNA,all,155,زمینه,12.3,1258,0.62,0.404,
channel,IRNA,all,156,چالش‌های,12.3,427,0.211,0.096,
channel,IRNA,all,157,معدن,12.3,333,0.164,0.065,
channel,IRNA,all,158,بورس,12.3,785,0.387,0.222,
channel,IRNA,all,159,روس,12.3,274,0.135,0.048,
channel,IRNA,all,160,بررسی,12.2,2598,1.281,0.959,
channel,IRNA,all,161,پیشکسوت,12.2,197,0.097,0.026,
channel,IRNA,all,162,آب,12.1,1709,0.843,0.588,
channel,IRNA,all,163,هشت,12.1,437,0.216,0.1,
channel,IRNA,all,164,علوم,12.1,839,0.414,0.244,
channel,IRNA,all,165,صندوق‌های سهامی,12.1,122,0.06,0.005,
channel,IRNA,all,166,طلای,12.1,406,0.2,0.09,
channel,IRNA,all,167,بازی‌های,12.1,379,0.187,0.081,
channel,IRNA,all,168,مرداد,12.1,815,0.402,0.236,
channel,IRNA,all,169,ارزش,12.1,994,0.49,0.304,
channel,IRNA,all,170,مدیرکل,12.0,843,0.416,0.247,
channel,IRNA,all,171,ارز,12.0,1030,0.508,0.318,
channel,IRNA,all,172,شهاب,11.9,141,0.07,0.013,
channel,IRNA,all,173,انرژی,11.8,2494,1.23,0.923,
channel,IRNA,all,174,دبیرکل,11.8,971,0.479,0.298,
channel,IRNA,all,175,بیانیه‌ای,11.8,737,0.363,0.209,
channel,IRNA,all,176,واشنگتن,11.8,2379,1.173,0.876,
channel,IRNA,all,177,اقتصاد,11.8,1881,0.928,0.667,
channel,IRNA,all,178,بهداشت,11.7,508,0.251,0.127,
channel,IRNA,all,179,ثبات,11.7,1308,0.645,0.433,
channel,IRNA,all,180,امنیت غذایی,11.7,261,0.129,0.047,
channel,IRNA,all,181,هنرمندان,11.7,458,0.226,0.111,
channel,IRNA,all,182,معاملات امروز,11.7,145,0.072,0.014,
channel,IRNA,all,183,اصول,11.7,657,0.324,0.181,
channel,IRNA,all,184,پزشکی,11.7,885,0.436,0.267,
channel,IRNA,all,185,آمریکای لاتین,11.7,138,0.068,0.013,
channel,IRNA,all,186,سال,11.6,6026,2.972,2.488,
channel,IRNA,all,187,مطرح,11.6,1641,0.809,0.57,
channel,IRNA,all,188,خصوصی,11.6,584,0.288,0.156,
channel,IRNA,all,189,ارایه,11.6,121,0.06,0.009,
channel,IRNA,all,190,سیاست‌های,11.6,875,0.432,0.264,
channel,IRNA,all,191,صنایع دستی,11.6,149,0.073,0.016,
channel,IRNA,all,192,مدیریت,11.6,2561,1.263,0.959,
channel,IRNA,all,193,اروپا,11.5,1359,0.67,0.456,
channel,IRNA,all,194,یک‌هزار,11.5,124,0.061,0.01,
channel,IRNA,all,195,اقلیمی,11.4,136,0.067,0.013,
channel,IRNA,all,196,هنرهای,11.4,135,0.067,0.013,
channel,IRNA,all,197,رییس‌جمهور,11.4,148,0.073,0.016,
channel,IRNA,all,198,سفیر ایران,11.4,363,0.179,0.081,
channel,IRNA,all,199,افت,11.4,367,0.181,0.082,
channel,IRNA,all,200,پایدار,11.4,1137,0.561,0.369,
channel,IRIB News,all,1,آژیرها,21.0,236,0.248,0.037,
channel,IRIB News,all,2,سرزمین‌های اشغالی,20.6,832,0.874,0.384,
channel,IRIB News,all,3,صداوسیما,20.1,469,0.493,0.163,
channel,IRIB News,all,4,ساعت,18.3,2353,2.472,1.63,
channel,IRIB News,all,5,هشدار نارنجی,17.1,144,0.151,0.02,
channel,IRIB News,all,6,روزنامه‌های,16.6,203,0.213,0.048,
channel,IRIB News,all,7,موج,16.5,1031,1.083,0.61,
channel,IRIB News,all,8,سازمان هواشناسی,16.3,242,0.254,0.07,
channel,IRIB News,all,9,ثبت‌نام,16.1,516,0.542,0.24,
channel,IRIB News,all,10,پناهگاه بروند,16.1,108,0.113,0.008,
channel,IRIB News,all,11,میدان,16.0,2266,2.381,1.648,
channel,IRIB News,all,12,شمال,15.8,1260,1.324,0.808,
channel,IRIB News,all,13,آزمون,15.4,468,0.492,0.217,
channel,IRIB News,all,14,تجمعات شبانه,14.6,170,0.179,0.044,
channel,IRIB News,all,15,سامانه,14.5,795,0.835,0.47,
channel,IRIB News,all,16,استان‌های,14.0,524,0.551,0.275,
channel,IRIB News,all,17,برآوردهای جمعیتی,14.0,82,0.086,0.004,
channel,IRIB News,all,18,ارسالی,14.0,109,0.115,0.018,
channel,IRIB News,all,19,وزش باد شدید,13.5,257,0.27,0.101,
channel,IRIB News,all,20,کارشناس مسائل بین‌الملل,13.2,98,0.103,0.017,
channel,IRIB News,all,21,بای,13.1,78,0.082,0.002,
channel,IRIB News,all,22,مراجعه,12.9,384,0.403,0.19,
channel,IRIB News,all,23,مهلت,12.7,286,0.3,0.126,
channel,IRIB News,all,24,فارین پالیسی,12.7,74,0.078,0.008,
channel,IRIB News,all,25,موشک,12.2,1153,1.211,0.817,
channel,IRIB News,all,26,آمریکا,12.1,10650,11.189,9.875,
channel,IRIB News,all,27,سوخت,12.0,708,0.744,0.451,
channel,IRIB News,all,28,ارتش‌اشغالگران,11.9,66,0.069,0.002,
channel,IRIB News,all,29,جنگ,11.8,6963,7.316,6.282,
channel,IRIB News,all,30,شب,11.8,1368,1.437,1.014,
channel,IRIB News,all,31,صدا,11.7,430,0.452,0.239,
channel,IRIB News,all,32,مسکن,11.7,399,0.419,0.216,
channel,IRIB News,all,33,ترامپ,11.7,5279,5.546,4.663,
channel,IRIB News,all,34,موشک‌ها,11.7,375,0.394,0.199,
channel,IRIB News,all,35,اشغالگران,11.6,272,0.286,0.127,
channel,IRIB News,all,36,ثبت,11.5,992,1.042,0.698,
channel,IRIB News,all,37,صهیونی,11.4,979,1.029,0.688,
channel,IRIB News,all,38,شلیک,11.3,789,0.829,0.531,
channel,IRIB News,all,39,تحصیلی,11.1,175,0.184,0.068,
channel,IRIB News,all,40,کاردانی,11.0,59,0.062,0.008,
channel,IRIB News,all,41,میدان نبوت,11.0,81,0.085,0.018,
channel,IRIB News,all,42,تنگه هرمز,10.9,3082,3.238,2.618,
channel,IRIB News,all,43,انتخاب رشته,10.9,76,0.08,0.016,
channel,IRIB News,all,44,دانشجویان,10.9,417,0.438,0.241,
channel,IRIB News,all,45,فایننشال تایمز,10.8,164,0.172,0.064,
channel,IRIB News,all,46,ارتفاعات,10.7,306,0.321,0.16,
channel,IRIB News,all,47,اصابت,10.7,1137,1.195,0.843,
channel,IRIB News,all,48,تروریست‌های,10.5,246,0.258,0.121,
channel,IRIB News,all,49,میدل ایست,10.5,73,0.077,0.016,
channel,IRIB News,all,50,موشکی,10.4,948,0.996,0.688,
channel,IRIB News,all,51,میادین,10.4,283,0.297,0.148,
channel,IRIB News,all,52,مرکز,10.3,1363,1.432,1.055,
channel,IRIB News,all,53,آذربایجان غربی,10.3,174,0.183,0.074,
channel,IRIB News,all,54,دکتری,10.2,103,0.108,0.032,
channel,IRIB News,all,55,ارتش,10.2,2488,2.614,2.094,
channel,IRIB News,all,56,آمریکایی,10.2,3742,3.932,3.285,
channel,IRIB News,all,57,نیمسال,10.2,93,0.098,0.027,
channel,IRIB News,all,58,الله اکبر,10.2,164,0.172,0.068,
channel,IRIB News,all,59,موشکباران,10.2,107,0.112,0.034,
channel,IRIB News,all,60,میدان‌داری,10.1,89,0.094,0.025,
channel,IRIB News,all,61,مصرف,10.1,723,0.76,0.503,
channel,IRIB News,all,62,تروریست‌ها,10.0,215,0.226,0.103,
channel,IRIB News,all,63,موشک‌های,10.0,871,0.915,0.631,
channel,IRIB News,all,64,داوطلبان,9.9,190,0.2,0.087,
channel,IRIB News,all,65,شبکه,9.8,1826,1.918,1.494,
channel,IRIB News,all,66,آذربایجان شرقی,9.7,195,0.205,0.092,
channel,IRIB News,all,67,غرب,9.7,776,0.815,0.556,
channel,IRIB News,all,68,آزمون‌های,9.7,143,0.15,0.058,
channel,IRIB News,all,69,برق,9.7,1027,1.079,0.775,
channel,IRIB News,all,70,رودخانه‌ها,9.7,73,0.077,0.019,
channel,IRIB News,all,71,جنوب,9.6,1149,1.207,0.886,
channel,IRIB News,all,72,بینی,9.6,198,0.208,0.096,
channel,IRIB News,all,73,مردم,9.6,6335,6.656,5.851,
channel,IRIB News,all,74,هزار,9.6,2085,2.191,1.746,
channel,IRIB News,all,75,اژدهایی,9.5,40,0.042,0.001,
channel,IRIB News,all,76,سازمان سنجش آموزش کشور,9.5,87,0.091,0.027,
channel,IRIB News,all,77,دانشگاه آزاد اسلامی,9.4,90,0.095,0.028,
channel,IRIB News,all,78,تلگراف,9.4,91,0.096,0.029,
channel,IRIB News,all,79,آسمان,9.4,594,0.624,0.408,
channel,IRIB News,all,80,جنگ تحمیلی,9.4,686,0.721,0.486,
channel,IRIB News,all,81,ستون دود,9.3,73,0.077,0.02,
channel,IRIB News,all,82,رگبار,9.3,169,0.178,0.078,
channel,IRIB News,all,83,روابط عمومی سپاه,9.3,234,0.246,0.124,
channel,IRIB News,all,84,سامانه بارشی,9.2,113,0.119,0.043,
channel,IRIB News,all,85,بسم الله الرحمن الرحیم,9.2,193,0.203,0.095,
channel,IRIB News,all,86,گاز,9.2,584,0.614,0.403,
channel,IRIB News,all,87,بحرین,9.2,653,0.686,0.462,
channel,IRIB News,all,88,انقلاب,9.1,1545,1.623,1.261,
channel,IRIB News,all,89,رگبار باران,9.1,103,0.108,0.038,
channel,IRIB News,all,90,کارت,9.0,288,0.303,0.167,
channel,IRIB News,all,91,شرق,9.0,689,0.724,0.497,
channel,IRIB News,all,92,گاردین,9.0,166,0.174,0.079,
channel,IRIB News,all,93,وال استریت ژورنال,8.9,154,0.162,0.071,
channel,IRIB News,all,94,ناسالم,8.9,73,0.077,0.022,
channel,IRIB News,all,95,تهران,8.8,4259,4.475,3.872,
channel,IRIB News,all,96,وبگاه,8.8,108,0.113,0.042,
channel,IRIB News,all,97,وزارت آموزش‌وپرورش,8.8,128,0.134,0.055,
channel,IRIB News,all,98,سازمان سنجش,8.8,83,0.087,0.027,
channel,IRIB News,all,99,آتش,8.8,770,0.809,0.572,
channel,IRIB News,all,100,عواقب,8.7,119,0.125,0.049,
channel,IRIB News,all,101,اکونومیست,8.7,94,0.099,0.034,
channel,IRIB News,all,102,کشف,8.7,538,0.565,0.373,
channel,IRIB News,all,103,بارش برف,8.7,147,0.154,0.068,
channel,IRIB News,all,104,ناپیوسته,8.7,46,0.048,0.009,
channel,IRIB News,all,105,صادقیه,8.6,69,0.072,0.02,
channel,IRIB News,all,106,ایندیپندنت,8.6,67,0.07,0.019,
channel,IRIB News,all,107,شنیده,8.6,704,0.74,0.518,
channel,IRIB News,all,108,نیویورک تایمز,8.5,209,0.22,0.113,
channel,IRIB News,all,109,پست,8.5,289,0.304,0.173,
channel,IRIB News,all,110,آباد,8.5,137,0.144,0.062,
channel,IRIB News,all,111,کاهش کیفیت هوا,8.5,51,0.054,0.012,
channel,IRIB News,all,112,خلیج,8.4,135,0.142,0.061,
channel,IRIB News,all,113,قیمت بنزین,8.4,224,0.235,0.125,
channel,IRIB News,all,114,خراسان رضوی,8.4,182,0.191,0.094,
channel,IRIB News,all,115,استعدادهای درخشان,8.3,50,0.053,0.012,
channel,IRIB News,all,116,طنین,8.3,127,0.133,0.057,
channel,IRIB News,all,117,اردیبهشت,8.2,466,0.49,0.321,
channel,IRIB News,all,118,مسلح,8.2,359,0.377,0.233,
channel,IRIB News,all,119,تسهیلات,8.2,296,0.311,0.182,
channel,IRIB News,all,120,دامنه‌های جنوبی البرز,8.2,57,0.06,0.016,
channel,IRIB News,all,121,باخبرنگار,8.2,52,0.055,0.0,
channel,IRIB News,all,122,آزمون دکتری,8.1,56,0.059,0.015,
channel,IRIB News,all,123,هواشناسی,8.1,247,0.26,0.145,
channel,IRIB News,all,124,قیمت,8.1,1324,1.391,1.092,
channel,IRIB News,all,125,شصت,8.1,76,0.08,0.026,
channel,IRIB News,all,126,میلیون,8.0,1171,1.23,0.953,
channel,IRIB News,all,127,هشدار,8.0,1229,1.291,1.006,
channel,IRIB News,all,128,عملیات وعده صادق,8.0,211,0.222,0.12,
channel,IRIB News,all,129,پونک,7.9,39,0.041,0.008,
channel,IRIB News,all,130,میهمانی,7.9,35,0.037,0.006,
channel,IRIB News,all,131,مقدمه,7.9,58,0.061,0.017,
channel,IRIB News,all,132,مجازی,7.9,277,0.291,0.171,
channel,IRIB News,all,133,سراسری,7.9,216,0.227,0.124,
channel,IRIB News,all,134,نیروهای مسلح,7.9,1158,1.217,0.946,
channel,IRIB News,all,135,هاآرتص,7.9,126,0.132,0.059,
channel,IRIB News,all,136,مدیرعامل شرکت,7.9,169,0.178,0.09,
channel,IRIB News,all,137,ودیعه مسکن,7.8,61,0.064,0.019,
channel,IRIB News,all,138,بهمن,7.8,543,0.57,0.396,
channel,IRIB News,all,139,سواستفاده,7.7,34,0.036,0.006,
channel,IRIB News,all,140,خروش,7.7,88,0.092,0.035,
channel,IRIB News,all,141,البرز,7.7,297,0.312,0.19,
channel,IRIB News,all,142,متقاضی,7.7,86,0.09,0.034,
channel,IRIB News,all,143,هیل,7.7,57,0.06,0.017,
channel,IRIB News,all,144,درسی,7.7,120,0.126,0.056,
channel,IRIB News,all,145,سخنگوی ارشد نیروهای مسلح,7.7,54,0.057,0.016,
channel,IRIB News,all,146,مدارس,7.6,486,0.511,0.349,
channel,IRIB News,all,147,دانشگاه,7.6,769,0.808,0.598,
channel,IRIB News,all,148,بنزین,7.6,385,0.404,0.263,
channel,IRIB News,all,149,نیروی دریایی سپاه,7.6,351,0.369,0.236,
channel,IRIB News,all,150,رعد,7.5,150,0.158,0.078,
channel,IRIB News,all,151,تره‌بار,7.4,61,0.064,0.02,
channel,IRIB News,all,152,فروند پهپاد,7.4,229,0.241,0.139,
channel,IRIB News,all,153,گازوئیل,7.4,104,0.109,0.047,
channel,IRIB News,all,154,تایمز,7.4,156,0.164,0.084,
channel,IRIB News,all,155,پهپادهای,7.4,425,0.447,0.301,
channel,IRIB News,all,156,عینی,7.4,130,0.137,0.066,
channel,IRIB News,all,157,امیر سرتیپ,7.3,81,0.085,0.033,
channel,IRIB News,all,158,احتکار,7.3,90,0.095,0.039,
channel,IRIB News,all,159,پایگاه,7.3,1166,1.225,0.971,
channel,IRIB News,all,160,سخنگوی قرارگاه مرکزی خاتم‌الانبیا,7.3,64,0.067,0.023,
channel,IRIB News,all,161,تن,7.3,550,0.578,0.412,
channel,IRIB News,all,162,درصد,7.2,1645,1.728,1.428,
channel,IRIB News,all,163,تل‌آویو,7.1,663,0.697,0.515,
channel,IRIB News,all,164,حماسی,7.1,205,0.215,0.124,
channel,IRIB News,all,165,وزش باد,7.1,161,0.169,0.09,
channel,IRIB News,all,166,رهبر,7.0,1558,1.637,1.349,
channel,IRIB News,all,167,رعدوبرق,7.0,90,0.095,0.04,
channel,IRIB News,all,168,ورود سامانه بارشی,7.0,55,0.058,0.019,
channel,IRIB News,all,169,مترو,7.0,225,0.236,0.14,
channel,IRIB News,all,170,لیتر,7.0,118,0.124,0.059,
channel,IRIB News,all,171,فراجا,7.0,231,0.243,0.145,
channel,IRIB News,all,172,سمپاد,7.0,57,0.06,0.02,
channel,IRIB News,all,173,دیدن,6.9,138,0.145,0.074,
channel,IRIB News,all,174,صدای انفجارهای,6.9,138,0.145,0.074,
channel,IRIB News,all,175,سربازان گمنام امام زمان,6.9,165,0.173,0.094,
channel,IRIB News,all,176,تجمعات,6.9,243,0.255,0.156,
channel,IRIB News,all,177,سازمان,6.9,1424,1.496,1.227,
channel,IRIB News,all,178,صرفه‌جویی,6.9,119,0.125,0.061,
channel,IRIB News,all,179,بارندگی,6.9,83,0.087,0.036,
channel,IRIB News,all,180,مانیتور,6.9,34,0.036,0.008,
channel,IRIB News,all,181,خبرهای,6.9,69,0.072,0.027,
channel,IRIB News,all,182,الغدیر,6.9,36,0.038,0.009,
channel,IRIB News,all,183,تکمیلی,6.9,172,0.181,0.1,
channel,IRIB News,all,184,باران,6.9,241,0.253,0.155,
channel,IRIB News,all,185,دانش آموزان,6.9,125,0.131,0.066,
channel,IRIB News,all,186,خودرو,6.8,467,0.491,0.347,
channel,IRIB News,all,187,شهرسازی,6.8,190,0.2,0.115,
channel,IRIB News,all,188,کنترل,6.8,894,0.939,0.733,
channel,IRIB News,all,189,افزایش,6.8,2576,2.706,2.342,
channel,IRIB News,all,190,میدان تجریش,6.8,70,0.074,0.028,
channel,IRIB News,all,191,میدل‌ایست,6.8,27,0.028,0.005,
channel,IRIB News,all,192,هم‌اکنون,6.8,266,0.279,0.177,
channel,IRIB News,all,193,سردسیر,6.7,33,0.035,0.008,
channel,IRIB News,all,194,هفتاد,6.7,76,0.08,0.033,
channel,IRIB News,all,195,دیشب,6.7,152,0.16,0.087,
channel,IRIB News,all,196,تحصیلات تکمیلی,6.7,47,0.049,0.015,
channel,IRIB News,all,197,کاربر,6.7,77,0.081,0.033,
channel,IRIB News,all,198,استان,6.7,1981,2.081,1.77,
channel,IRIB News,all,199,رئیس قوه قضائیه,6.6,76,0.08,0.033,
channel,IRIB News,all,200,نیروهای مسلح جمهوری اسلامی ایران,6.6,153,0.161,0.088,
channel,Mehr News,all,1,تهران,25.5,6478,5.28,3.699,
channel,Mehr News,all,2,اینستاگرام,24.1,361,0.294,0.044,
channel,Mehr News,all,3,آگاه,22.8,631,0.514,0.164,
channel,Mehr News,all,4,اجتماع,21.7,696,0.567,0.207,
channel,Mehr News,all,5,مشهد,21.3,1049,0.855,0.392,
channel,Mehr News,all,6,پویش,20.9,445,0.363,0.101,
channel,Mehr News,all,7,استان,20.2,3097,2.524,1.676,
channel,Mehr News,all,8,شهدای,19.9,1539,1.254,0.699,
channel,Mehr News,all,9,رهبر شهید,19.3,1821,1.484,0.884,
channel,Mehr News,all,10,سوگ,18.9,418,0.341,0.106,
channel,Mehr News,all,11,اورژانس,18.7,539,0.439,0.164,
channel,Mehr News,all,12,توئیتر,18.7,193,0.157,0.018,
channel,Mehr News,all,13,ایتا,18.2,237,0.193,0.036,
channel,Mehr News,all,14,میدان,17.8,2891,2.356,1.622,
channel,Mehr News,all,15,مراسم,17.7,1792,1.461,0.906,
channel,Mehr News,all,16,جانفدا,17.2,242,0.197,0.044,
channel,Mehr News,all,17,شهادت,16.9,2456,2.002,1.361,
channel,Mehr News,all,18,مراسم تشییع پیکر,16.7,296,0.241,0.069,
channel,Mehr News,all,19,میناب,16.7,906,0.738,0.387,
channel,Mehr News,all,20,تجمع,16.5,969,0.79,0.426,
channel,Mehr News,all,21,جنگ رمضان,16.5,691,0.563,0.269,
channel,Mehr News,all,22,عزاداری,16.2,504,0.411,0.173,
channel,Mehr News,all,23,مردم,16.0,8554,6.972,5.76,
channel,Mehr News,all,24,جشن,16.0,391,0.319,0.119,
channel,Mehr News,all,25,شهرستان,15.8,1167,0.951,0.559,
channel,Mehr News,all,26,مهمونی کیلومتری غدیر,15.7,224,0.183,0.002,
channel,Mehr News,all,27,آیه‌ها,15.4,122,0.099,0.007,
channel,Mehr News,all,28,تداوم نقض آتش بس,15.0,166,0.135,0.002,
channel,Mehr News,all,29,راهپیمایی,15.0,617,0.503,0.247,
channel,Mehr News,all,30,ایرانسل,14.7,139,0.113,0.018,
channel,Mehr News,all,31,انقلاب,14.7,2145,1.748,1.223,
channel,Mehr News,all,32,رهبر شهید انقلاب,14.6,1655,1.349,0.897,
channel,Mehr News,all,33,خونخواهی,14.3,370,0.302,0.122,
channel,Mehr News,all,34,شهر,14.3,2491,2.03,1.471,
channel,Mehr News,all,35,سازمان تبلیغات اسلامی,14.3,107,0.087,0.004,
channel,Mehr News,all,36,حال‌وهوای,13.9,345,0.281,0.114,
channel,Mehr News,all,37,امام رضا,13.8,406,0.331,0.146,
channel,Mehr News,all,38,صدای انفجار,13.7,608,0.496,0.259,
channel,Mehr News,all,39,استاندار,13.6,559,0.456,0.232,
channel,Mehr News,all,40,جاماندگان اربعین,13.6,144,0.117,0.025,
channel,Mehr News,all,41,هلال احمر,13.3,258,0.21,0.076,
channel,Mehr News,all,42,بانک صادرات ایران,13.3,172,0.14,0.037,
channel,Mehr News,all,43,اصفهان,13.3,863,0.703,0.419,
channel,Mehr News,all,44,حرم,13.3,625,0.509,0.275,
channel,Mehr News,all,45,پیکر,13.3,815,0.664,0.389,
channel,Mehr News,all,46,ورزش,13.2,386,0.315,0.141,
channel,Mehr News,all,47,بخوانیم,13.2,107,0.087,0.013,
channel,Mehr News,all,48,کارگردان,13.2,260,0.212,0.078,
channel,Mehr News,all,49,شنیده,13.1,984,0.802,0.498,
channel,Mehr News,all,50,محمد قمی,13.1,88,0.072,0.005,
channel,Mehr News,all,51,شهدا,13.1,712,0.58,0.33,
channel,Mehr News,all,52,جانفدایان,12.8,116,0.095,0.018,
channel,Mehr News,all,53,مصدوم,12.7,338,0.275,0.121,
channel,Mehr News,all,54,رضوی,12.7,264,0.215,0.083,
channel,Mehr News,all,55,حرم مطهر امام رضا,12.6,131,0.107,0.024,
channel,Mehr News,all,56,مردمی,12.6,1027,0.837,0.535,
channel,Mehr News,all,57,ایکس,12.3,260,0.212,0.084,
channel,Mehr News,all,58,بهمن,12.3,770,0.628,0.378,
channel,Mehr News,all,59,روایت,12.2,1162,0.947,0.631,
channel,Mehr News,all,60,دعای فرج,12.0,107,0.087,0.001,
channel,Mehr News,all,61,شیراز,12.0,331,0.27,0.124,
channel,Mehr News,all,62,وطن,11.9,633,0.516,0.299,
channel,Mehr News,all,63,خوانی,11.7,102,0.083,0.017,
channel,Mehr News,all,64,رهبر,11.7,2142,1.746,1.317,
channel,Mehr News,all,65,صهیونیستی,11.6,1524,1.242,0.889,
channel,Mehr News,all,66,دختران,11.5,326,0.266,0.125,
channel,Mehr News,all,67,مسکونی,11.5,630,0.513,0.304,
channel,Mehr News,all,68,بندرعباس,11.4,501,0.408,0.227,
channel,Mehr News,all,69,زخم جنگ,11.3,121,0.099,0.001,
channel,Mehr News,all,70,پرچم,11.3,735,0.599,0.373,
channel,Mehr News,all,71,انقلاب اسلامی,11.2,1064,0.867,0.588,
channel,Mehr News,all,72,شهید,11.2,4723,3.85,3.217,
channel,Mehr News,all,73,تشییع پیکر,11.1,310,0.253,0.12,
channel,Mehr News,all,74,کرمانشاه,11.1,388,0.316,0.164,
channel,Mehr News,all,75,صداها,11.0,102,0.083,0.019,
channel,Mehr News,all,76,شبکه,11.0,2339,1.906,1.479,
channel,Mehr News,all,77,میدان ولیعصر,11.0,133,0.108,0.032,
channel,Mehr News,all,78,تبریز,10.9,378,0.308,0.16,
channel,Mehr News,all,79,مخبر,10.9,154,0.126,0.042,
channel,Mehr News,all,80,مهدی,10.9,535,0.436,0.254,
channel,Mehr News,all,81,دشمن,10.8,4217,3.437,2.858,
channel,Mehr News,all,82,جنوب لبنان,10.8,1189,0.969,0.68,
channel,Mehr News,all,83,یادداشت‌های,10.8,70,0.057,0.008,
channel,Mehr News,all,84,امام رضایی‌ها,10.7,71,0.058,0.009,
channel,Mehr News,all,85,صبحانه,10.7,66,0.054,0.002,
channel,Mehr News,all,86,تشییع,10.6,1063,0.866,0.6,
channel,Mehr News,all,87,وقوع,10.5,913,0.744,0.502,
channel,Mehr News,all,88,کیفیت هوای تهران,10.4,90,0.073,0.017,
channel,Mehr News,all,89,حرم مطهر,10.4,263,0.214,0.1,
channel,Mehr News,all,90,حادثه,10.3,1171,0.954,0.681,
channel,Mehr News,all,91,مدافعان,10.2,206,0.168,0.071,
channel,Mehr News,all,92,هرمزگان,10.1,599,0.488,0.305,
channel,Mehr News,all,93,مهمونی,10.1,52,0.042,0.003,
channel,Mehr News,all,94,خون,10.0,773,0.63,0.418,
channel,Mehr News,all,95,کربلا,10.0,440,0.359,0.207,
channel,Mehr News,all,96,خانواده,9.9,1051,0.857,0.608,
channel,Mehr News,all,97,استودیو,9.9,51,0.042,0.004,
channel,Mehr News,all,98,تایمز,9.8,215,0.175,0.079,
channel,Mehr News,all,99,یاسوج,9.8,86,0.07,0.017,
channel,Mehr News,all,100,محمد,9.7,983,0.801,0.565,
channel,Mehr News,all,101,سیمرغ,9.7,80,0.065,0.015,
channel,Mehr News,all,102,حوالی,9.7,341,0.278,0.151,
channel,Mehr News,all,103,یوتیوب,9.6,116,0.095,0.031,
channel,Mehr News,all,104,کاروان,9.5,286,0.233,0.121,
channel,Mehr News,all,105,پناهیان,9.5,58,0.047,0.007,
channel,Mehr News,all,106,مناسبت,9.5,637,0.519,0.338,
channel,Mehr News,all,107,صهیونی,9.5,1157,0.943,0.689,
channel,Mehr News,all,108,صبح,9.4,701,0.571,0.382,
channel,Mehr News,all,109,ورامین,9.4,100,0.082,0.025,
channel,Mehr News,all,110,جان‌فدای ایران,9.3,59,0.048,0.008,
channel,Mehr News,all,111,قمی,9.3,85,0.069,0.019,
channel,Mehr News,all,112,طوبی,9.3,45,0.037,0.003,
channel,Mehr News,all,113,بازیگر,9.3,298,0.243,0.13,
channel,Mehr News,all,114,میلاد,9.2,217,0.177,0.085,
channel,Mehr News,all,115,حضور پرشور مردم,9.1,151,0.123,0.05,
channel,Mehr News,all,116,سمیرا,9.1,48,0.039,0.001,
channel,Mehr News,all,117,شنبه,9.1,717,0.584,0.398,
channel,Mehr News,all,118,نذر,9.1,66,0.054,0.012,
channel,Mehr News,all,119,صدای,9.1,836,0.681,0.479,
channel,Mehr News,all,120,حوض,9.1,56,0.046,0.008,
channel,Mehr News,all,121,سلام,9.0,310,0.253,0.139,
channel,Mehr News,all,122,کنترل‌شده,9.0,170,0.139,0.06,
channel,Mehr News,all,123,البلاء,9.0,101,0.082,0.0,
channel,Mehr News,all,124,مهدویان,9.0,72,0.059,0.015,
channel,Mehr News,all,125,برگزار,8.9,1918,1.563,1.246,
channel,Mehr News,all,126,اربعین,8.9,909,0.741,0.531,
channel,Mehr News,all,127,بجنورد,8.9,128,0.104,0.04,
channel,Mehr News,all,128,انتقام,8.8,448,0.365,0.227,
channel,Mehr News,all,129,مدرسه میناب,8.8,277,0.226,0.122,
channel,Mehr News,all,130,موکب,8.8,159,0.13,0.056,
channel,Mehr News,all,131,عید,8.7,220,0.179,0.09,
channel,Mehr News,all,132,آقا,8.7,363,0.296,0.175,
channel,Mehr News,all,133,روزنامه,8.7,971,0.791,0.579,
channel,Mehr News,all,134,آوار,8.6,212,0.173,0.086,
channel,Mehr News,all,135,رواق کشوردوست,8.6,52,0.042,0.008,
channel,Mehr News,all,136,بیعت,8.6,448,0.365,0.23,
channel,Mehr News,all,137,زخمی,8.6,799,0.651,0.463,
channel,Mehr News,all,138,کیلومتری غدیر,8.6,62,0.051,0.012,
channel,Mehr News,all,139,سنندج,8.6,92,0.075,0.024,
channel,Mehr News,all,140,ایم,8.6,178,0.145,0.068,
channel,Mehr News,all,141,حرم مطهر رضوی,8.6,218,0.178,0.09,
channel,Mehr News,all,142,شهدای خانواده امام شهید,8.6,52,0.042,0.008,
channel,Mehr News,all,143,کاشان,8.6,110,0.09,0.033,
channel,Mehr News,all,144,مراسم تشییع,8.5,566,0.461,0.307,
channel,Mehr News,all,145,لحظات,8.5,205,0.167,0.083,
channel,Mehr News,all,146,ایرانم,8.5,77,0.063,0.018,
channel,Mehr News,all,147,فولاد مبارکه,8.5,113,0.092,0.034,
channel,Mehr News,all,148,رسانه,8.5,918,0.748,0.545,
channel,Mehr News,all,149,دختر,8.5,331,0.27,0.158,
channel,Mehr News,all,150,بلوار,8.5,121,0.099,0.039,
channel,Mehr News,all,151,آئین,8.5,107,0.087,0.032,
channel,Mehr News,all,152,شینهوا,8.5,52,0.042,0.008,
channel,Mehr News,all,153,پرچم‌های سرخ,8.4,57,0.046,0.01,
channel,Mehr News,all,154,ریشتری,8.4,150,0.122,0.054,
channel,Mehr News,all,155,پرچم‌های,8.4,113,0.092,0.035,
channel,Mehr News,all,156,سادات,8.4,82,0.067,0.021,
channel,Mehr News,all,157,جان فدا,8.4,59,0.048,0.011,
channel,Mehr News,all,158,حزب الله لبنان,8.4,226,0.184,0.096,
channel,Mehr News,all,159,دستگیری,8.4,475,0.387,0.25,
channel,Mehr News,all,160,ساعت,8.4,2480,2.021,1.678,
channel,Mehr News,all,161,مراسم تشییع پیکر مطهر,8.4,132,0.108,0.045,
channel,Mehr News,all,162,چهارراه,8.3,119,0.097,0.038,
channel,Mehr News,all,163,دانش آموز,8.3,163,0.133,0.061,
channel,Mehr News,all,164,صدای انفجارهایی,8.3,76,0.062,0.018,
channel,Mehr News,all,165,جهادی,8.3,185,0.151,0.073,
channel,Mehr News,all,166,قرائت,8.3,173,0.141,0.067,
channel,Mehr News,all,167,لرزاند,8.3,209,0.17,0.087,
channel,Mehr News,all,168,امریکا,8.3,459,0.374,0.241,
channel,Mehr News,all,169,سرود,8.3,118,0.096,0.038,
channel,Mehr News,all,170,مهمان,8.3,133,0.108,0.046,
channel,Mehr News,all,171,سخنگوی,8.3,1317,1.073,0.833,
channel,Mehr News,all,172,انتظامی,8.2,580,0.473,0.321,
channel,Mehr News,all,173,باغ,8.2,130,0.106,0.044,
channel,Mehr News,all,174,دیوارنگاره,8.2,65,0.053,0.014,
channel,Mehr News,all,175,انفجار,8.2,1075,0.876,0.663,
channel,Mehr News,all,176,سرزمین فرشته‌ها,8.2,76,0.062,0.019,
channel,Mehr News,all,177,نجف,8.1,277,0.226,0.128,
channel,Mehr News,all,178,انگار,8.1,120,0.098,0.04,
channel,Mehr News,all,179,مدال طلا,8.1,98,0.08,0.029,
channel,Mehr News,all,180,اهتزاز,8.1,72,0.059,0.018,
channel,Mehr News,all,181,تیم ملی فوتبال ایران,8.0,225,0.183,0.098,
channel,Mehr News,all,182,نبطیه,8.0,112,0.091,0.036,
channel,Mehr News,all,183,لحظه,8.0,806,0.657,0.479,
channel,Mehr News,all,184,فدای,8.0,133,0.108,0.047,
channel,Mehr News,all,185,مصلی,7.9,268,0.218,0.125,
channel,Mehr News,all,186,مان,7.9,71,0.058,0.018,
channel,Mehr News,all,187,رهبرمان,7.9,45,0.037,0.007,
channel,Mehr News,all,188,ریشتر,7.9,135,0.11,0.049,
channel,Mehr News,all,189,آیه,7.9,123,0.1,0.043,
channel,Mehr News,all,190,واژگونی,7.8,86,0.07,0.025,
channel,Mehr News,all,191,دی‌ماه,7.8,314,0.256,0.154,
channel,Mehr News,all,192,رمضان,7.8,262,0.214,0.123,
channel,Mehr News,all,193,شبانه,7.8,355,0.289,0.181,
channel,Mehr News,all,194,سایت,7.8,341,0.278,0.172,
channel,Mehr News,all,195,فرماندار,7.7,273,0.223,0.13,
channel,Mehr News,all,196,رژیم صهیونیستی,7.7,3911,3.188,2.782,
channel,Mehr News,all,197,فرمایید,7.7,63,0.051,0.015,
channel,Mehr News,all,198,حسینی,7.7,530,0.432,0.296,
channel,Mehr News,all,199,چهارشنبه,7.7,567,0.462,0.322,
channel,Mehr News,all,200,قرآن کریم,7.6,126,0.103,0.046,
channel,Tasnim News,all,1,برخاست,48.2,2078,1.411,0.312,
channel,Tasnim News,all,2,بدرقه,47.1,2484,1.686,0.471,
channel,Tasnim News,all,3,شهید,46.4,7853,5.332,2.854,
channel,Tasnim News,all,4,شهرک,28.4,1312,0.891,0.327,
channel,Tasnim News,all,5,امام,26.8,3082,2.092,1.18,
channel,Tasnim News,all,6,خیابان,25.7,1713,1.163,0.544,
channel,Tasnim News,all,7,فوتبال,24.2,1375,0.934,0.417,
channel,Tasnim News,all,8,حماسه,24.1,812,0.551,0.183,
channel,Tasnim News,all,9,حزب‌الله,22.4,2477,1.682,0.988,
channel,Tasnim News,all,10,جنوب لبنان,21.8,1723,1.17,0.624,
channel,Tasnim News,all,11,نظامیان,21.4,1220,0.828,0.392,
channel,Tasnim News,all,12,شمال فلسطین اشغالی,19.3,455,0.309,0.092,
channel,Tasnim News,all,13,رئیس دولت تروریستی آمریکا,18.9,238,0.162,0.006,
channel,Tasnim News,all,14,یورش,18.9,380,0.258,0.068,
channel,Tasnim News,all,15,خامنه‌ای,17.1,1460,0.991,0.584,
channel,Tasnim News,all,16,صهیونی,16.8,1576,1.07,0.651,
channel,Tasnim News,all,17,عبری,16.7,436,0.296,0.106,
channel,Tasnim News,all,18,شهادت,15.8,2816,1.912,1.357,
channel,Tasnim News,all,19,آژیر,15.6,505,0.343,0.145,
channel,Tasnim News,all,20,صهیونیست,15.4,767,0.521,0.266,
channel,Tasnim News,all,21,رژیم صهیونیستی,15.4,5094,3.458,2.705,
channel,Tasnim News,all,22,قم,15.2,934,0.634,0.351,
channel,Tasnim News,all,23,امت,15.2,679,0.461,0.228,
channel,Tasnim News,all,24,ارتش,14.8,3931,2.669,2.04,
channel,Tasnim News,all,25,روزنامه‌ها,14.8,132,0.09,0.006,
channel,Tasnim News,all,26,اغتشاشات,14.7,577,0.392,0.185,
channel,Tasnim News,all,27,فرهیختگان,14.5,159,0.108,0.019,
channel,Tasnim News,all,28,تروریستی,14.4,1392,0.945,0.602,
channel,Tasnim News,all,29,شهید رئیسی,14.4,243,0.165,0.048,
channel,Tasnim News,all,30,رهبر معظم انقلاب,14.2,749,0.509,0.273,
channel,Tasnim News,all,31,السلام علیک,13.9,117,0.079,0.006,
channel,Tasnim News,all,32,یمن,13.8,1124,0.763,0.471,
channel,Tasnim News,all,33,تشییع,13.5,1322,0.898,0.583,
channel,Tasnim News,all,34,فلسطینی,13.4,623,0.423,0.222,
channel,Tasnim News,all,35,شهید سلامی,13.3,122,0.083,0.012,
channel,Tasnim News,all,36,حمله پهپادی,13.2,572,0.388,0.2,
channel,Tasnim News,all,37,آقا,13.1,491,0.333,0.162,
channel,Tasnim News,all,38,منابع خبری,12.9,633,0.43,0.233,
channel,Tasnim News,all,39,آژیرهای هشدار,12.8,307,0.208,0.083,
channel,Tasnim News,all,40,رسانه‌های عبری,12.7,202,0.137,0.042,
channel,Tasnim News,all,41,حمله موشکی,12.5,678,0.46,0.26,
channel,Tasnim News,all,42,آپارات,12.5,109,0.074,0.011,
channel,Tasnim News,all,43,حشد شعبی,12.2,105,0.071,0.011,
channel,Tasnim News,all,44,شهر,12.2,2822,1.916,1.476,
channel,Tasnim News,all,45,مقاومت,12.1,2320,1.575,1.18,
channel,Tasnim News,all,46,دستگیر,12.0,705,0.479,0.28,
channel,Tasnim News,all,47,گروه,11.9,1085,0.737,0.483,
channel,Tasnim News,all,48,پهلوی,11.9,319,0.217,0.095,
channel,Tasnim News,all,49,شهید امت,11.7,169,0.115,0.034,
channel,Tasnim News,all,50,پیکر مطهر امام شهید,11.7,104,0.071,0.012,
channel,Tasnim News,all,51,ماهواره,11.7,174,0.118,0.037,
channel,Tasnim News,all,52,رزمندگان,11.7,880,0.597,0.377,
channel,Tasnim News,all,53,خان‌یونس,11.7,97,0.066,0.01,
channel,Tasnim News,all,54,اغتشاشگران,11.7,333,0.226,0.103,
channel,Tasnim News,all,55,صنعا,11.6,227,0.154,0.058,
channel,Tasnim News,all,56,پهپاد,11.5,1096,0.744,0.497,
channel,Tasnim News,all,57,باشکوه,11.5,454,0.308,0.161,
channel,Tasnim News,all,58,بیعت,11.4,570,0.387,0.219,
channel,Tasnim News,all,59,حزب الله لبنان,11.4,296,0.201,0.089,
channel,Tasnim News,all,60,مصلی,11.3,355,0.241,0.116,
channel,Tasnim News,all,61,زائران,11.1,1135,0.771,0.526,
channel,Tasnim News,all,62,قیام,11.0,270,0.183,0.08,
channel,Tasnim News,all,63,جنگنده‌های,11.0,533,0.362,0.206,
channel,Tasnim News,all,64,صهیونیست‌ها,10.9,682,0.463,0.283,
channel,Tasnim News,all,65,نائینی,10.9,153,0.104,0.032,
channel,Tasnim News,all,66,حمله پهپادی رژیم صهیونیستی,10.9,114,0.077,0.018,
channel,Tasnim News,all,67,یوتیوب,10.9,141,0.096,0.028,
channel,Tasnim News,all,68,شناسایی,10.9,1219,0.828,0.578,
channel,Tasnim News,all,69,مقدم‌فر,10.7,82,0.056,0.002,
channel,Tasnim News,all,70,تروریست,10.6,467,0.317,0.177,
channel,Tasnim News,all,71,زخمی,10.6,983,0.667,0.452,
channel,Tasnim News,all,72,المرتضی,10.5,111,0.075,0.001,
channel,Tasnim News,all,73,اشغالگر,10.5,345,0.234,0.118,
channel,Tasnim News,all,74,انتقام,10.5,549,0.373,0.22,
channel,Tasnim News,all,75,فلسطین اشغالی,10.4,393,0.267,0.142,
channel,Tasnim News,all,76,اشغالی,10.4,420,0.285,0.156,
channel,Tasnim News,all,77,عبداللهی,10.4,88,0.06,0.012,
channel,Tasnim News,all,78,ساعت,10.3,3023,2.052,1.658,
channel,Tasnim News,all,79,نابلس,10.3,106,0.072,0.018,
channel,Tasnim News,all,80,موج,10.2,1274,0.865,0.622,
channel,Tasnim News,all,81,یمنی,10.0,199,0.135,0.056,
channel,Tasnim News,all,82,زرهی,9.9,128,0.087,0.028,
channel,Tasnim News,all,83,جولانی,9.8,112,0.076,0.022,
channel,Tasnim News,all,84,کریات شمونه,9.8,144,0.098,0.034,
channel,Tasnim News,all,85,کمان,9.8,65,0.044,0.006,
channel,Tasnim News,all,86,سلیمانی,9.8,358,0.243,0.131,
channel,Tasnim News,all,87,الخلیل,9.7,84,0.057,0.012,
channel,Tasnim News,all,88,حرم حضرت معصومه,9.7,141,0.096,0.033,
channel,Tasnim News,all,89,رضوان‌الله‌علیه,9.7,107,0.073,0.021,
channel,Tasnim News,all,90,تجمع,9.7,945,0.642,0.446,
channel,Tasnim News,all,91,حاکیست,9.7,58,0.039,0.004,
channel,Tasnim News,all,92,عملیات,9.7,2949,2.002,1.637,
channel,Tasnim News,all,93,آمریکایی‌ها,9.6,1055,0.716,0.51,
channel,Tasnim News,all,94,پلیس,9.6,1135,0.771,0.556,
channel,Tasnim News,all,95,نوحه‌خوانی,9.6,88,0.06,0.014,
channel,Tasnim News,all,96,اینترنشنال,9.6,256,0.174,0.084,
channel,Tasnim News,all,97,الجلیل,9.5,152,0.103,0.039,
channel,Tasnim News,all,98,هدف قرار,9.4,2039,1.384,1.093,
channel,Tasnim News,all,99,صهیونیستی,9.3,1706,1.158,0.895,
channel,Tasnim News,all,100,واقع,9.3,874,0.593,0.413,
channel,Tasnim News,all,101,منابع محلی,9.2,228,0.155,0.073,
channel,Tasnim News,all,102,ساکنان,9.2,416,0.282,0.166,
channel,Tasnim News,all,103,اسرائیل,9.1,5712,3.878,3.387,
channel,Tasnim News,all,104,اسرائیلی,9.1,1219,0.828,0.614,
channel,Tasnim News,all,105,حمله توپخانه‌ای,9.1,94,0.064,0.018,
channel,Tasnim News,all,106,باشگاه,9.1,533,0.362,0.229,
channel,Tasnim News,all,107,سلامی,9.0,110,0.075,0.024,
channel,Tasnim News,all,108,مداحی,9.0,136,0.092,0.035,
channel,Tasnim News,all,109,موشک,9.0,1563,1.061,0.819,
channel,Tasnim News,all,110,حملات توپخانه‌ای,8.9,102,0.069,0.022,
channel,Tasnim News,all,111,لبنان,8.8,3433,2.331,1.966,
channel,Tasnim News,all,112,طهرانی,8.8,70,0.048,0.011,
channel,Tasnim News,all,113,مردم,8.8,9502,6.451,5.833,
channel,Tasnim News,all,114,علی ابن موسی الرضآ,8.8,109,0.074,0.0,
channel,Tasnim News,all,115,نمی‌گوید,8.8,61,0.041,0.008,
channel,Tasnim News,all,116,پیکر مطهر قائد شهید,8.7,57,0.039,0.007,
channel,Tasnim News,all,117,فراق,8.6,121,0.082,0.03,
channel,Tasnim News,all,118,مزدوران,8.6,285,0.193,0.105,
channel,Tasnim News,all,119,حمله هوایی رژیم صهیونیستی,8.6,145,0.098,0.04,
channel,Tasnim News,all,120,نبرد,8.6,768,0.521,0.365,
channel,Tasnim News,all,121,بذرپاش,8.6,72,0.049,0.012,
channel,Tasnim News,all,122,جنین,8.5,99,0.067,0.022,
channel,Tasnim News,all,123,آیت‌الله سید مجتبی خامنه‌ای,8.5,199,0.135,0.065,
channel,Tasnim News,all,124,رضا پهلوی,8.4,185,0.126,0.059,
channel,Tasnim News,all,125,هلاکت,8.4,263,0.179,0.096,
channel,Tasnim News,all,126,هزار واحدی شاخص بورس,8.4,65,0.044,0.01,
channel,Tasnim News,all,127,تروریست‌های,8.4,312,0.212,0.12,
channel,Tasnim News,all,128,رژیم اشغالگر,8.4,263,0.179,0.096,
channel,Tasnim News,all,129,قرارداد,8.4,341,0.232,0.135,
channel,Tasnim News,all,130,تیراندازی,8.4,486,0.33,0.211,
channel,Tasnim News,all,131,آتش‌سوزی,8.4,771,0.523,0.369,
channel,Tasnim News,all,132,مقدس,8.4,566,0.384,0.255,
channel,Tasnim News,all,133,براثر,8.3,102,0.069,0.024,
channel,Tasnim News,all,134,عناصر,8.3,505,0.343,0.223,
channel,Tasnim News,all,135,ولایت,8.3,356,0.242,0.144,
channel,Tasnim News,all,136,تصاویر حماسه مردم,8.3,335,0.227,0.0,
channel,Tasnim News,all,137,خودرو,8.2,709,0.481,0.337,
channel,Tasnim News,all,138,تخلیه,8.2,491,0.333,0.216,
channel,Tasnim News,all,139,فرمانده,8.2,1423,0.966,0.754,
channel,Tasnim News,all,140,شهید حاج قاسم سلیمانی,8.2,99,0.067,0.023,
channel,Tasnim News,all,141,دستگیری,8.1,548,0.372,0.248,
channel,Tasnim News,all,142,نیروهای مسلح,8.1,1721,1.168,0.935,
channel,Tasnim News,all,143,صهیونیست نشین,8.1,66,0.045,0.011,
channel,Tasnim News,all,144,حومه,8.1,246,0.167,0.09,
channel,Tasnim News,all,145,خلاصه,8.1,124,0.084,0.034,
channel,Tasnim News,all,146,مسلح,8.1,510,0.346,0.228,
channel,Tasnim News,all,147,خونخواهی,8.1,331,0.225,0.133,
channel,Tasnim News,all,148,مجیدی,8.0,74,0.05,0.014,
channel,Tasnim News,all,149,پدافندی,8.0,291,0.198,0.113,
channel,Tasnim News,all,150,اسرائیلی‌ها,8.0,204,0.139,0.071,
channel,Tasnim News,all,151,اطراف,8.0,713,0.484,0.343,
channel,Tasnim News,all,152,سرزمین‌های اشغالی,7.9,837,0.568,0.415,
channel,Tasnim News,all,153,اشک,7.9,187,0.127,0.063,
channel,Tasnim News,all,154,دویست,7.9,48,0.033,0.006,
channel,Tasnim News,all,155,وقت,7.9,571,0.388,0.265,
channel,Tasnim News,all,156,مزار,7.8,192,0.13,0.066,
channel,Tasnim News,all,157,سپاه,7.8,1168,0.793,0.61,
channel,Tasnim News,all,158,بازداشت,7.8,867,0.589,0.434,
channel,Tasnim News,all,159,رام,7.8,72,0.049,0.014,
channel,Tasnim News,all,160,تانک مرکاوای,7.8,65,0.044,0.012,
channel,Tasnim News,all,161,شهرک‌نشینان صهیونیست,7.7,88,0.06,0.021,
channel,Tasnim News,all,162,جبهه مقاومت,7.7,279,0.189,0.109,
channel,Tasnim News,all,163,قائد شهید امت,7.7,170,0.115,0.056,
channel,Tasnim News,all,164,شهید پاکپور,7.7,61,0.041,0.011,
channel,Tasnim News,all,165,ورزشگاه,7.7,321,0.218,0.131,
channel,Tasnim News,all,166,رئیس‌دولت,7.7,38,0.026,0.003,
channel,Tasnim News,all,167,شهدای,7.7,1393,0.946,0.748,
channel,Tasnim News,all,168,موشکباران,7.7,122,0.083,0.035,
channel,Tasnim News,all,169,ماموران,7.6,382,0.259,0.164,
channel,Tasnim News,all,170,وداع,7.6,627,0.426,0.3,
channel,Tasnim News,all,171,بغداد,7.6,435,0.295,0.193,
channel,Tasnim News,all,172,اردوگاه,7.6,198,0.134,0.07,
channel,Tasnim News,all,173,سایبری,7.5,335,0.227,0.14,
channel,Tasnim News,all,174,جبهه,7.5,556,0.377,0.261,
channel,Tasnim News,all,175,شهیدان,7.5,381,0.259,0.165,
channel,Tasnim News,all,176,فدراسیون فوتبال,7.5,307,0.208,0.126,
channel,Tasnim News,all,177,موساد,7.5,403,0.274,0.177,
channel,Tasnim News,all,178,سلام,7.5,335,0.227,0.141,
channel,Tasnim News,all,179,نعیم‌قاسم,7.5,35,0.024,0.002,
channel,Tasnim News,all,180,سپهبد شهید,7.5,121,0.082,0.035,
channel,Tasnim News,all,181,فریاد,7.5,346,0.235,0.147,
channel,Tasnim News,all,182,معاند,7.4,192,0.13,0.069,
channel,Tasnim News,all,183,مردم عزادار,7.4,131,0.089,0.04,
channel,Tasnim News,all,184,انقلابی,7.4,393,0.267,0.173,
channel,Tasnim News,all,185,فرماندهی,7.3,759,0.515,0.379,
channel,Tasnim News,all,186,ای,7.3,389,0.264,0.171,
channel,Tasnim News,all,187,سعودی,7.3,373,0.253,0.163,
channel,Tasnim News,all,188,هیئت رئیسه,7.3,80,0.054,0.019,
channel,Tasnim News,all,189,رام‌الله,7.3,55,0.037,0.01,
channel,Tasnim News,all,190,کیان,7.3,117,0.079,0.034,
channel,Tasnim News,all,191,حرم مطهر رضوی,7.3,235,0.16,0.091,
channel,Tasnim News,all,192,پیام‌رسان,7.3,87,0.059,0.022,
channel,Tasnim News,all,193,سلاح,7.2,647,0.439,0.317,
channel,Tasnim News,all,194,کشته‌سازی,7.2,90,0.061,0.023,
channel,Tasnim News,all,195,عزیز,7.2,1036,0.703,0.545,
channel,Tasnim News,all,196,آتش,7.2,1079,0.733,0.571,
channel,Tasnim News,all,197,موشکی,7.2,1280,0.869,0.692,
channel,Tasnim News,all,198,شهرک نشینان,7.2,58,0.039,0.011,
channel,Tasnim News,all,199,انتقامی,7.2,49,0.033,0.008,
channel,Tasnim News,all,200,تفسیر جنگ,7.2,611,0.415,0.0,
channel,Fars News,all,1,بانک,25.0,771,0.925,0.326,
channel,Fars News,all,2,قوه‌قضائیه,24.4,223,0.268,0.014,
channel,Fars News,all,3,اراضی اشغالی,22.9,427,0.513,0.135,
channel,Fars News,all,4,اصابت,22.7,1336,1.604,0.801,
channel,Fars News,all,5,شنیده‌شدن,22.4,205,0.246,0.024,
channel,Fars News,all,6,دشمن,19.5,3375,4.051,2.818,
channel,Fars News,all,7,مس,18.7,209,0.251,0.048,
channel,Fars News,all,8,بانک رفاه کارگران,18.5,178,0.214,0.003,
channel,Fars News,all,9,پایگاه,18.0,1335,1.602,0.931,
channel,Fars News,all,10,سپاه پاسداران,17.8,450,0.54,0.205,
channel,Fars News,all,11,آژیرهای,17.5,239,0.287,0.072,
channel,Fars News,all,12,موشک,17.2,1163,1.396,0.802,
channel,Fars News,all,13,موشک‌های,17.1,942,1.131,0.61,
channel,Fars News,all,14,شورای‌عالی,16.9,167,0.2,0.037,
channel,Fars News,all,15,تنگه هرمز,16.8,3002,3.603,2.585,
channel,Fars News,all,16,پهپاد,16.3,788,0.946,0.495,
channel,Fars News,all,17,سپاه,16.2,899,1.079,0.593,
channel,Fars News,all,18,شب,15.8,1339,1.607,1.001,
channel,Fars News,all,19,به‌گفته,15.8,98,0.118,0.01,
channel,Fars News,all,20,نفت,15.8,1632,1.959,1.28,
channel,Fars News,all,21,حزب‌الله,15.8,1391,1.67,1.052,
channel,Fars News,all,22,هشدارهای,15.6,193,0.232,0.059,
channel,Fars News,all,23,آمریکایی,15.4,3579,4.296,3.253,
channel,Fars News,all,24,کاربران,15.4,309,0.371,0.135,
channel,Fars News,all,25,کویت,15.3,781,0.937,0.512,
channel,Fars News,all,26,امارات,15.2,845,1.014,0.569,
channel,Fars News,all,27,منبع آگاه,15.1,214,0.257,0.075,
channel,Fars News,all,28,اژه‌ای,14.9,174,0.209,0.053,
channel,Fars News,all,29,ایرانسل,14.8,112,0.134,0.021,
channel,Fars News,all,30,دهقانی,14.6,91,0.109,0.012,
channel,Fars News,all,31,اجتماعات,14.6,148,0.178,0.04,
channel,Fars News,all,32,بحرین,14.2,684,0.821,0.45,
channel,Fars News,all,33,جبهه داخلی اسرائیل,14.1,113,0.136,0.024,
channel,Fars News,all,34,منابع,14.1,1285,1.542,1.005,
channel,Fars News,all,35,شلیک,13.9,764,0.917,0.526,
channel,Fars News,all,36,شنیده‌شدن صدای,13.8,77,0.092,0.008,
channel,Fars News,all,37,پرسپولیس,13.6,444,0.533,0.258,
channel,Fars News,all,38,عربی,13.5,355,0.426,0.19,
channel,Fars News,all,39,دبیر شورای‌عالی امنیت ملی,13.4,81,0.097,0.012,
channel,Fars News,all,40,میدان,13.2,1925,2.311,1.669,
channel,Fars News,all,41,کشتی,12.9,847,1.017,0.625,
channel,Fars News,all,42,ارس,12.9,64,0.077,0.006,
channel,Fars News,all,43,نفتکش,12.9,446,0.535,0.271,
channel,Fars News,all,44,شعار,12.9,445,0.534,0.27,
channel,Fars News,all,45,به‌مناسبت,12.7,150,0.18,0.052,
channel,Fars News,all,46,شرکت,12.7,1374,1.649,1.136,
channel,Fars News,all,47,به‌جای,12.6,161,0.193,0.06,
channel,Fars News,all,48,به‌صدا,12.6,60,0.072,0.004,
channel,Fars News,all,49,وال‌استریت‌ژورنال,12.6,87,0.104,0.018,
channel,Fars News,all,50,ضدانقلاب,12.5,134,0.161,0.044,
channel,Fars News,all,51,به‌تازگی,12.4,72,0.086,0.011,
channel,Fars News,all,52,هوایی,12.4,1273,1.528,1.048,
channel,Fars News,all,53,فعال‌شدن,12.2,66,0.079,0.009,
channel,Fars News,all,54,پالایشگاه,12.1,224,0.269,0.106,
channel,Fars News,all,55,صهیونیست‌ها,12.1,454,0.545,0.29,
channel,Fars News,all,56,هیئت‌رئیسه مجلس,12.0,62,0.074,0.008,
channel,Fars News,all,57,به‌زودی,11.9,216,0.259,0.102,
channel,Fars News,all,58,پهپادی,11.9,575,0.69,0.4,
channel,Fars News,all,59,حرم,11.8,443,0.532,0.285,
channel,Fars News,all,60,صابرین‌نیوز,11.8,54,0.065,0.005,
channel,Fars News,all,61,هدف‌قراردادن,11.7,52,0.062,0.004,
channel,Fars News,all,62,نفتی,11.7,472,0.567,0.313,
channel,Fars News,all,63,پایان معاملات امروز,11.7,93,0.112,0.025,
channel,Fars News,all,64,درحال‌حاضر,11.7,51,0.061,0.003,
channel,Fars News,all,65,هلدینگ,11.7,71,0.085,0.014,
channel,Fars News,all,66,به‌نظر,11.6,79,0.095,0.018,
channel,Fars News,all,67,تجزیه‌طلب,11.6,136,0.163,0.05,
channel,Fars News,all,68,علاوه‌بر,11.6,55,0.066,0.006,
channel,Fars News,all,69,احمدرضا,11.6,62,0.074,0.01,
channel,Fars News,all,70,رئیس‌مجلس,11.6,58,0.07,0.008,
channel,Fars News,all,71,اولین‌بار,11.5,62,0.074,0.01,
channel,Fars News,all,72,حنظله,11.5,145,0.174,0.057,
channel,Fars News,all,73,باهم,11.5,65,0.078,0.011,
channel,Fars News,all,74,محمدمهدی,11.5,109,0.131,0.034,
channel,Fars News,all,75,کوفه,11.5,53,0.064,0.006,
channel,Fars News,all,76,نیویورک‌تایمز,11.4,140,0.168,0.054,
channel,Fars News,all,77,به‌دست,11.2,104,0.125,0.033,
channel,Fars News,all,78,عبور,11.2,1222,1.467,1.036,
channel,Fars News,all,79,موشکی,11.2,867,1.041,0.687,
channel,Fars News,all,80,تصاویر,11.1,688,0.826,0.519,
channel,Fars News,all,81,نیروی دریایی سپاه,11.1,365,0.438,0.23,
channel,Fars News,all,82,انفجار,11.0,834,1.001,0.66,
channel,Fars News,all,83,بسته‌شدن,11.0,70,0.084,0.016,
channel,Fars News,all,84,منهدم,10.9,399,0.479,0.262,
channel,Fars News,all,85,خرم‌آبادی‌ها,10.9,45,0.054,0.004,
channel,Fars News,all,86,خراسان‌رضوی,10.7,43,0.052,0.003,
channel,Fars News,all,87,سربازان,10.6,333,0.4,0.21,
channel,Fars News,all,88,بازهم,10.6,78,0.094,0.021,
channel,Fars News,all,89,رضا پهلوی,10.5,140,0.168,0.06,
channel,Fars News,all,90,پلیس‌راه,10.5,49,0.059,0.007,
channel,Fars News,all,91,اغتشاشات,10.5,325,0.39,0.204,
channel,Fars News,all,92,احتمال شنیدن صدای انفجار,10.5,74,0.089,0.02,
channel,Fars News,all,93,ضدایرانی,10.4,129,0.155,0.053,
channel,Fars News,all,94,انقلاب,10.4,1413,1.696,1.258,
channel,Fars News,all,95,رهبر,10.4,1488,1.786,1.336,
channel,Fars News,all,96,ارتش,10.3,2214,2.657,2.098,
channel,Fars News,all,97,اینترنشنال,10.3,177,0.212,0.088,
channel,Fars News,all,98,پایگاه‌های آمریکا,10.3,238,0.286,0.135,
channel,Fars News,all,99,خاتم‌الانبیا,10.3,58,0.07,0.012,
channel,Fars News,all,100,هدف,10.3,1709,2.051,1.567,
channel,Fars News,all,101,بلندشدن,10.3,40,0.048,0.003,
channel,Fars News,all,102,سایپا,10.2,67,0.08,0.017,
channel,Fars News,all,103,باب‌المندب,10.2,99,0.119,0.035,
channel,Fars News,all,104,دلار,10.2,833,1.0,0.681,
channel,Fars News,all,105,درآمد,10.2,330,0.396,0.213,
channel,Fars News,all,106,جوایز,10.2,61,0.073,0.014,
channel,Fars News,all,107,بعداز,10.2,45,0.054,0.006,
channel,Fars News,all,108,هیئت‌رئیسه,10.1,50,0.06,0.009,
channel,Fars News,all,109,اخبار تکمیلی متعاقبا اعلام,10.1,60,0.072,0.014,
channel,Fars News,all,110,بیمه,10.1,327,0.392,0.211,
channel,Fars News,all,111,رهبر شهید انقلاب,10.0,1078,1.294,0.929,
channel,Fars News,all,112,گرگانی‌ها,10.0,38,0.046,0.003,
channel,Fars News,all,113,چادرملو,10.0,92,0.11,0.032,
channel,Fars News,all,114,انهدام,10.0,424,0.509,0.298,
channel,Fars News,all,115,بانک صادرات ایران,9.9,110,0.132,0.044,
channel,Fars News,all,116,عربستان,9.9,717,0.861,0.576,
channel,Fars News,all,117,بیش‌از,9.8,40,0.048,0.005,
channel,Fars News,all,118,بیعت,9.8,345,0.414,0.231,
channel,Fars News,all,119,شهرکرد,9.8,75,0.09,0.023,
channel,Fars News,all,120,هگزث,9.7,44,0.053,0.007,
channel,Fars News,all,121,دی,9.7,263,0.316,0.163,
channel,Fars News,all,122,دینار,9.6,50,0.06,0.01,
channel,Fars News,all,123,اربیل,9.6,260,0.312,0.16,
channel,Fars News,all,124,حمله,9.6,3416,4.1,3.437,
channel,Fars News,all,125,بروجردی‌ها,9.6,46,0.055,0.001,
channel,Fars News,all,126,حدیث,9.6,56,0.067,0.013,
channel,Fars News,all,127,دستگیر,9.6,414,0.497,0.296,
channel,Fars News,all,128,متا,9.6,54,0.065,0.012,
channel,Fars News,all,129,باتوجه,9.5,72,0.086,0.022,
channel,Fars News,all,130,دیشب,9.5,163,0.196,0.084,
channel,Fars News,all,131,آذربایجان‌شرقی,9.5,55,0.066,0.013,
channel,Fars News,all,132,قوه‌قضاییه,9.5,37,0.044,0.004,
channel,Fars News,all,133,کردستان عراق,9.5,75,0.09,0.024,
channel,Fars News,all,134,به‌علت,9.5,38,0.046,0.005,
channel,Fars News,all,135,به‌نام,9.5,70,0.084,0.021,
channel,Fars News,all,136,بندر,9.4,359,0.431,0.25,
channel,Fars News,all,137,به‌مدت,9.3,39,0.047,0.006,
channel,Fars News,all,138,مداح,9.3,68,0.082,0.021,
channel,Fars News,all,139,حیفا,9.3,262,0.314,0.166,
channel,Fars News,all,140,خط,9.3,384,0.461,0.274,
channel,Fars News,all,141,فایننشال‌تایمز,9.3,53,0.064,0.013,
channel,Fars News,all,142,نوشته,9.2,309,0.371,0.208,
channel,Fars News,all,143,کشف,9.2,491,0.589,0.374,
channel,Fars News,all,144,کرمانی‌ها,9.2,33,0.04,0.003,
channel,Fars News,all,145,ازسوی,9.2,33,0.04,0.003,
channel,Fars News,all,146,سعودی,9.2,258,0.31,0.164,
channel,Fars News,all,147,به‌یاد,9.2,32,0.038,0.003,
channel,Fars News,all,148,قالیباف,9.1,683,0.82,0.561,
channel,Fars News,all,149,پهپادهای,9.1,408,0.49,0.299,
channel,Fars News,all,150,هوافضای سپاه,9.1,123,0.148,0.058,
channel,Fars News,all,151,پرچم,9.1,500,0.6,0.385,
channel,Fars News,all,152,به‌سوی,9.1,68,0.082,0.022,
channel,Fars News,all,153,ایرانی,9.1,1737,2.085,1.65,
channel,Fars News,all,154,محمدحسن,9.0,39,0.047,0.007,
channel,Fars News,all,155,کرمانی,9.0,44,0.053,0.009,
channel,Fars News,all,156,عراقی,9.0,296,0.355,0.2,
channel,Fars News,all,157,گوگل,8.9,65,0.078,0.02,
channel,Fars News,all,158,آتش‌زدن,8.9,65,0.078,0.021,
channel,Fars News,all,159,ماهواره‌ای,8.9,157,0.188,0.085,
channel,Fars News,all,160,اغتشاشگران,8.8,193,0.232,0.114,
channel,Fars News,all,161,نفتکش‌های,8.8,77,0.092,0.028,
channel,Fars News,all,162,تصاویر ماهواره‌ای,8.8,142,0.17,0.074,
channel,Fars News,all,163,احتمال شنیده‌شدن صدای انفجار,8.8,50,0.06,0.013,
channel,Fars News,all,164,دراین‌باره,8.8,31,0.037,0.003,
channel,Fars News,all,165,جرئت,8.7,44,0.053,0.01,
channel,Fars News,all,166,تجمعات,8.7,239,0.287,0.154,
channel,Fars News,all,167,ارسال,8.7,536,0.643,0.427,
channel,Fars News,all,168,حملات,8.7,2427,2.913,2.412,
channel,Fars News,all,169,هزار واحدی,8.7,101,0.121,0.045,
channel,Fars News,all,170,تانک مرکاوا,8.7,63,0.076,0.02,
channel,Fars News,all,171,تهرانی‌ها,8.6,53,0.064,0.015,
channel,Fars News,all,172,غوغای,8.6,38,0.046,0.007,
channel,Fars News,all,173,امام رضا,8.6,246,0.295,0.161,
channel,Fars News,all,174,بااین‌حال,8.6,37,0.044,0.007,
channel,Fars News,all,175,فلسطین اشغالی,8.6,235,0.282,0.151,
channel,Fars News,all,176,قرارگرفتن,8.6,43,0.052,0.01,
channel,Fars News,all,177,هوش مصنوعی,8.6,301,0.361,0.21,
channel,Fars News,all,178,دی‌ماه,8.5,240,0.288,0.156,
channel,Fars News,all,179,سلطنت‌طلبان,8.5,49,0.059,0.013,
channel,Fars News,all,180,خروش مردم,8.5,67,0.08,0.023,
channel,Fars News,all,181,به‌هیچ‌وجه,8.5,50,0.06,0.013,
channel,Fars News,all,182,نیروهای مسلح,8.5,1047,1.257,0.946,
channel,Fars News,all,183,کمالی,8.5,31,0.037,0.004,
channel,Fars News,all,184,باشگاه,8.5,330,0.396,0.237,
channel,Fars News,all,185,درحالی‌ست,8.5,34,0.041,0.006,
channel,Fars News,all,186,لطفا,8.5,82,0.098,0.033,
channel,Fars News,all,187,آن‌جا,8.5,41,0.049,0.009,
channel,Fars News,all,188,زخمی‌شدن,8.5,36,0.043,0.007,
channel,Fars News,all,189,فرمانده,8.4,868,1.042,0.765,
channel,Fars News,all,190,مردم,8.4,5515,6.62,5.869,
channel,Fars News,all,191,انقلابی,8.3,260,0.312,0.176,
channel,Fars News,all,192,خراسان‌شمالی,8.3,49,0.059,0.014,
channel,Fars News,all,193,رصد,8.3,292,0.35,0.205,
channel,Fars News,all,194,داده‌های,8.3,244,0.293,0.163,
channel,Fars News,all,195,قرعه‌کشی,8.3,61,0.073,0.021,
channel,Fars News,all,196,لطیفی,8.2,33,0.04,0.006,
channel,Fars News,all,197,تومان,8.2,337,0.404,0.247,
channel,Fars News,all,198,مشتریان,8.2,141,0.169,0.077,
channel,Fars News,all,199,بنزین,8.2,354,0.425,0.263,
channel,Fars News,all,200,دریافت,8.2,813,0.976,0.715,
channel,Jamaran,all,1,ترامپ,44.6,9989,7.154,4.258,
channel,Jamaran,all,2,اینترنت,39.1,1348,0.965,0.217,
channel,Jamaran,all,3,ایران,36.3,32680,23.406,18.745,
channel,Jamaran,all,4,توافق,33.8,3521,2.522,1.276,
channel,Jamaran,all,5,ایالات متحده,32.7,2460,1.762,0.789,
channel,Jamaran,all,6,مدعی,32.6,1968,1.41,0.567,
channel,Jamaran,all,7,مذاکرات,30.3,3737,2.677,1.492,
channel,Jamaran,all,8,جنگ,29.6,11484,8.225,6.017,
channel,Jamaran,all,9,سید حسن خمینی,27.6,455,0.326,0.033,
channel,Jamaran,all,10,خاتمی,25.7,412,0.295,0.035,
channel,Jamaran,all,11,آمریکا,24.2,16593,11.884,9.636,
channel,Jamaran,all,12,اسرائیل,24.2,6391,4.577,3.243,
channel,Jamaran,all,13,سیاسی,24.1,3203,2.294,1.399,
channel,Jamaran,all,14,ادعای,23.9,1500,1.074,0.511,
channel,Jamaran,all,15,مذاکره,23.8,2103,1.506,0.816,
channel,Jamaran,all,16,رئیس‌جمهور,22.7,5258,3.766,2.632,
channel,Jamaran,all,17,هسته‌ای,22.6,1878,1.345,0.724,
channel,Jamaran,all,18,آکسیوس,22.1,432,0.309,0.07,
channel,Jamaran,all,19,امام خمینی,20.8,1113,0.797,0.375,
channel,Jamaran,all,20,خمینی,20.3,309,0.221,0.04,
channel,Jamaran,all,21,خاورمیانه,19.5,1269,0.909,0.474,
channel,Jamaran,all,22,توافقی,19.1,620,0.444,0.17,
channel,Jamaran,all,23,صداوسیما,18.6,578,0.414,0.157,
channel,Jamaran,all,24,تنگه هرمز,18.1,4768,3.415,2.537,
channel,Jamaran,all,25,سلاح هسته‌ای,17.7,494,0.354,0.13,
channel,Jamaran,all,26,روزنامه,17.4,1323,0.948,0.54,
channel,Jamaran,all,27,واشنگتن,17.3,1910,1.368,0.863,
channel,Jamaran,all,28,درگیری,17.3,1198,0.858,0.476,
channel,Jamaran,all,29,نتانیاهو,16.7,1701,1.218,0.762,
channel,Jamaran,all,30,جامعه,16.6,1676,1.2,0.75,
channel,Jamaran,all,31,ونس,16.3,470,0.337,0.131,
channel,Jamaran,all,32,احتمالا,16.2,554,0.397,0.17,
channel,Jamaran,all,33,ظریف,16.1,207,0.148,0.029,
channel,Jamaran,all,34,غنی‌سازی,15.9,385,0.276,0.099,
channel,Jamaran,all,35,ادعا,15.8,785,0.562,0.286,
channel,Jamaran,all,36,اورانیوم,15.7,300,0.215,0.066,
channel,Jamaran,all,37,پزشکیان,15.1,1806,1.293,0.858,
channel,Jamaran,all,38,ایرانی‌ها,15.0,560,0.401,0.186,
channel,Jamaran,all,39,کیهان,14.9,128,0.092,0.006,
channel,Jamaran,all,40,منبع,14.9,671,0.481,0.242,
channel,Jamaran,all,41,اصلاحات,14.7,312,0.223,0.078,
channel,Jamaran,all,42,دولت,14.5,4838,3.465,2.739,
channel,Jamaran,all,43,حرم مطهر امام خمینی,14.4,123,0.088,0.009,
channel,Jamaran,all,44,بریتانیا,14.2,352,0.252,0.098,
channel,Jamaran,all,45,نظامی,14.2,5337,3.822,3.073,
channel,Jamaran,all,46,لاریجانی,14.1,806,0.577,0.321,
channel,Jamaran,all,47,دستیابی,14.1,788,0.564,0.312,
channel,Jamaran,all,48,مقامات,13.9,1317,0.943,0.605,
channel,Jamaran,all,49,دسترسی,13.8,679,0.486,0.259,
channel,Jamaran,all,50,مخالف,13.6,413,0.296,0.131,
channel,Jamaran,all,51,اصولگرا,13.5,108,0.077,0.008,
channel,Jamaran,all,52,پیشنهاد,13.4,658,0.471,0.254,
channel,Jamaran,all,53,بجنوردی,13.2,102,0.073,0.004,
channel,Jamaran,all,54,خرازی,13.2,312,0.223,0.088,
channel,Jamaran,all,55,پیشین,13.1,647,0.463,0.252,
channel,Jamaran,all,56,نفت,13.1,2406,1.723,1.272,
channel,Jamaran,all,57,استدلال,13.1,151,0.108,0.024,
channel,Jamaran,all,58,یادداشتی,12.9,226,0.162,0.054,
channel,Jamaran,all,59,فیلترینگ,12.8,95,0.068,0.006,
channel,Jamaran,all,60,مرحوم,12.6,254,0.182,0.067,
channel,Jamaran,all,61,چین,12.4,1710,1.225,0.869,
channel,Jamaran,all,62,بعید,12.4,172,0.123,0.035,
channel,Jamaran,all,63,اسرائیلی,12.2,1251,0.896,0.602,
channel,Jamaran,all,64,حسن روحانی,12.2,94,0.067,0.008,
channel,Jamaran,all,65,کاخ سفید,12.2,684,0.49,0.283,
channel,Jamaran,all,66,اوباما,12.2,169,0.121,0.035,
channel,Jamaran,all,67,درگذشت,12.2,408,0.292,0.142,
channel,Jamaran,all,68,گزارش سرویس بین‌الملل,11.9,82,0.059,0.005,
channel,Jamaran,all,69,اعتماد,11.9,834,0.597,0.37,
channel,Jamaran,all,70,اینترنت پرو,11.8,115,0.082,0.017,
channel,Jamaran,all,71,ریانووستی,11.7,118,0.085,0.019,
channel,Jamaran,all,72,سیاست,11.6,762,0.546,0.335,
channel,Jamaran,all,73,تهدید,11.6,1595,1.142,0.82,
channel,Jamaran,all,74,روبیو,11.5,328,0.235,0.109,
channel,Jamaran,all,75,حکومت,11.5,437,0.313,0.163,
channel,Jamaran,all,76,اجتماعی,11.4,1419,1.016,0.718,
channel,Jamaran,all,77,الجزیره,11.4,640,0.458,0.27,
channel,Jamaran,all,78,تندروها,11.4,75,0.054,0.004,
channel,Jamaran,all,79,مرحومه,11.3,84,0.06,0.008,
channel,Jamaran,all,80,زیدآبادی,11.3,97,0.069,0.001,
channel,Jamaran,all,81,اجازه,11.3,985,0.705,0.466,
channel,Jamaran,all,82,مسائل,11.2,982,0.703,0.465,
channel,Jamaran,all,83,اورانیوم غنی‌شده,11.2,141,0.101,0.029,
channel,Jamaran,all,84,بلومبرگ,11.2,288,0.206,0.093,
channel,Jamaran,all,85,ابطحی,11.0,74,0.053,0.002,
channel,Jamaran,all,86,کار,11.0,2473,1.771,1.38,
channel,Jamaran,all,87,ویتکاف,11.0,201,0.144,0.055,
channel,Jamaran,all,88,کاربران,10.9,375,0.269,0.137,
channel,Jamaran,all,89,محدود,10.9,718,0.514,0.32,
channel,Jamaran,all,90,فیلترشکن,10.9,68,0.049,0.003,
channel,Jamaran,all,91,فشار,10.9,1317,0.943,0.67,
channel,Jamaran,all,92,سی‌ان‌ان,10.9,390,0.279,0.145,
channel,Jamaran,all,93,رهبری,10.8,1258,0.901,0.635,
channel,Jamaran,all,94,اقتصاددان,10.8,126,0.09,0.025,
channel,Jamaran,all,95,حزب,10.7,503,0.36,0.205,
channel,Jamaran,all,96,تایید,10.7,947,0.678,0.454,
channel,Jamaran,all,97,مطرح,10.7,1172,0.839,0.587,
channel,Jamaran,all,98,احتمال,10.6,983,0.704,0.477,
channel,Jamaran,all,99,فاکس نیوز,10.6,163,0.117,0.041,
channel,Jamaran,all,100,سابق,10.5,751,0.538,0.345,
channel,Jamaran,all,101,المسلمین سید,10.5,65,0.047,0.002,
channel,Jamaran,all,102,دیپلمات,10.5,237,0.17,0.074,
channel,Jamaran,all,103,شریعتمداری,10.4,75,0.054,0.008,
channel,Jamaran,all,104,بسمه,10.4,66,0.047,0.005,
channel,Jamaran,all,105,همسر,10.4,310,0.222,0.109,
channel,Jamaran,all,106,حمله,10.4,5556,3.979,3.406,
channel,Jamaran,all,107,اجتماعی اکس,10.4,152,0.109,0.001,
channel,Jamaran,all,108,طبقاتی,10.3,69,0.049,0.007,
channel,Jamaran,all,109,اکثریت,10.3,199,0.143,0.057,
channel,Jamaran,all,110,گروسی,10.3,190,0.136,0.054,
channel,Jamaran,all,111,دلار,10.3,1294,0.927,0.669,
channel,Jamaran,all,112,صلح,10.3,1378,0.987,0.72,
channel,Jamaran,all,113,ارشد,10.2,816,0.584,0.387,
channel,Jamaran,all,114,میلیارد دلار,10.2,635,0.455,0.284,
channel,Jamaran,all,115,وضعیت,10.1,2258,1.617,1.271,
channel,Jamaran,all,116,عارف,10.1,402,0.288,0.159,
channel,Jamaran,all,117,عبور,10.1,1867,1.337,1.027,
channel,Jamaran,all,118,کشتی‌ها,10.1,489,0.35,0.206,
channel,Jamaran,all,119,نیویورک‌تایمز,10.0,183,0.131,0.052,
channel,Jamaran,all,120,عمان,9.9,1154,0.827,0.592,
channel,Jamaran,all,121,وال استریت ژورنال,9.9,214,0.153,0.067,
channel,Jamaran,all,122,دیپلماتیک,9.9,952,0.682,0.472,
channel,Jamaran,all,123,تحریم‌ها,9.9,488,0.35,0.207,
channel,Jamaran,all,124,مادورو,9.9,233,0.167,0.076,
channel,Jamaran,all,125,برجام,9.9,184,0.132,0.054,
channel,Jamaran,all,126,فرماندهی مرکزی ایالات متحده,9.8,74,0.053,0.01,
channel,Jamaran,all,127,مخالفت,9.8,436,0.312,0.18,
channel,Jamaran,all,128,تمایل,9.8,198,0.142,0.06,
channel,Jamaran,all,129,اساسی,9.7,627,0.449,0.286,
channel,Jamaran,all,130,مساله,9.7,263,0.188,0.092,
channel,Jamaran,all,131,تصمیم,9.7,1226,0.878,0.64,
channel,Jamaran,all,132,خواهان,9.7,325,0.233,0.123,
channel,Jamaran,all,133,محمدعلی,9.6,121,0.087,0.028,
channel,Jamaran,all,134,حجاب,9.6,102,0.073,0.021,
channel,Jamaran,all,135,داخل,9.6,753,0.539,0.36,
channel,Jamaran,all,136,وال‌استریت ژورنال,9.5,132,0.095,0.033,
channel,Jamaran,all,137,مسئله,9.4,625,0.448,0.289,
channel,Jamaran,all,138,کوشنر,9.4,126,0.09,0.031,
channel,Jamaran,all,139,آمریکایی,9.3,5276,3.779,3.274,
channel,Jamaran,all,140,خلیج فارس,9.3,1366,0.978,0.735,
channel,Jamaran,all,141,فیلتر,9.3,68,0.049,0.01,
channel,Jamaran,all,142,قطع,9.3,613,0.439,0.285,
channel,Jamaran,all,143,روزنامه نگار,9.3,71,0.051,0.011,
channel,Jamaran,all,144,درست,9.3,524,0.375,0.235,
channel,Jamaran,all,145,مسالت,9.2,83,0.059,0.015,
channel,Jamaran,all,146,جمهوری اسلامی,9.2,858,0.615,0.429,
channel,Jamaran,all,147,کنگره,9.2,464,0.332,0.203,
channel,Jamaran,all,148,موضع,9.1,627,0.449,0.295,
channel,Jamaran,all,149,مطهری,9.1,133,0.095,0.035,
channel,Jamaran,all,150,فعلی,9.1,557,0.399,0.255,
channel,Jamaran,all,151,تسلیت,9.1,610,0.437,0.285,
channel,Jamaran,all,152,افکار عمومی,9.1,416,0.298,0.177,
channel,Jamaran,all,153,نصری,9.1,60,0.043,0.007,
channel,Jamaran,all,154,نبویان,9.0,61,0.044,0.008,
channel,Jamaran,all,155,حقوقدان,9.0,81,0.058,0.015,
channel,Jamaran,all,156,دارایی‌های,9.0,339,0.243,0.137,
channel,Jamaran,all,157,تفاهم,9.0,689,0.493,0.333,
channel,Jamaran,all,158,صفری,9.0,60,0.043,0.008,
channel,Jamaran,all,159,مقاله,8.9,99,0.071,0.022,
channel,Jamaran,all,160,بازگشایی,8.9,641,0.459,0.306,
channel,Jamaran,all,161,مذاکره‌کنندگان,8.9,138,0.099,0.038,
channel,Jamaran,all,162,نگران,8.9,379,0.271,0.159,
channel,Jamaran,all,163,قطر,8.8,1082,0.775,0.571,
channel,Jamaran,all,164,امارات متحده عربی,8.8,210,0.15,0.072,
channel,Jamaran,all,165,حوثی‌ها,8.8,61,0.044,0.008,
channel,Jamaran,all,166,رویترز,8.8,445,0.319,0.196,
channel,Jamaran,all,167,می‌خواهند,8.8,283,0.203,0.109,
channel,Jamaran,all,168,اعتراضات,8.7,376,0.269,0.159,
channel,Jamaran,all,169,دیپلماسی,8.7,1310,0.938,0.714,
channel,Jamaran,all,170,ونزوئلا,8.7,782,0.56,0.392,
channel,Jamaran,all,171,بین‌الملل,8.7,600,0.43,0.286,
channel,Jamaran,all,172,برنامه هسته‌ای ایران,8.7,180,0.129,0.059,
channel,Jamaran,all,173,هزینه,8.7,950,0.68,0.494,
channel,Jamaran,all,174,نساءالسادات,8.6,45,0.032,0.001,
channel,Jamaran,all,175,تصمیمات,8.6,281,0.201,0.109,
channel,Jamaran,all,176,تضعیف,8.6,488,0.35,0.222,
channel,Jamaran,all,177,مخالفان,8.6,167,0.12,0.053,
channel,Jamaran,all,178,اختلاف,8.5,432,0.309,0.192,
channel,Jamaran,all,179,احتمالی,8.5,669,0.479,0.328,
channel,Jamaran,all,180,بازماندگان,8.5,150,0.107,0.046,
channel,Jamaran,all,181,روحانیت,8.5,67,0.048,0.012,
channel,Jamaran,all,182,تحلیل,8.4,438,0.314,0.196,
channel,Jamaran,all,183,پاکستان,8.4,1744,1.249,0.995,
channel,Jamaran,all,184,العربیه,8.4,97,0.069,0.023,
channel,Jamaran,all,185,اصلاح‌طلب,8.4,79,0.057,0.016,
channel,Jamaran,all,186,آوریل,8.4,197,0.141,0.069,
channel,Jamaran,all,187,شکل,8.3,838,0.6,0.432,
channel,Jamaran,all,188,مصلحت,8.3,108,0.077,0.028,
channel,Jamaran,all,189,نقد,8.3,233,0.167,0.087,
channel,Jamaran,all,190,مؤسسه,8.3,201,0.144,0.071,
channel,Jamaran,all,191,فرشاد,8.3,54,0.039,0.008,
channel,Jamaran,all,192,روسیه,8.2,2252,1.613,1.327,
channel,Jamaran,all,193,کارزار,8.2,170,0.122,0.057,
channel,Jamaran,all,194,آتش‌بس,8.2,1530,1.096,0.865,
channel,Jamaran,all,195,اجر,8.2,76,0.054,0.016,
channel,Jamaran,all,196,احمدی‌نژاد,8.2,42,0.03,0.004,
channel,Jamaran,all,197,نکرده,8.2,528,0.378,0.251,
channel,Jamaran,all,198,بتواند,8.2,298,0.213,0.122,
channel,Jamaran,all,199,عربستان سعودی,8.2,472,0.338,0.219,
channel,Jamaran,all,200,ظاهرا,8.1,158,0.113,0.051,
